module,java_file,kind,java_name,rust_path
weixin-java-common,me/chanjar/weixin/common/annotation/Required.java,annotation,Required,annotation/required.rs
weixin-java-common,me/chanjar/weixin/common/api/WxConsts.java,class,WxConsts,api/wx_consts.rs
weixin-java-common,me/chanjar/weixin/common/api/WxErrorExceptionHandler.java,interface,WxErrorExceptionHandler,api/wx_error_exception_handler.rs
weixin-java-common,me/chanjar/weixin/common/api/WxMessageDuplicateChecker.java,interface,WxMessageDuplicateChecker,api/wx_message_duplicate_checker.rs
weixin-java-common,me/chanjar/weixin/common/api/WxMessageInMemoryDuplicateChecker.java,class,WxMessageInMemoryDuplicateChecker,api/wx_message_in_memory_duplicate_checker.rs
weixin-java-common,me/chanjar/weixin/common/api/WxMessageInMemoryDuplicateCheckerSingleton.java,class,WxMessageInMemoryDuplicateCheckerSingleton,api/wx_message_in_memory_duplicate_checker_singleton.rs
weixin-java-common,me/chanjar/weixin/common/api/WxMessageInRedisDuplicateChecker.java,class,WxMessageInRedisDuplicateChecker,api/wx_message_in_redis_duplicate_checker.rs
weixin-java-common,me/chanjar/weixin/common/bean/CommonUploadData.java,class,CommonUploadData,bean/common_upload_data.rs
weixin-java-common,me/chanjar/weixin/common/bean/CommonUploadParam.java,class,CommonUploadParam,bean/common_upload_param.rs
weixin-java-common,me/chanjar/weixin/common/bean/ToJson.java,interface,ToJson,bean/to_json.rs
weixin-java-common,me/chanjar/weixin/common/bean/WxAccessToken.java,class,WxAccessToken,bean/wx_access_token.rs
weixin-java-common,me/chanjar/weixin/common/bean/WxAccessTokenEntity.java,class,WxAccessTokenEntity,bean/wx_access_token_entity.rs
weixin-java-common,me/chanjar/weixin/common/bean/WxCardApiSignature.java,class,WxCardApiSignature,bean/wx_card_api_signature.rs
weixin-java-common,me/chanjar/weixin/common/bean/WxJsapiSignature.java,class,WxJsapiSignature,bean/wx_jsapi_signature.rs
weixin-java-common,me/chanjar/weixin/common/bean/WxNetCheckResult.java,class,WxNetCheckResult,bean/wx_net_check_result.rs
weixin-java-common,me/chanjar/weixin/common/bean/WxOAuth2UserInfo.java,class,WxOAuth2UserInfo,bean/wx_o_auth2_user_info.rs
weixin-java-common,me/chanjar/weixin/common/bean/imgproc/WxImgProcAiCropResult.java,class,WxImgProcAiCropResult,bean/imgproc/wx_img_proc_ai_crop_result.rs
weixin-java-common,me/chanjar/weixin/common/bean/imgproc/WxImgProcQrCodeResult.java,class,WxImgProcQrCodeResult,bean/imgproc/wx_img_proc_qr_code_result.rs
weixin-java-common,me/chanjar/weixin/common/bean/imgproc/WxImgProcSuperResolutionResult.java,class,WxImgProcSuperResolutionResult,bean/imgproc/wx_img_proc_super_resolution_result.rs
weixin-java-common,me/chanjar/weixin/common/bean/menu/WxMenu.java,class,WxMenu,bean/menu/wx_menu.rs
weixin-java-common,me/chanjar/weixin/common/bean/menu/WxMenuButton.java,class,WxMenuButton,bean/menu/wx_menu_button.rs
weixin-java-common,me/chanjar/weixin/common/bean/menu/WxMenuRule.java,class,WxMenuRule,bean/menu/wx_menu_rule.rs
weixin-java-common,me/chanjar/weixin/common/bean/oauth2/WxOAuth2AccessToken.java,class,WxOAuth2AccessToken,bean/oauth2/wx_o_auth2_access_token.rs
weixin-java-common,me/chanjar/weixin/common/bean/ocr/WxOcrBankCardResult.java,class,WxOcrBankCardResult,bean/ocr/wx_ocr_bank_card_result.rs
weixin-java-common,me/chanjar/weixin/common/bean/ocr/WxOcrBizLicenseResult.java,class,WxOcrBizLicenseResult,bean/ocr/wx_ocr_biz_license_result.rs
weixin-java-common,me/chanjar/weixin/common/bean/ocr/WxOcrCommResult.java,class,WxOcrCommResult,bean/ocr/wx_ocr_comm_result.rs
weixin-java-common,me/chanjar/weixin/common/bean/ocr/WxOcrDrivingLicenseResult.java,class,WxOcrDrivingLicenseResult,bean/ocr/wx_ocr_driving_license_result.rs
weixin-java-common,me/chanjar/weixin/common/bean/ocr/WxOcrDrivingResult.java,class,WxOcrDrivingResult,bean/ocr/wx_ocr_driving_result.rs
weixin-java-common,me/chanjar/weixin/common/bean/ocr/WxOcrIdCardResult.java,class,WxOcrIdCardResult,bean/ocr/wx_ocr_id_card_result.rs
weixin-java-common,me/chanjar/weixin/common/bean/ocr/WxOcrImgSize.java,class,WxOcrImgSize,bean/ocr/wx_ocr_img_size.rs
weixin-java-common,me/chanjar/weixin/common/bean/ocr/WxOcrPos.java,class,WxOcrPos,bean/ocr/wx_ocr_pos.rs
weixin-java-common,me/chanjar/weixin/common/bean/result/WxMediaUploadResult.java,class,WxMediaUploadResult,bean/result/wx_media_upload_result.rs
weixin-java-common,me/chanjar/weixin/common/bean/result/WxMinishopImageUploadCustomizeResult.java,class,WxMinishopImageUploadCustomizeResult,bean/result/wx_minishop_image_upload_customize_result.rs
weixin-java-common,me/chanjar/weixin/common/bean/result/WxMinishopImageUploadResult.java,class,WxMinishopImageUploadResult,bean/result/wx_minishop_image_upload_result.rs
weixin-java-common,me/chanjar/weixin/common/bean/result/WxMinishopPicFileCustomizeResult.java,class,WxMinishopPicFileCustomizeResult,bean/result/wx_minishop_pic_file_customize_result.rs
weixin-java-common,me/chanjar/weixin/common/bean/result/WxMinishopPicFileResult.java,class,WxMinishopPicFileResult,bean/result/wx_minishop_pic_file_result.rs
weixin-java-common,me/chanjar/weixin/common/bean/subscribemsg/CategoryData.java,class,CategoryData,bean/subscribemsg/category_data.rs
weixin-java-common,me/chanjar/weixin/common/bean/subscribemsg/PubTemplateKeyword.java,class,PubTemplateKeyword,bean/subscribemsg/pub_template_keyword.rs
weixin-java-common,me/chanjar/weixin/common/bean/subscribemsg/PubTemplateTitleListResult.java,class,PubTemplateTitleListResult,bean/subscribemsg/pub_template_title_list_result.rs
weixin-java-common,me/chanjar/weixin/common/bean/subscribemsg/TemplateInfo.java,class,TemplateInfo,bean/subscribemsg/template_info.rs
weixin-java-common,me/chanjar/weixin/common/enums/TicketType.java,enum,TicketType,enums/ticket_type.rs
weixin-java-common,me/chanjar/weixin/common/enums/WxType.java,enum,WxType,enums/wx_type.rs
weixin-java-common,me/chanjar/weixin/common/error/WxChannelErrorMsgEnum.java,enum,WxChannelErrorMsgEnum,error/wx_channel_error_msg_enum.rs
weixin-java-common,me/chanjar/weixin/common/error/WxCpErrorMsgEnum.java,enum,WxCpErrorMsgEnum,error/wx_cp_error_msg_enum.rs
weixin-java-common,me/chanjar/weixin/common/error/WxError.java,class,WxError,error/wx_error.rs
weixin-java-common,me/chanjar/weixin/common/error/WxErrorException.java,class,WxErrorException,error/wx_error_exception.rs
weixin-java-common,me/chanjar/weixin/common/error/WxMaErrorMsgEnum.java,enum,WxMaErrorMsgEnum,error/wx_ma_error_msg_enum.rs
weixin-java-common,me/chanjar/weixin/common/error/WxMpErrorMsgEnum.java,enum,WxMpErrorMsgEnum,error/wx_mp_error_msg_enum.rs
weixin-java-common,me/chanjar/weixin/common/error/WxOpenErrorMsgEnum.java,enum,WxOpenErrorMsgEnum,error/wx_open_error_msg_enum.rs
weixin-java-common,me/chanjar/weixin/common/error/WxRuntimeException.java,class,WxRuntimeException,error/wx_runtime_exception.rs
weixin-java-common,me/chanjar/weixin/common/executor/CommonUploadRequestExecutor.java,class,CommonUploadRequestExecutor,executor/common_upload_request_executor.rs
weixin-java-common,me/chanjar/weixin/common/executor/CommonUploadRequestExecutorApacheImpl.java,class,CommonUploadRequestExecutorApacheImpl,executor/common_upload_request_executor_apache_impl.rs
weixin-java-common,me/chanjar/weixin/common/executor/CommonUploadRequestExecutorHttpComponentsImpl.java,class,CommonUploadRequestExecutorHttpComponentsImpl,executor/common_upload_request_executor_http_components_impl.rs
weixin-java-common,me/chanjar/weixin/common/executor/CommonUploadRequestExecutorJoddHttpImpl.java,class,CommonUploadRequestExecutorJoddHttpImpl,executor/common_upload_request_executor_jodd_http_impl.rs
weixin-java-common,me/chanjar/weixin/common/executor/CommonUploadRequestExecutorOkHttpImpl.java,class,CommonUploadRequestExecutorOkHttpImpl,executor/common_upload_request_executor_ok_http_impl.rs
weixin-java-common,me/chanjar/weixin/common/redis/BaseWxRedisOps.java,class,BaseWxRedisOps,redis/base_wx_redis_ops.rs
weixin-java-common,me/chanjar/weixin/common/redis/JedisWxRedisOps.java,class,JedisWxRedisOps,redis/jedis_wx_redis_ops.rs
weixin-java-common,me/chanjar/weixin/common/redis/RedisTemplateWxRedisOps.java,class,RedisTemplateWxRedisOps,redis/redis_template_wx_redis_ops.rs
weixin-java-common,me/chanjar/weixin/common/redis/RedissonWxRedisOps.java,class,RedissonWxRedisOps,redis/redisson_wx_redis_ops.rs
weixin-java-common,me/chanjar/weixin/common/redis/WxRedisOps.java,interface,WxRedisOps,redis/wx_redis_ops.rs
weixin-java-common,me/chanjar/weixin/common/requestexecuter/ocr/OcrDiscernApacheHttpRequestExecutor.java,class,OcrDiscernApacheHttpRequestExecutor,requestexecuter/ocr/ocr_discern_apache_http_request_executor.rs
weixin-java-common,me/chanjar/weixin/common/requestexecuter/ocr/OcrDiscernHttpComponentsRequestExecutor.java,class,OcrDiscernHttpComponentsRequestExecutor,requestexecuter/ocr/ocr_discern_http_components_request_executor.rs
weixin-java-common,me/chanjar/weixin/common/requestexecuter/ocr/OcrDiscernRequestExecutor.java,class,OcrDiscernRequestExecutor,requestexecuter/ocr/ocr_discern_request_executor.rs
weixin-java-common,me/chanjar/weixin/common/service/WxImgProcService.java,interface,WxImgProcService,service/wx_img_proc_service.rs
weixin-java-common,me/chanjar/weixin/common/service/WxOAuth2Service.java,interface,WxOAuth2Service,service/wx_o_auth2_service.rs
weixin-java-common,me/chanjar/weixin/common/service/WxOAuth2ServiceDecorator.java,class,WxOAuth2ServiceDecorator,service/wx_o_auth2_service_decorator.rs
weixin-java-common,me/chanjar/weixin/common/service/WxOcrService.java,interface,WxOcrService,service/wx_ocr_service.rs
weixin-java-common,me/chanjar/weixin/common/service/WxService.java,interface,WxService,service/wx_service.rs
weixin-java-common,me/chanjar/weixin/common/session/Constants.java,class,Constants,session/constants.rs
weixin-java-common,me/chanjar/weixin/common/session/InternalSession.java,interface,InternalSession,session/internal_session.rs
weixin-java-common,me/chanjar/weixin/common/session/InternalSessionManager.java,interface,InternalSessionManager,session/internal_session_manager.rs
weixin-java-common,me/chanjar/weixin/common/session/StandardSession.java,class,StandardSession,session/standard_session.rs
weixin-java-common,me/chanjar/weixin/common/session/StandardSessionFacade.java,class,StandardSessionFacade,session/standard_session_facade.rs
weixin-java-common,me/chanjar/weixin/common/session/StandardSessionManager.java,class,StandardSessionManager,session/standard_session_manager.rs
weixin-java-common,me/chanjar/weixin/common/session/TooManyActiveSessionsException.java,class,TooManyActiveSessionsException,session/too_many_active_sessions_exception.rs
weixin-java-common,me/chanjar/weixin/common/session/WxSession.java,interface,WxSession,session/wx_session.rs
weixin-java-common,me/chanjar/weixin/common/session/WxSessionManager.java,interface,WxSessionManager,session/wx_session_manager.rs
weixin-java-common,me/chanjar/weixin/common/util/BeanUtils.java,class,BeanUtils,util/bean_utils.rs
weixin-java-common,me/chanjar/weixin/common/util/DataUtils.java,class,DataUtils,util/data_utils.rs
weixin-java-common,me/chanjar/weixin/common/util/LogExceptionHandler.java,class,LogExceptionHandler,util/log_exception_handler.rs
weixin-java-common,me/chanjar/weixin/common/util/RandomUtils.java,class,RandomUtils,util/random_utils.rs
weixin-java-common,me/chanjar/weixin/common/util/SignUtils.java,class,SignUtils,util/sign_utils.rs
weixin-java-common,me/chanjar/weixin/common/util/XmlUtils.java,class,XmlUtils,util/xml_utils.rs
weixin-java-common,me/chanjar/weixin/common/util/crypto/ByteGroup.java,class,ByteGroup,util/crypto/byte_group.rs
weixin-java-common,me/chanjar/weixin/common/util/crypto/PKCS7Encoder.java,class,PKCS7Encoder,util/crypto/pkcs7_encoder.rs
weixin-java-common,me/chanjar/weixin/common/util/crypto/SHA1.java,class,SHA1,util/crypto/sha1.rs
weixin-java-common,me/chanjar/weixin/common/util/crypto/WxCryptUtil.java,class,WxCryptUtil,util/crypto/wx_crypt_util.rs
weixin-java-common,me/chanjar/weixin/common/util/fs/FileUtils.java,class,FileUtils,util/fs/file_utils.rs
weixin-java-common,me/chanjar/weixin/common/util/http/BaseMediaDownloadRequestExecutor.java,class,BaseMediaDownloadRequestExecutor,util/http/base_media_download_request_executor.rs
weixin-java-common,me/chanjar/weixin/common/util/http/HttpClientType.java,enum,HttpClientType,util/http/http_client_type.rs
weixin-java-common,me/chanjar/weixin/common/util/http/HttpResponseProxy.java,interface,HttpResponseProxy,util/http/http_response_proxy.rs
weixin-java-common,me/chanjar/weixin/common/util/http/InputStreamData.java,class,InputStreamData,util/http/input_stream_data.rs
weixin-java-common,me/chanjar/weixin/common/util/http/MediaInputStreamUploadRequestExecutor.java,class,MediaInputStreamUploadRequestExecutor,util/http/media_input_stream_upload_request_executor.rs
weixin-java-common,me/chanjar/weixin/common/util/http/MediaUploadRequestExecutor.java,class,MediaUploadRequestExecutor,util/http/media_upload_request_executor.rs
weixin-java-common,me/chanjar/weixin/common/util/http/MinishopUploadRequestCustomizeExecutor.java,class,MinishopUploadRequestCustomizeExecutor,util/http/minishop_upload_request_customize_executor.rs
weixin-java-common,me/chanjar/weixin/common/util/http/MinishopUploadRequestExecutor.java,class,MinishopUploadRequestExecutor,util/http/minishop_upload_request_executor.rs
weixin-java-common,me/chanjar/weixin/common/util/http/RequestExecutor.java,interface,RequestExecutor,util/http/request_executor.rs
weixin-java-common,me/chanjar/weixin/common/util/http/RequestHttp.java,interface,RequestHttp,util/http/request_http.rs
weixin-java-common,me/chanjar/weixin/common/util/http/ResponseHandler.java,interface,ResponseHandler,util/http/response_handler.rs
weixin-java-common,me/chanjar/weixin/common/util/http/SimpleGetRequestExecutor.java,class,SimpleGetRequestExecutor,util/http/simple_get_request_executor.rs
weixin-java-common,me/chanjar/weixin/common/util/http/SimplePostRequestExecutor.java,class,SimplePostRequestExecutor,util/http/simple_post_request_executor.rs
weixin-java-common,me/chanjar/weixin/common/util/http/URIUtil.java,class,URIUtil,util/http/uri_util.rs
weixin-java-common,me/chanjar/weixin/common/util/http/WxDnsResolver.java,class,WxDnsResolver,util/http/wx_dns_resolver.rs
weixin-java-common,me/chanjar/weixin/common/util/http/apache/ApacheBasicResponseHandler.java,class,ApacheBasicResponseHandler,http/apache/apache_basic_response_handler.rs
weixin-java-common,me/chanjar/weixin/common/util/http/apache/ApacheHttpClientBuilder.java,interface,ApacheHttpClientBuilder,http/apache/apache_http_client_builder.rs
weixin-java-common,me/chanjar/weixin/common/util/http/apache/ApacheHttpDnsClientBuilder.java,class,ApacheHttpDnsClientBuilder,http/apache/apache_http_dns_client_builder.rs
weixin-java-common,me/chanjar/weixin/common/util/http/apache/ApacheHttpResponseProxy.java,class,ApacheHttpResponseProxy,http/apache/apache_http_response_proxy.rs
weixin-java-common,me/chanjar/weixin/common/util/http/apache/ApacheMediaDownloadRequestExecutor.java,class,ApacheMediaDownloadRequestExecutor,http/apache/apache_media_download_request_executor.rs
weixin-java-common,me/chanjar/weixin/common/util/http/apache/ApacheMediaInputStreamUploadRequestExecutor.java,class,ApacheMediaInputStreamUploadRequestExecutor,http/apache/apache_media_input_stream_upload_request_executor.rs
weixin-java-common,me/chanjar/weixin/common/util/http/apache/ApacheMediaUploadRequestExecutor.java,class,ApacheMediaUploadRequestExecutor,http/apache/apache_media_upload_request_executor.rs
weixin-java-common,me/chanjar/weixin/common/util/http/apache/ApacheMinishopMediaUploadRequestCustomizeExecutor.java,class,ApacheMinishopMediaUploadRequestCustomizeExecutor,http/apache/apache_minishop_media_upload_request_customize_executor.rs
weixin-java-common,me/chanjar/weixin/common/util/http/apache/ApacheMinishopMediaUploadRequestExecutor.java,class,ApacheMinishopMediaUploadRequestExecutor,http/apache/apache_minishop_media_upload_request_executor.rs
weixin-java-common,me/chanjar/weixin/common/util/http/apache/ApacheSimpleGetRequestExecutor.java,class,ApacheSimpleGetRequestExecutor,http/apache/apache_simple_get_request_executor.rs
weixin-java-common,me/chanjar/weixin/common/util/http/apache/ApacheSimplePostRequestExecutor.java,class,ApacheSimplePostRequestExecutor,http/apache/apache_simple_post_request_executor.rs
weixin-java-common,me/chanjar/weixin/common/util/http/apache/ByteArrayResponseHandler.java,class,ByteArrayResponseHandler,http/apache/byte_array_response_handler.rs
weixin-java-common,me/chanjar/weixin/common/util/http/apache/DefaultApacheHttpClientBuilder.java,class,DefaultApacheHttpClientBuilder,http/apache/default_apache_http_client_builder.rs
weixin-java-common,me/chanjar/weixin/common/util/http/apache/InputStreamResponseHandler.java,class,InputStreamResponseHandler,http/apache/input_stream_response_handler.rs
weixin-java-common,me/chanjar/weixin/common/util/http/apache/Utf8ResponseHandler.java,class,Utf8ResponseHandler,http/apache/utf8_response_handler.rs
weixin-java-common,me/chanjar/weixin/common/util/http/hc/BasicResponseHandler.java,class,BasicResponseHandler,http/hc/basic_response_handler.rs
weixin-java-common,me/chanjar/weixin/common/util/http/hc/ByteArrayResponseHandler.java,class,ByteArrayResponseHandler,http/hc/byte_array_response_handler.rs
weixin-java-common,me/chanjar/weixin/common/util/http/hc/DefaultHttpComponentsClientBuilder.java,class,DefaultHttpComponentsClientBuilder,http/hc/default_http_components_client_builder.rs
weixin-java-common,me/chanjar/weixin/common/util/http/hc/HttpComponentsClientBuilder.java,interface,HttpComponentsClientBuilder,http/hc/http_components_client_builder.rs
weixin-java-common,me/chanjar/weixin/common/util/http/hc/HttpComponentsMediaDownloadRequestExecutor.java,class,HttpComponentsMediaDownloadRequestExecutor,http/hc/http_components_media_download_request_executor.rs
weixin-java-common,me/chanjar/weixin/common/util/http/hc/HttpComponentsMediaInputStreamUploadRequestExecutor.java,class,HttpComponentsMediaInputStreamUploadRequestExecutor,http/hc/http_components_media_input_stream_upload_request_executor.rs
weixin-java-common,me/chanjar/weixin/common/util/http/hc/HttpComponentsMediaUploadRequestExecutor.java,class,HttpComponentsMediaUploadRequestExecutor,http/hc/http_components_media_upload_request_executor.rs
weixin-java-common,me/chanjar/weixin/common/util/http/hc/HttpComponentsMinishopMediaUploadRequestCustomizeExecutor.java,class,HttpComponentsMinishopMediaUploadRequestCustomizeExecutor,http/hc/http_components_minishop_media_upload_request_customize_executor.rs
weixin-java-common,me/chanjar/weixin/common/util/http/hc/HttpComponentsMinishopMediaUploadRequestExecutor.java,class,HttpComponentsMinishopMediaUploadRequestExecutor,http/hc/http_components_minishop_media_upload_request_executor.rs
weixin-java-common,me/chanjar/weixin/common/util/http/hc/HttpComponentsResponseProxy.java,class,HttpComponentsResponseProxy,http/hc/http_components_response_proxy.rs
weixin-java-common,me/chanjar/weixin/common/util/http/hc/HttpComponentsSimpleGetRequestExecutor.java,class,HttpComponentsSimpleGetRequestExecutor,http/hc/http_components_simple_get_request_executor.rs
weixin-java-common,me/chanjar/weixin/common/util/http/hc/HttpComponentsSimplePostRequestExecutor.java,class,HttpComponentsSimplePostRequestExecutor,http/hc/http_components_simple_post_request_executor.rs
weixin-java-common,me/chanjar/weixin/common/util/http/hc/InputStreamResponseHandler.java,class,InputStreamResponseHandler,http/hc/input_stream_response_handler.rs
weixin-java-common,me/chanjar/weixin/common/util/http/hc/NoopRetryStrategy.java,class,NoopRetryStrategy,http/hc/noop_retry_strategy.rs
weixin-java-common,me/chanjar/weixin/common/util/http/hc/Utf8ResponseHandler.java,class,Utf8ResponseHandler,http/hc/utf8_response_handler.rs
weixin-java-common,me/chanjar/weixin/common/util/http/jodd/JoddHttpMediaDownloadRequestExecutor.java,class,JoddHttpMediaDownloadRequestExecutor,http/jodd/jodd_http_media_download_request_executor.rs
weixin-java-common,me/chanjar/weixin/common/util/http/jodd/JoddHttpMediaInputStreamUploadRequestExecutor.java,class,JoddHttpMediaInputStreamUploadRequestExecutor,http/jodd/jodd_http_media_input_stream_upload_request_executor.rs
weixin-java-common,me/chanjar/weixin/common/util/http/jodd/JoddHttpMediaUploadRequestExecutor.java,class,JoddHttpMediaUploadRequestExecutor,http/jodd/jodd_http_media_upload_request_executor.rs
weixin-java-common,me/chanjar/weixin/common/util/http/jodd/JoddHttpMinishopMediaUploadRequestCustomizeExecutor.java,class,JoddHttpMinishopMediaUploadRequestCustomizeExecutor,http/jodd/jodd_http_minishop_media_upload_request_customize_executor.rs
weixin-java-common,me/chanjar/weixin/common/util/http/jodd/JoddHttpMinishopMediaUploadRequestExecutor.java,class,JoddHttpMinishopMediaUploadRequestExecutor,http/jodd/jodd_http_minishop_media_upload_request_executor.rs
weixin-java-common,me/chanjar/weixin/common/util/http/jodd/JoddHttpResponseProxy.java,class,JoddHttpResponseProxy,http/jodd/jodd_http_response_proxy.rs
weixin-java-common,me/chanjar/weixin/common/util/http/jodd/JoddHttpSimpleGetRequestExecutor.java,class,JoddHttpSimpleGetRequestExecutor,http/jodd/jodd_http_simple_get_request_executor.rs
weixin-java-common,me/chanjar/weixin/common/util/http/jodd/JoddHttpSimplePostRequestExecutor.java,class,JoddHttpSimplePostRequestExecutor,http/jodd/jodd_http_simple_post_request_executor.rs
weixin-java-common,me/chanjar/weixin/common/util/http/okhttp/DefaultOkHttpClientBuilder.java,class,DefaultOkHttpClientBuilder,http/okhttp/default_ok_http_client_builder.rs
weixin-java-common,me/chanjar/weixin/common/util/http/okhttp/OkHttpClientBuilder.java,interface,OkHttpClientBuilder,http/okhttp/ok_http_client_builder.rs
weixin-java-common,me/chanjar/weixin/common/util/http/okhttp/OkHttpDnsClientBuilder.java,class,OkHttpDnsClientBuilder,http/okhttp/ok_http_dns_client_builder.rs
weixin-java-common,me/chanjar/weixin/common/util/http/okhttp/OkHttpMediaDownloadRequestExecutor.java,class,OkHttpMediaDownloadRequestExecutor,http/okhttp/ok_http_media_download_request_executor.rs
weixin-java-common,me/chanjar/weixin/common/util/http/okhttp/OkHttpMediaInputStreamUploadRequestExecutor.java,class,OkHttpMediaInputStreamUploadRequestExecutor,http/okhttp/ok_http_media_input_stream_upload_request_executor.rs
weixin-java-common,me/chanjar/weixin/common/util/http/okhttp/OkHttpMediaUploadRequestExecutor.java,class,OkHttpMediaUploadRequestExecutor,http/okhttp/ok_http_media_upload_request_executor.rs
weixin-java-common,me/chanjar/weixin/common/util/http/okhttp/OkHttpMinishopMediaUploadRequestCustomizeExecutor.java,class,OkHttpMinishopMediaUploadRequestCustomizeExecutor,http/okhttp/ok_http_minishop_media_upload_request_customize_executor.rs
weixin-java-common,me/chanjar/weixin/common/util/http/okhttp/OkHttpMinishopMediaUploadRequestExecutor.java,class,OkHttpMinishopMediaUploadRequestExecutor,http/okhttp/ok_http_minishop_media_upload_request_executor.rs
weixin-java-common,me/chanjar/weixin/common/util/http/okhttp/OkHttpProxyInfo.java,class,OkHttpProxyInfo,http/okhttp/ok_http_proxy_info.rs
weixin-java-common,me/chanjar/weixin/common/util/http/okhttp/OkHttpResponseProxy.java,class,OkHttpResponseProxy,http/okhttp/ok_http_response_proxy.rs
weixin-java-common,me/chanjar/weixin/common/util/http/okhttp/OkHttpSimpleGetRequestExecutor.java,class,OkHttpSimpleGetRequestExecutor,http/okhttp/ok_http_simple_get_request_executor.rs
weixin-java-common,me/chanjar/weixin/common/util/http/okhttp/OkHttpSimplePostRequestExecutor.java,class,OkHttpSimplePostRequestExecutor,http/okhttp/ok_http_simple_post_request_executor.rs
weixin-java-common,me/chanjar/weixin/common/util/json/GsonHelper.java,class,GsonHelper,util/json/gson_helper.rs
weixin-java-common,me/chanjar/weixin/common/util/json/GsonParser.java,class,GsonParser,util/json/gson_parser.rs
weixin-java-common,me/chanjar/weixin/common/util/json/WxAccessTokenAdapter.java,class,WxAccessTokenAdapter,util/json/wx_access_token_adapter.rs
weixin-java-common,me/chanjar/weixin/common/util/json/WxBooleanTypeAdapter.java,class,WxBooleanTypeAdapter,util/json/wx_boolean_type_adapter.rs
weixin-java-common,me/chanjar/weixin/common/util/json/WxDateTypeAdapter.java,class,WxDateTypeAdapter,util/json/wx_date_type_adapter.rs
weixin-java-common,me/chanjar/weixin/common/util/json/WxErrorAdapter.java,class,WxErrorAdapter,util/json/wx_error_adapter.rs
weixin-java-common,me/chanjar/weixin/common/util/json/WxGsonBuilder.java,class,WxGsonBuilder,util/json/wx_gson_builder.rs
weixin-java-common,me/chanjar/weixin/common/util/json/WxMediaUploadResultAdapter.java,class,WxMediaUploadResultAdapter,util/json/wx_media_upload_result_adapter.rs
weixin-java-common,me/chanjar/weixin/common/util/json/WxMenuGsonAdapter.java,class,WxMenuGsonAdapter,util/json/wx_menu_gson_adapter.rs
weixin-java-common,me/chanjar/weixin/common/util/json/WxNetCheckResultGsonAdapter.java,class,WxNetCheckResultGsonAdapter,util/json/wx_net_check_result_gson_adapter.rs
weixin-java-common,me/chanjar/weixin/common/util/locks/JedisDistributedLock.java,class,JedisDistributedLock,util/locks/jedis_distributed_lock.rs
weixin-java-common,me/chanjar/weixin/common/util/locks/RedisTemplateSimpleDistributedLock.java,class,RedisTemplateSimpleDistributedLock,util/locks/redis_template_simple_distributed_lock.rs
weixin-java-common,me/chanjar/weixin/common/util/res/StringManager.java,class,StringManager,util/res/string_manager.rs
weixin-java-common,me/chanjar/weixin/common/util/xml/IntegerArrayConverter.java,class,IntegerArrayConverter,util/xml/integer_array_converter.rs
weixin-java-common,me/chanjar/weixin/common/util/xml/LongArrayConverter.java,class,LongArrayConverter,util/xml/long_array_converter.rs
weixin-java-common,me/chanjar/weixin/common/util/xml/StringArrayConverter.java,class,StringArrayConverter,util/xml/string_array_converter.rs
weixin-java-common,me/chanjar/weixin/common/util/xml/XStreamCDataConverter.java,class,XStreamCDataConverter,util/xml/x_stream_c_data_converter.rs
weixin-java-common,me/chanjar/weixin/common/util/xml/XStreamCDataListConverter.java,class,XStreamCDataListConverter,util/xml/x_stream_c_data_list_converter.rs
weixin-java-common,me/chanjar/weixin/common/util/xml/XStreamInitializer.java,class,XStreamInitializer,util/xml/x_stream_initializer.rs
weixin-java-common,me/chanjar/weixin/common/util/xml/XStreamMediaIdConverter.java,class,XStreamMediaIdConverter,util/xml/x_stream_media_id_converter.rs
weixin-java-common,me/chanjar/weixin/common/util/xml/XStreamReplaceNameConverter.java,class,XStreamReplaceNameConverter,util/xml/x_stream_replace_name_converter.rs
weixin-java-mp,me/chanjar/weixin/mp/api/WxMpAiOpenService.java,interface,WxMpAiOpenService,api/wx_mp_ai_open_service.rs
weixin-java-mp,me/chanjar/weixin/mp/api/WxMpCardService.java,interface,WxMpCardService,api/wx_mp_card_service.rs
weixin-java-mp,me/chanjar/weixin/mp/api/WxMpCommentService.java,interface,WxMpCommentService,api/wx_mp_comment_service.rs
weixin-java-mp,me/chanjar/weixin/mp/api/WxMpDataCubeService.java,interface,WxMpDataCubeService,api/wx_mp_data_cube_service.rs
weixin-java-mp,me/chanjar/weixin/mp/api/WxMpDeviceService.java,interface,WxMpDeviceService,api/wx_mp_device_service.rs
weixin-java-mp,me/chanjar/weixin/mp/api/WxMpDraftService.java,interface,WxMpDraftService,api/wx_mp_draft_service.rs
weixin-java-mp,me/chanjar/weixin/mp/api/WxMpFreePublishService.java,interface,WxMpFreePublishService,api/wx_mp_free_publish_service.rs
weixin-java-mp,me/chanjar/weixin/mp/api/WxMpGuideBuyerService.java,interface,WxMpGuideBuyerService,api/wx_mp_guide_buyer_service.rs
weixin-java-mp,me/chanjar/weixin/mp/api/WxMpGuideMassedJobService.java,interface,WxMpGuideMassedJobService,api/wx_mp_guide_massed_job_service.rs
weixin-java-mp,me/chanjar/weixin/mp/api/WxMpGuideMaterialService.java,interface,WxMpGuideMaterialService,api/wx_mp_guide_material_service.rs
weixin-java-mp,me/chanjar/weixin/mp/api/WxMpGuideService.java,interface,WxMpGuideService,api/wx_mp_guide_service.rs
weixin-java-mp,me/chanjar/weixin/mp/api/WxMpGuideTagService.java,interface,WxMpGuideTagService,api/wx_mp_guide_tag_service.rs
weixin-java-mp,me/chanjar/weixin/mp/api/WxMpKefuService.java,interface,WxMpKefuService,api/wx_mp_kefu_service.rs
weixin-java-mp,me/chanjar/weixin/mp/api/WxMpMarketingService.java,interface,WxMpMarketingService,api/wx_mp_marketing_service.rs
weixin-java-mp,me/chanjar/weixin/mp/api/WxMpMassMessageService.java,interface,WxMpMassMessageService,api/wx_mp_mass_message_service.rs
weixin-java-mp,me/chanjar/weixin/mp/api/WxMpMaterialService.java,interface,WxMpMaterialService,api/wx_mp_material_service.rs
weixin-java-mp,me/chanjar/weixin/mp/api/WxMpMemberCardService.java,interface,WxMpMemberCardService,api/wx_mp_member_card_service.rs
weixin-java-mp,me/chanjar/weixin/mp/api/WxMpMenuService.java,interface,WxMpMenuService,api/wx_mp_menu_service.rs
weixin-java-mp,me/chanjar/weixin/mp/api/WxMpMerchantInvoiceService.java,interface,WxMpMerchantInvoiceService,api/wx_mp_merchant_invoice_service.rs
weixin-java-mp,me/chanjar/weixin/mp/api/WxMpMessageHandler.java,interface,WxMpMessageHandler,api/wx_mp_message_handler.rs
weixin-java-mp,me/chanjar/weixin/mp/api/WxMpMessageInterceptor.java,interface,WxMpMessageInterceptor,api/wx_mp_message_interceptor.rs
weixin-java-mp,me/chanjar/weixin/mp/api/WxMpMessageMatcher.java,interface,WxMpMessageMatcher,api/wx_mp_message_matcher.rs
weixin-java-mp,me/chanjar/weixin/mp/api/WxMpMessageRouter.java,class,WxMpMessageRouter,api/wx_mp_message_router.rs
weixin-java-mp,me/chanjar/weixin/mp/api/WxMpMessageRouterRule.java,class,WxMpMessageRouterRule,api/wx_mp_message_router_rule.rs
weixin-java-mp,me/chanjar/weixin/mp/api/WxMpQrcodeService.java,interface,WxMpQrcodeService,api/wx_mp_qrcode_service.rs
weixin-java-mp,me/chanjar/weixin/mp/api/WxMpReimburseInvoiceService.java,interface,WxMpReimburseInvoiceService,api/wx_mp_reimburse_invoice_service.rs
weixin-java-mp,me/chanjar/weixin/mp/api/WxMpService.java,interface,WxMpService,api/wx_mp_service.rs
weixin-java-mp,me/chanjar/weixin/mp/api/WxMpShakeService.java,interface,WxMpShakeService,api/wx_mp_shake_service.rs
weixin-java-mp,me/chanjar/weixin/mp/api/WxMpStoreService.java,interface,WxMpStoreService,api/wx_mp_store_service.rs
weixin-java-mp,me/chanjar/weixin/mp/api/WxMpSubscribeMsgService.java,interface,WxMpSubscribeMsgService,api/wx_mp_subscribe_msg_service.rs
weixin-java-mp,me/chanjar/weixin/mp/api/WxMpTemplateMsgService.java,interface,WxMpTemplateMsgService,api/wx_mp_template_msg_service.rs
weixin-java-mp,me/chanjar/weixin/mp/api/WxMpUserBlacklistService.java,interface,WxMpUserBlacklistService,api/wx_mp_user_blacklist_service.rs
weixin-java-mp,me/chanjar/weixin/mp/api/WxMpUserService.java,interface,WxMpUserService,api/wx_mp_user_service.rs
weixin-java-mp,me/chanjar/weixin/mp/api/WxMpUserTagService.java,interface,WxMpUserTagService,api/wx_mp_user_tag_service.rs
weixin-java-mp,me/chanjar/weixin/mp/api/WxMpWifiService.java,interface,WxMpWifiService,api/wx_mp_wifi_service.rs
weixin-java-mp,me/chanjar/weixin/mp/api/impl/BaseWxMpServiceImpl.java,class,BaseWxMpServiceImpl,api/impl/base_wx_mp_service_impl.rs
weixin-java-mp,me/chanjar/weixin/mp/api/impl/WxMpAiOpenServiceImpl.java,class,WxMpAiOpenServiceImpl,api/impl/wx_mp_ai_open_service_impl.rs
weixin-java-mp,me/chanjar/weixin/mp/api/impl/WxMpCardServiceImpl.java,class,WxMpCardServiceImpl,api/impl/wx_mp_card_service_impl.rs
weixin-java-mp,me/chanjar/weixin/mp/api/impl/WxMpCommentServiceImpl.java,class,WxMpCommentServiceImpl,api/impl/wx_mp_comment_service_impl.rs
weixin-java-mp,me/chanjar/weixin/mp/api/impl/WxMpDataCubeServiceImpl.java,class,WxMpDataCubeServiceImpl,api/impl/wx_mp_data_cube_service_impl.rs
weixin-java-mp,me/chanjar/weixin/mp/api/impl/WxMpDeviceServiceImpl.java,class,WxMpDeviceServiceImpl,api/impl/wx_mp_device_service_impl.rs
weixin-java-mp,me/chanjar/weixin/mp/api/impl/WxMpDraftServiceImpl.java,class,WxMpDraftServiceImpl,api/impl/wx_mp_draft_service_impl.rs
weixin-java-mp,me/chanjar/weixin/mp/api/impl/WxMpFreePublishServiceImpl.java,class,WxMpFreePublishServiceImpl,api/impl/wx_mp_free_publish_service_impl.rs
weixin-java-mp,me/chanjar/weixin/mp/api/impl/WxMpGuideBuyerServiceImpl.java,class,WxMpGuideBuyerServiceImpl,api/impl/wx_mp_guide_buyer_service_impl.rs
weixin-java-mp,me/chanjar/weixin/mp/api/impl/WxMpGuideMassedJobServiceImpl.java,class,WxMpGuideMassedJobServiceImpl,api/impl/wx_mp_guide_massed_job_service_impl.rs
weixin-java-mp,me/chanjar/weixin/mp/api/impl/WxMpGuideMaterialServiceImpl.java,class,WxMpGuideMaterialServiceImpl,api/impl/wx_mp_guide_material_service_impl.rs
weixin-java-mp,me/chanjar/weixin/mp/api/impl/WxMpGuideServiceImpl.java,class,WxMpGuideServiceImpl,api/impl/wx_mp_guide_service_impl.rs
weixin-java-mp,me/chanjar/weixin/mp/api/impl/WxMpGuideTagServiceImpl.java,class,WxMpGuideTagServiceImpl,api/impl/wx_mp_guide_tag_service_impl.rs
weixin-java-mp,me/chanjar/weixin/mp/api/impl/WxMpImgProcServiceImpl.java,class,WxMpImgProcServiceImpl,api/impl/wx_mp_img_proc_service_impl.rs
weixin-java-mp,me/chanjar/weixin/mp/api/impl/WxMpKefuServiceImpl.java,class,WxMpKefuServiceImpl,api/impl/wx_mp_kefu_service_impl.rs
weixin-java-mp,me/chanjar/weixin/mp/api/impl/WxMpMarketingServiceImpl.java,class,WxMpMarketingServiceImpl,api/impl/wx_mp_marketing_service_impl.rs
weixin-java-mp,me/chanjar/weixin/mp/api/impl/WxMpMassMessageServiceImpl.java,class,WxMpMassMessageServiceImpl,api/impl/wx_mp_mass_message_service_impl.rs
weixin-java-mp,me/chanjar/weixin/mp/api/impl/WxMpMaterialServiceImpl.java,class,WxMpMaterialServiceImpl,api/impl/wx_mp_material_service_impl.rs
weixin-java-mp,me/chanjar/weixin/mp/api/impl/WxMpMemberCardServiceImpl.java,class,WxMpMemberCardServiceImpl,api/impl/wx_mp_member_card_service_impl.rs
weixin-java-mp,me/chanjar/weixin/mp/api/impl/WxMpMenuServiceImpl.java,class,WxMpMenuServiceImpl,api/impl/wx_mp_menu_service_impl.rs
weixin-java-mp,me/chanjar/weixin/mp/api/impl/WxMpMerchantInvoiceServiceImpl.java,class,WxMpMerchantInvoiceServiceImpl,api/impl/wx_mp_merchant_invoice_service_impl.rs
weixin-java-mp,me/chanjar/weixin/mp/api/impl/WxMpOAuth2ServiceImpl.java,class,WxMpOAuth2ServiceImpl,api/impl/wx_mp_o_auth2_service_impl.rs
weixin-java-mp,me/chanjar/weixin/mp/api/impl/WxMpOcrServiceImpl.java,class,WxMpOcrServiceImpl,api/impl/wx_mp_ocr_service_impl.rs
weixin-java-mp,me/chanjar/weixin/mp/api/impl/WxMpQrcodeServiceImpl.java,class,WxMpQrcodeServiceImpl,api/impl/wx_mp_qrcode_service_impl.rs
weixin-java-mp,me/chanjar/weixin/mp/api/impl/WxMpReimburseInvoiceServiceImpl.java,class,WxMpReimburseInvoiceServiceImpl,api/impl/wx_mp_reimburse_invoice_service_impl.rs
weixin-java-mp,me/chanjar/weixin/mp/api/impl/WxMpServiceHttpClientImpl.java,class,WxMpServiceHttpClientImpl,api/impl/wx_mp_service_http_client_impl.rs
weixin-java-mp,me/chanjar/weixin/mp/api/impl/WxMpServiceHttpComponentsImpl.java,class,WxMpServiceHttpComponentsImpl,api/impl/wx_mp_service_http_components_impl.rs
weixin-java-mp,me/chanjar/weixin/mp/api/impl/WxMpServiceImpl.java,class,WxMpServiceImpl,api/impl/wx_mp_service_impl.rs
weixin-java-mp,me/chanjar/weixin/mp/api/impl/WxMpServiceJoddHttpImpl.java,class,WxMpServiceJoddHttpImpl,api/impl/wx_mp_service_jodd_http_impl.rs
weixin-java-mp,me/chanjar/weixin/mp/api/impl/WxMpServiceOkHttpImpl.java,class,WxMpServiceOkHttpImpl,api/impl/wx_mp_service_ok_http_impl.rs
weixin-java-mp,me/chanjar/weixin/mp/api/impl/WxMpShakeServiceImpl.java,class,WxMpShakeServiceImpl,api/impl/wx_mp_shake_service_impl.rs
weixin-java-mp,me/chanjar/weixin/mp/api/impl/WxMpStoreServiceImpl.java,class,WxMpStoreServiceImpl,api/impl/wx_mp_store_service_impl.rs
weixin-java-mp,me/chanjar/weixin/mp/api/impl/WxMpSubscribeMsgServiceImpl.java,class,WxMpSubscribeMsgServiceImpl,api/impl/wx_mp_subscribe_msg_service_impl.rs
weixin-java-mp,me/chanjar/weixin/mp/api/impl/WxMpTemplateMsgServiceImpl.java,class,WxMpTemplateMsgServiceImpl,api/impl/wx_mp_template_msg_service_impl.rs
weixin-java-mp,me/chanjar/weixin/mp/api/impl/WxMpUserBlacklistServiceImpl.java,class,WxMpUserBlacklistServiceImpl,api/impl/wx_mp_user_blacklist_service_impl.rs
weixin-java-mp,me/chanjar/weixin/mp/api/impl/WxMpUserServiceImpl.java,class,WxMpUserServiceImpl,api/impl/wx_mp_user_service_impl.rs
weixin-java-mp,me/chanjar/weixin/mp/api/impl/WxMpUserTagServiceImpl.java,class,WxMpUserTagServiceImpl,api/impl/wx_mp_user_tag_service_impl.rs
weixin-java-mp,me/chanjar/weixin/mp/api/impl/WxMpWifiServiceImpl.java,class,WxMpWifiServiceImpl,api/impl/wx_mp_wifi_service_impl.rs
weixin-java-mp,me/chanjar/weixin/mp/bean/WxMpMassNews.java,class,WxMpMassNews,bean/wx_mp_mass_news.rs
weixin-java-mp,me/chanjar/weixin/mp/bean/WxMpMassOpenIdsMessage.java,class,WxMpMassOpenIdsMessage,bean/wx_mp_mass_open_ids_message.rs
weixin-java-mp,me/chanjar/weixin/mp/bean/WxMpMassPreviewMessage.java,class,WxMpMassPreviewMessage,bean/wx_mp_mass_preview_message.rs
weixin-java-mp,me/chanjar/weixin/mp/bean/WxMpMassTagMessage.java,class,WxMpMassTagMessage,bean/wx_mp_mass_tag_message.rs
weixin-java-mp,me/chanjar/weixin/mp/bean/WxMpMassVideo.java,class,WxMpMassVideo,bean/wx_mp_mass_video.rs
weixin-java-mp,me/chanjar/weixin/mp/bean/WxMpSemanticQuery.java,class,WxMpSemanticQuery,bean/wx_mp_semantic_query.rs
weixin-java-mp,me/chanjar/weixin/mp/bean/WxMpShakeInfoResult.java,class,WxMpShakeInfoResult,bean/wx_mp_shake_info_result.rs
weixin-java-mp,me/chanjar/weixin/mp/bean/WxMpShakeQuery.java,class,WxMpShakeQuery,bean/wx_mp_shake_query.rs
weixin-java-mp,me/chanjar/weixin/mp/bean/WxMpStableAccessTokenRequest.java,class,WxMpStableAccessTokenRequest,bean/wx_mp_stable_access_token_request.rs
weixin-java-mp,me/chanjar/weixin/mp/bean/WxMpUserQuery.java,class,WxMpUserQuery,bean/wx_mp_user_query.rs
weixin-java-mp,me/chanjar/weixin/mp/bean/card/Abstract.java,class,Abstract,bean/card/abstract.rs
weixin-java-mp,me/chanjar/weixin/mp/bean/card/AbstractCardCreateRequest.java,class,AbstractCardCreateRequest,bean/card/abstract_card_create_request.rs
weixin-java-mp,me/chanjar/weixin/mp/bean/card/AdvancedInfo.java,class,AdvancedInfo,bean/card/advanced_info.rs
weixin-java-mp,me/chanjar/weixin/mp/bean/card/BaseInfo.java,class,BaseInfo,bean/card/base_info.rs
weixin-java-mp,me/chanjar/weixin/mp/bean/card/BaseInfoUpdate.java,class,BaseInfoUpdate,bean/card/base_info_update.rs
weixin-java-mp,me/chanjar/weixin/mp/bean/card/BaseWxMpCardResult.java,class,BaseWxMpCardResult,bean/card/base_wx_mp_card_result.rs
weixin-java-mp,me/chanjar/weixin/mp/bean/card/BonusRule.java,class,BonusRule,bean/card/bonus_rule.rs
weixin-java-mp,me/chanjar/weixin/mp/bean/card/Card.java,class,Card,bean/card/card.rs
weixin-java-mp,me/chanjar/weixin/mp/bean/card/CardUpdateResult.java,class,CardUpdateResult,bean/card/card_update_result.rs
weixin-java-mp,me/chanjar/weixin/mp/bean/card/CashCard.java,class,CashCard,bean/card/cash_card.rs
weixin-java-mp,me/chanjar/weixin/mp/bean/card/CashCardCreateRequest.java,class,CashCardCreateRequest,bean/card/cash_card_create_request.rs
weixin-java-mp,me/chanjar/weixin/mp/bean/card/CustomCell1.java,class,CustomCell1,bean/card/custom_cell1.rs
weixin-java-mp,me/chanjar/weixin/mp/bean/card/CustomField.java,class,CustomField,bean/card/custom_field.rs
weixin-java-mp,me/chanjar/weixin/mp/bean/card/DateInfo.java,class,DateInfo,bean/card/date_info.rs
weixin-java-mp,me/chanjar/weixin/mp/bean/card/DiscountCard.java,class,DiscountCard,bean/card/discount_card.rs
weixin-java-mp,me/chanjar/weixin/mp/bean/card/DiscountCardCreateRequest.java,class,DiscountCardCreateRequest,bean/card/discount_card_create_request.rs
weixin-java-mp,me/chanjar/weixin/mp/bean/card/GeneralCoupon.java,class,GeneralCoupon,bean/card/general_coupon.rs
weixin-java-mp,me/chanjar/weixin/mp/bean/card/GeneralCouponCreateRequest.java,class,GeneralCouponCreateRequest,bean/card/general_coupon_create_request.rs
weixin-java-mp,me/chanjar/weixin/mp/bean/card/GiftCard.java,class,GiftCard,bean/card/gift_card.rs
weixin-java-mp,me/chanjar/weixin/mp/bean/card/GiftCardCreateRequest.java,class,GiftCardCreateRequest,bean/card/gift_card_create_request.rs
weixin-java-mp,me/chanjar/weixin/mp/bean/card/GrouponCard.java,class,GrouponCard,bean/card/groupon_card.rs
weixin-java-mp,me/chanjar/weixin/mp/bean/card/GrouponCardCreateRequest.java,class,GrouponCardCreateRequest,bean/card/groupon_card_create_request.rs
weixin-java-mp,me/chanjar/weixin/mp/bean/card/PayInfo.java,class,PayInfo,bean/card/pay_info.rs
weixin-java-mp,me/chanjar/weixin/mp/bean/card/Sku.java,class,Sku,bean/card/sku.rs
weixin-java-mp,me/chanjar/weixin/mp/bean/card/SwipeCard.java,class,SwipeCard,bean/card/swipe_card.rs
weixin-java-mp,me/chanjar/weixin/mp/bean/card/TextImageList.java,class,TextImageList,bean/card/text_image_list.rs
weixin-java-mp,me/chanjar/weixin/mp/bean/card/TimeLimit.java,class,TimeLimit,bean/card/time_limit.rs
weixin-java-mp,me/chanjar/weixin/mp/bean/card/UseCondition.java,class,UseCondition,bean/card/use_condition.rs
weixin-java-mp,me/chanjar/weixin/mp/bean/card/UserCard.java,class,UserCard,bean/card/user_card.rs
weixin-java-mp,me/chanjar/weixin/mp/bean/card/WxMpCard.java,class,WxMpCard,bean/card/wx_mp_card.rs
weixin-java-mp,me/chanjar/weixin/mp/bean/card/WxMpCardCodeCheckcodeResult.java,class,WxMpCardCodeCheckcodeResult,bean/card/wx_mp_card_code_checkcode_result.rs
weixin-java-mp,me/chanjar/weixin/mp/bean/card/WxMpCardCodeDepositCountResult.java,class,WxMpCardCodeDepositCountResult,bean/card/wx_mp_card_code_deposit_count_result.rs
weixin-java-mp,me/chanjar/weixin/mp/bean/card/WxMpCardCodeDepositResult.java,class,WxMpCardCodeDepositResult,bean/card/wx_mp_card_code_deposit_result.rs
weixin-java-mp,me/chanjar/weixin/mp/bean/card/WxMpCardCreateRequest.java,class,WxMpCardCreateRequest,bean/card/wx_mp_card_create_request.rs
weixin-java-mp,me/chanjar/weixin/mp/bean/card/WxMpCardCreateResult.java,class,WxMpCardCreateResult,bean/card/wx_mp_card_create_result.rs
weixin-java-mp,me/chanjar/weixin/mp/bean/card/WxMpCardDeleteResult.java,class,WxMpCardDeleteResult,bean/card/wx_mp_card_delete_result.rs
weixin-java-mp,me/chanjar/weixin/mp/bean/card/WxMpCardLandingPageCreateRequest.java,class,WxMpCardLandingPageCreateRequest,bean/card/wx_mp_card_landing_page_create_request.rs
weixin-java-mp,me/chanjar/weixin/mp/bean/card/WxMpCardLandingPageCreateResult.java,class,WxMpCardLandingPageCreateResult,bean/card/wx_mp_card_landing_page_create_result.rs
weixin-java-mp,me/chanjar/weixin/mp/bean/card/WxMpCardMpnewsGethtmlResult.java,class,WxMpCardMpnewsGethtmlResult,bean/card/wx_mp_card_mpnews_gethtml_result.rs
weixin-java-mp,me/chanjar/weixin/mp/bean/card/WxMpCardQrcodeCreateResult.java,class,WxMpCardQrcodeCreateResult,bean/card/wx_mp_card_qrcode_create_result.rs
weixin-java-mp,me/chanjar/weixin/mp/bean/card/WxMpCardResult.java,class,WxMpCardResult,bean/card/wx_mp_card_result.rs
weixin-java-mp,me/chanjar/weixin/mp/bean/card/WxUserCardListResult.java,class,WxUserCardListResult,bean/card/wx_user_card_list_result.rs
weixin-java-mp,me/chanjar/weixin/mp/bean/card/enums/BusinessServiceType.java,enum,BusinessServiceType,card/enums/business_service_type.rs
weixin-java-mp,me/chanjar/weixin/mp/bean/card/enums/CardCodeType.java,enum,CardCodeType,card/enums/card_code_type.rs
weixin-java-mp,me/chanjar/weixin/mp/bean/card/enums/CardColor.java,enum,CardColor,card/enums/card_color.rs
weixin-java-mp,me/chanjar/weixin/mp/bean/card/enums/CardFieldType.java,enum,CardFieldType,card/enums/card_field_type.rs
weixin-java-mp,me/chanjar/weixin/mp/bean/card/enums/CardRichFieldType.java,enum,CardRichFieldType,card/enums/card_rich_field_type.rs
weixin-java-mp,me/chanjar/weixin/mp/bean/card/enums/CardSceneType.java,enum,CardSceneType,card/enums/card_scene_type.rs
weixin-java-mp,me/chanjar/weixin/mp/bean/card/enums/CardStatusType.java,enum,CardStatusType,card/enums/card_status_type.rs
weixin-java-mp,me/chanjar/weixin/mp/bean/card/enums/CardWechatFieldType.java,enum,CardWechatFieldType,card/enums/card_wechat_field_type.rs
weixin-java-mp,me/chanjar/weixin/mp/bean/card/enums/CustomFieldNameType.java,enum,CustomFieldNameType,card/enums/custom_field_name_type.rs
weixin-java-mp,me/chanjar/weixin/mp/bean/card/enums/DateInfoType.java,enum,DateInfoType,card/enums/date_info_type.rs
weixin-java-mp,me/chanjar/weixin/mp/bean/card/membercard/ActivatePluginParam.java,class,ActivatePluginParam,card/membercard/activate_plugin_param.rs
weixin-java-mp,me/chanjar/weixin/mp/bean/card/membercard/ActivatePluginParamResult.java,class,ActivatePluginParamResult,card/membercard/activate_plugin_param_result.rs
weixin-java-mp,me/chanjar/weixin/mp/bean/card/membercard/MemberCard.java,class,MemberCard,card/membercard/member_card.rs
weixin-java-mp,me/chanjar/weixin/mp/bean/card/membercard/MemberCardActivateUserFormRequest.java,class,MemberCardActivateUserFormRequest,card/membercard/member_card_activate_user_form_request.rs
weixin-java-mp,me/chanjar/weixin/mp/bean/card/membercard/MemberCardActivateUserFormResult.java,class,MemberCardActivateUserFormResult,card/membercard/member_card_activate_user_form_result.rs
weixin-java-mp,me/chanjar/weixin/mp/bean/card/membercard/MemberCardCreateRequest.java,class,MemberCardCreateRequest,card/membercard/member_card_create_request.rs
weixin-java-mp,me/chanjar/weixin/mp/bean/card/membercard/MemberCardUpdate.java,class,MemberCardUpdate,card/membercard/member_card_update.rs
weixin-java-mp,me/chanjar/weixin/mp/bean/card/membercard/MemberCardUpdateRequest.java,class,MemberCardUpdateRequest,card/membercard/member_card_update_request.rs
weixin-java-mp,me/chanjar/weixin/mp/bean/card/membercard/MemberCardUserForm.java,class,MemberCardUserForm,card/membercard/member_card_user_form.rs
weixin-java-mp,me/chanjar/weixin/mp/bean/card/membercard/MemberCardUserFormRichField.java,class,MemberCardUserFormRichField,card/membercard/member_card_user_form_rich_field.rs
weixin-java-mp,me/chanjar/weixin/mp/bean/card/membercard/MemberCardUserInfo.java,class,MemberCardUserInfo,card/membercard/member_card_user_info.rs
weixin-java-mp,me/chanjar/weixin/mp/bean/card/membercard/NameValues.java,class,NameValues,card/membercard/name_values.rs
weixin-java-mp,me/chanjar/weixin/mp/bean/card/membercard/NotifyOptional.java,class,NotifyOptional,card/membercard/notify_optional.rs
weixin-java-mp,me/chanjar/weixin/mp/bean/card/membercard/WxMpMemberCardActivateTempInfoResult.java,class,WxMpMemberCardActivateTempInfoResult,card/membercard/wx_mp_member_card_activate_temp_info_result.rs
weixin-java-mp,me/chanjar/weixin/mp/bean/card/membercard/WxMpMemberCardActivatedMessage.java,class,WxMpMemberCardActivatedMessage,card/membercard/wx_mp_member_card_activated_message.rs
weixin-java-mp,me/chanjar/weixin/mp/bean/card/membercard/WxMpMemberCardCreateMessage.java,class,WxMpMemberCardCreateMessage,card/membercard/wx_mp_member_card_create_message.rs
weixin-java-mp,me/chanjar/weixin/mp/bean/card/membercard/WxMpMemberCardUpdateMessage.java,class,WxMpMemberCardUpdateMessage,card/membercard/wx_mp_member_card_update_message.rs
weixin-java-mp,me/chanjar/weixin/mp/bean/card/membercard/WxMpMemberCardUpdateResult.java,class,WxMpMemberCardUpdateResult,card/membercard/wx_mp_member_card_update_result.rs
weixin-java-mp,me/chanjar/weixin/mp/bean/card/membercard/WxMpMemberCardUserInfoResult.java,class,WxMpMemberCardUserInfoResult,card/membercard/wx_mp_member_card_user_info_result.rs
weixin-java-mp,me/chanjar/weixin/mp/bean/comment/WxMpCommentListVo.java,class,WxMpCommentListVo,bean/comment/wx_mp_comment_list_vo.rs
weixin-java-mp,me/chanjar/weixin/mp/bean/datacube/WxDataCubeArticleResult.java,class,WxDataCubeArticleResult,bean/datacube/wx_data_cube_article_result.rs
weixin-java-mp,me/chanjar/weixin/mp/bean/datacube/WxDataCubeArticleTotal.java,class,WxDataCubeArticleTotal,bean/datacube/wx_data_cube_article_total.rs
weixin-java-mp,me/chanjar/weixin/mp/bean/datacube/WxDataCubeArticleTotalDetail.java,class,WxDataCubeArticleTotalDetail,bean/datacube/wx_data_cube_article_total_detail.rs
weixin-java-mp,me/chanjar/weixin/mp/bean/datacube/WxDataCubeBaseResult.java,class,WxDataCubeBaseResult,bean/datacube/wx_data_cube_base_result.rs
weixin-java-mp,me/chanjar/weixin/mp/bean/datacube/WxDataCubeInterfaceResult.java,class,WxDataCubeInterfaceResult,bean/datacube/wx_data_cube_interface_result.rs
weixin-java-mp,me/chanjar/weixin/mp/bean/datacube/WxDataCubeMsgResult.java,class,WxDataCubeMsgResult,bean/datacube/wx_data_cube_msg_result.rs
weixin-java-mp,me/chanjar/weixin/mp/bean/datacube/WxDataCubeUserCumulate.java,class,WxDataCubeUserCumulate,bean/datacube/wx_data_cube_user_cumulate.rs
weixin-java-mp,me/chanjar/weixin/mp/bean/datacube/WxDataCubeUserSummary.java,class,WxDataCubeUserSummary,bean/datacube/wx_data_cube_user_summary.rs
weixin-java-mp,me/chanjar/weixin/mp/bean/device/AbstractDeviceBean.java,class,AbstractDeviceBean,bean/device/abstract_device_bean.rs
weixin-java-mp,me/chanjar/weixin/mp/bean/device/BaseResp.java,class,BaseResp,bean/device/base_resp.rs
weixin-java-mp,me/chanjar/weixin/mp/bean/device/RespMsg.java,class,RespMsg,bean/device/resp_msg.rs
weixin-java-mp,me/chanjar/weixin/mp/bean/device/TransMsgResp.java,class,TransMsgResp,bean/device/trans_msg_resp.rs
weixin-java-mp,me/chanjar/weixin/mp/bean/device/WxDevice.java,class,WxDevice,bean/device/wx_device.rs
weixin-java-mp,me/chanjar/weixin/mp/bean/device/WxDeviceAuthorize.java,class,WxDeviceAuthorize,bean/device/wx_device_authorize.rs
weixin-java-mp,me/chanjar/weixin/mp/bean/device/WxDeviceAuthorizeResult.java,class,WxDeviceAuthorizeResult,bean/device/wx_device_authorize_result.rs
weixin-java-mp,me/chanjar/weixin/mp/bean/device/WxDeviceBind.java,class,WxDeviceBind,bean/device/wx_device_bind.rs
weixin-java-mp,me/chanjar/weixin/mp/bean/device/WxDeviceBindDeviceResult.java,class,WxDeviceBindDeviceResult,bean/device/wx_device_bind_device_result.rs
weixin-java-mp,me/chanjar/weixin/mp/bean/device/WxDeviceBindResult.java,class,WxDeviceBindResult,bean/device/wx_device_bind_result.rs
weixin-java-mp,me/chanjar/weixin/mp/bean/device/WxDeviceMsg.java,class,WxDeviceMsg,bean/device/wx_device_msg.rs
weixin-java-mp,me/chanjar/weixin/mp/bean/device/WxDeviceOpenIdResult.java,class,WxDeviceOpenIdResult,bean/device/wx_device_open_id_result.rs
weixin-java-mp,me/chanjar/weixin/mp/bean/device/WxDeviceQrCodeResult.java,class,WxDeviceQrCodeResult,bean/device/wx_device_qr_code_result.rs
weixin-java-mp,me/chanjar/weixin/mp/bean/draft/WxMpAddDraft.java,class,WxMpAddDraft,bean/draft/wx_mp_add_draft.rs
weixin-java-mp,me/chanjar/weixin/mp/bean/draft/WxMpDraftArticles.java,class,WxMpDraftArticles,bean/draft/wx_mp_draft_articles.rs
weixin-java-mp,me/chanjar/weixin/mp/bean/draft/WxMpDraftCoverInfo.java,class,WxMpDraftCoverInfo,bean/draft/wx_mp_draft_cover_info.rs
weixin-java-mp,me/chanjar/weixin/mp/bean/draft/WxMpDraftImageInfo.java,class,WxMpDraftImageInfo,bean/draft/wx_mp_draft_image_info.rs
weixin-java-mp,me/chanjar/weixin/mp/bean/draft/WxMpDraftInfo.java,class,WxMpDraftInfo,bean/draft/wx_mp_draft_info.rs
weixin-java-mp,me/chanjar/weixin/mp/bean/draft/WxMpDraftItem.java,class,WxMpDraftItem,bean/draft/wx_mp_draft_item.rs
weixin-java-mp,me/chanjar/weixin/mp/bean/draft/WxMpDraftList.java,class,WxMpDraftList,bean/draft/wx_mp_draft_list.rs
weixin-java-mp,me/chanjar/weixin/mp/bean/draft/WxMpDraftProductInfo.java,class,WxMpDraftProductInfo,bean/draft/wx_mp_draft_product_info.rs
weixin-java-mp,me/chanjar/weixin/mp/bean/draft/WxMpUpdateDraft.java,class,WxMpUpdateDraft,bean/draft/wx_mp_update_draft.rs
weixin-java-mp,me/chanjar/weixin/mp/bean/freepublish/WxMpFreePublishArticles.java,class,WxMpFreePublishArticles,bean/freepublish/wx_mp_free_publish_articles.rs
weixin-java-mp,me/chanjar/weixin/mp/bean/freepublish/WxMpFreePublishInfo.java,class,WxMpFreePublishInfo,bean/freepublish/wx_mp_free_publish_info.rs
weixin-java-mp,me/chanjar/weixin/mp/bean/freepublish/WxMpFreePublishItem.java,class,WxMpFreePublishItem,bean/freepublish/wx_mp_free_publish_item.rs
weixin-java-mp,me/chanjar/weixin/mp/bean/freepublish/WxMpFreePublishList.java,class,WxMpFreePublishList,bean/freepublish/wx_mp_free_publish_list.rs
weixin-java-mp,me/chanjar/weixin/mp/bean/freepublish/WxMpFreePublishStatus.java,class,WxMpFreePublishStatus,bean/freepublish/wx_mp_free_publish_status.rs
weixin-java-mp,me/chanjar/weixin/mp/bean/guide/WxMpAddGuideAutoReply.java,class,WxMpAddGuideAutoReply,bean/guide/wx_mp_add_guide_auto_reply.rs
weixin-java-mp,me/chanjar/weixin/mp/bean/guide/WxMpAddGuideBuyerInfo.java,class,WxMpAddGuideBuyerInfo,bean/guide/wx_mp_add_guide_buyer_info.rs
weixin-java-mp,me/chanjar/weixin/mp/bean/guide/WxMpGuideAcctConfig.java,class,WxMpGuideAcctConfig,bean/guide/wx_mp_guide_acct_config.rs
weixin-java-mp,me/chanjar/weixin/mp/bean/guide/WxMpGuideAutoReply.java,class,WxMpGuideAutoReply,bean/guide/wx_mp_guide_auto_reply.rs
weixin-java-mp,me/chanjar/weixin/mp/bean/guide/WxMpGuideBuyerInfo.java,class,WxMpGuideBuyerInfo,bean/guide/wx_mp_guide_buyer_info.rs
weixin-java-mp,me/chanjar/weixin/mp/bean/guide/WxMpGuideBuyerInfoList.java,class,WxMpGuideBuyerInfoList,bean/guide/wx_mp_guide_buyer_info_list.rs
weixin-java-mp,me/chanjar/weixin/mp/bean/guide/WxMpGuideBuyerRelation.java,class,WxMpGuideBuyerRelation,bean/guide/wx_mp_guide_buyer_relation.rs
weixin-java-mp,me/chanjar/weixin/mp/bean/guide/WxMpGuideBuyerResp.java,class,WxMpGuideBuyerResp,bean/guide/wx_mp_guide_buyer_resp.rs
weixin-java-mp,me/chanjar/weixin/mp/bean/guide/WxMpGuideCardMaterialInfo.java,class,WxMpGuideCardMaterialInfo,bean/guide/wx_mp_guide_card_material_info.rs
weixin-java-mp,me/chanjar/weixin/mp/bean/guide/WxMpGuideConfig.java,class,WxMpGuideConfig,bean/guide/wx_mp_guide_config.rs
weixin-java-mp,me/chanjar/weixin/mp/bean/guide/WxMpGuideFastReply.java,class,WxMpGuideFastReply,bean/guide/wx_mp_guide_fast_reply.rs
weixin-java-mp,me/chanjar/weixin/mp/bean/guide/WxMpGuideGroup.java,class,WxMpGuideGroup,bean/guide/wx_mp_guide_group.rs
weixin-java-mp,me/chanjar/weixin/mp/bean/guide/WxMpGuideGroupInfo.java,class,WxMpGuideGroupInfo,bean/guide/wx_mp_guide_group_info.rs
weixin-java-mp,me/chanjar/weixin/mp/bean/guide/WxMpGuideGroupInfoList.java,class,WxMpGuideGroupInfoList,bean/guide/wx_mp_guide_group_info_list.rs
weixin-java-mp,me/chanjar/weixin/mp/bean/guide/WxMpGuideImgMaterialInfo.java,class,WxMpGuideImgMaterialInfo,bean/guide/wx_mp_guide_img_material_info.rs
weixin-java-mp,me/chanjar/weixin/mp/bean/guide/WxMpGuideImgMaterialInfoList.java,class,WxMpGuideImgMaterialInfoList,bean/guide/wx_mp_guide_img_material_info_list.rs
weixin-java-mp,me/chanjar/weixin/mp/bean/guide/WxMpGuideInfo.java,class,WxMpGuideInfo,bean/guide/wx_mp_guide_info.rs
weixin-java-mp,me/chanjar/weixin/mp/bean/guide/WxMpGuideList.java,class,WxMpGuideList,bean/guide/wx_mp_guide_list.rs
weixin-java-mp,me/chanjar/weixin/mp/bean/guide/WxMpGuideMassed.java,class,WxMpGuideMassed,bean/guide/wx_mp_guide_massed.rs
weixin-java-mp,me/chanjar/weixin/mp/bean/guide/WxMpGuideMassedBuyerInfo.java,class,WxMpGuideMassedBuyerInfo,bean/guide/wx_mp_guide_massed_buyer_info.rs
weixin-java-mp,me/chanjar/weixin/mp/bean/guide/WxMpGuideMassedInfo.java,class,WxMpGuideMassedInfo,bean/guide/wx_mp_guide_massed_info.rs
weixin-java-mp,me/chanjar/weixin/mp/bean/guide/WxMpGuideMaterialInfo.java,class,WxMpGuideMaterialInfo,bean/guide/wx_mp_guide_material_info.rs
weixin-java-mp,me/chanjar/weixin/mp/bean/guide/WxMpGuideMsg.java,class,WxMpGuideMsg,bean/guide/wx_mp_guide_msg.rs
weixin-java-mp,me/chanjar/weixin/mp/bean/guide/WxMpGuideMsgList.java,class,WxMpGuideMsgList,bean/guide/wx_mp_guide_msg_list.rs
weixin-java-mp,me/chanjar/weixin/mp/bean/guide/WxMpGuideOffLineReply.java,class,WxMpGuideOffLineReply,bean/guide/wx_mp_guide_off_line_reply.rs
weixin-java-mp,me/chanjar/weixin/mp/bean/guide/WxMpGuideSensitiveWords.java,class,WxMpGuideSensitiveWords,bean/guide/wx_mp_guide_sensitive_words.rs
weixin-java-mp,me/chanjar/weixin/mp/bean/guide/WxMpGuideTagInfo.java,class,WxMpGuideTagInfo,bean/guide/wx_mp_guide_tag_info.rs
weixin-java-mp,me/chanjar/weixin/mp/bean/guide/WxMpGuideWordMaterialInfo.java,class,WxMpGuideWordMaterialInfo,bean/guide/wx_mp_guide_word_material_info.rs
weixin-java-mp,me/chanjar/weixin/mp/bean/guide/WxMpGuideWordMaterialInfoList.java,class,WxMpGuideWordMaterialInfoList,bean/guide/wx_mp_guide_word_material_info_list.rs
weixin-java-mp,me/chanjar/weixin/mp/bean/invoice/merchant/ClearOutInvoiceRequest.java,class,ClearOutInvoiceRequest,invoice/merchant/clear_out_invoice_request.rs
weixin-java-mp,me/chanjar/weixin/mp/bean/invoice/merchant/InvoiceAuthDataRequest.java,class,InvoiceAuthDataRequest,invoice/merchant/invoice_auth_data_request.rs
weixin-java-mp,me/chanjar/weixin/mp/bean/invoice/merchant/InvoiceAuthDataResult.java,class,InvoiceAuthDataResult,invoice/merchant/invoice_auth_data_result.rs
weixin-java-mp,me/chanjar/weixin/mp/bean/invoice/merchant/InvoiceAuthPageRequest.java,class,InvoiceAuthPageRequest,invoice/merchant/invoice_auth_page_request.rs
weixin-java-mp,me/chanjar/weixin/mp/bean/invoice/merchant/InvoiceAuthPageResult.java,class,InvoiceAuthPageResult,invoice/merchant/invoice_auth_page_result.rs
weixin-java-mp,me/chanjar/weixin/mp/bean/invoice/merchant/InvoiceAuthPageSetting.java,class,InvoiceAuthPageSetting,invoice/merchant/invoice_auth_page_setting.rs
weixin-java-mp,me/chanjar/weixin/mp/bean/invoice/merchant/InvoiceRejectRequest.java,class,InvoiceRejectRequest,invoice/merchant/invoice_reject_request.rs
weixin-java-mp,me/chanjar/weixin/mp/bean/invoice/merchant/InvoiceResult.java,class,InvoiceResult,invoice/merchant/invoice_result.rs
weixin-java-mp,me/chanjar/weixin/mp/bean/invoice/merchant/MakeOutInvoiceRequest.java,class,MakeOutInvoiceRequest,invoice/merchant/make_out_invoice_request.rs
weixin-java-mp,me/chanjar/weixin/mp/bean/invoice/merchant/MerchantContactInfo.java,class,MerchantContactInfo,invoice/merchant/merchant_contact_info.rs
weixin-java-mp,me/chanjar/weixin/mp/bean/invoice/merchant/MerchantContactInfoWrapper.java,class,MerchantContactInfoWrapper,invoice/merchant/merchant_contact_info_wrapper.rs
weixin-java-mp,me/chanjar/weixin/mp/bean/invoice/merchant/MerchantInvoicePlatformInfo.java,class,MerchantInvoicePlatformInfo,invoice/merchant/merchant_invoice_platform_info.rs
weixin-java-mp,me/chanjar/weixin/mp/bean/invoice/merchant/MerchantInvoicePlatformInfoWrapper.java,class,MerchantInvoicePlatformInfoWrapper,invoice/merchant/merchant_invoice_platform_info_wrapper.rs
weixin-java-mp,me/chanjar/weixin/mp/bean/invoice/reimburse/InvoiceBatchRequest.java,class,InvoiceBatchRequest,invoice/reimburse/invoice_batch_request.rs
weixin-java-mp,me/chanjar/weixin/mp/bean/invoice/reimburse/InvoiceCommodityInfo.java,class,InvoiceCommodityInfo,invoice/reimburse/invoice_commodity_info.rs
weixin-java-mp,me/chanjar/weixin/mp/bean/invoice/reimburse/InvoiceInfoRequest.java,class,InvoiceInfoRequest,invoice/reimburse/invoice_info_request.rs
weixin-java-mp,me/chanjar/weixin/mp/bean/invoice/reimburse/InvoiceInfoResponse.java,class,InvoiceInfoResponse,invoice/reimburse/invoice_info_response.rs
weixin-java-mp,me/chanjar/weixin/mp/bean/invoice/reimburse/InvoiceUserInfo.java,class,InvoiceUserInfo,invoice/reimburse/invoice_user_info.rs
weixin-java-mp,me/chanjar/weixin/mp/bean/invoice/reimburse/UpdateInvoiceStatusRequest.java,class,UpdateInvoiceStatusRequest,invoice/reimburse/update_invoice_status_request.rs
weixin-java-mp,me/chanjar/weixin/mp/bean/invoice/reimburse/UpdateStatusBatchRequest.java,class,UpdateStatusBatchRequest,invoice/reimburse/update_status_batch_request.rs
weixin-java-mp,me/chanjar/weixin/mp/bean/kefu/WxMpKefuMessage.java,class,WxMpKefuMessage,bean/kefu/wx_mp_kefu_message.rs
weixin-java-mp,me/chanjar/weixin/mp/bean/kefu/request/WxMpKfAccountRequest.java,class,WxMpKfAccountRequest,kefu/request/wx_mp_kf_account_request.rs
weixin-java-mp,me/chanjar/weixin/mp/bean/kefu/request/WxMpKfSessionRequest.java,class,WxMpKfSessionRequest,kefu/request/wx_mp_kf_session_request.rs
weixin-java-mp,me/chanjar/weixin/mp/bean/kefu/result/WxMpKfInfo.java,class,WxMpKfInfo,kefu/result/wx_mp_kf_info.rs
weixin-java-mp,me/chanjar/weixin/mp/bean/kefu/result/WxMpKfList.java,class,WxMpKfList,kefu/result/wx_mp_kf_list.rs
weixin-java-mp,me/chanjar/weixin/mp/bean/kefu/result/WxMpKfMsgList.java,class,WxMpKfMsgList,kefu/result/wx_mp_kf_msg_list.rs
weixin-java-mp,me/chanjar/weixin/mp/bean/kefu/result/WxMpKfMsgRecord.java,class,WxMpKfMsgRecord,kefu/result/wx_mp_kf_msg_record.rs
weixin-java-mp,me/chanjar/weixin/mp/bean/kefu/result/WxMpKfOnlineList.java,class,WxMpKfOnlineList,kefu/result/wx_mp_kf_online_list.rs
weixin-java-mp,me/chanjar/weixin/mp/bean/kefu/result/WxMpKfSession.java,class,WxMpKfSession,kefu/result/wx_mp_kf_session.rs
weixin-java-mp,me/chanjar/weixin/mp/bean/kefu/result/WxMpKfSessionGetResult.java,class,WxMpKfSessionGetResult,kefu/result/wx_mp_kf_session_get_result.rs
weixin-java-mp,me/chanjar/weixin/mp/bean/kefu/result/WxMpKfSessionList.java,class,WxMpKfSessionList,kefu/result/wx_mp_kf_session_list.rs
weixin-java-mp,me/chanjar/weixin/mp/bean/kefu/result/WxMpKfSessionWaitCaseList.java,class,WxMpKfSessionWaitCaseList,kefu/result/wx_mp_kf_session_wait_case_list.rs
weixin-java-mp,me/chanjar/weixin/mp/bean/marketing/WxMpAdLead.java,class,WxMpAdLead,bean/marketing/wx_mp_ad_lead.rs
weixin-java-mp,me/chanjar/weixin/mp/bean/marketing/WxMpAdLeadFilter.java,class,WxMpAdLeadFilter,bean/marketing/wx_mp_ad_lead_filter.rs
weixin-java-mp,me/chanjar/weixin/mp/bean/marketing/WxMpAdLeadInfo.java,class,WxMpAdLeadInfo,bean/marketing/wx_mp_ad_lead_info.rs
weixin-java-mp,me/chanjar/weixin/mp/bean/marketing/WxMpAdLeadPageInfo.java,class,WxMpAdLeadPageInfo,bean/marketing/wx_mp_ad_lead_page_info.rs
weixin-java-mp,me/chanjar/weixin/mp/bean/marketing/WxMpAdLeadResult.java,class,WxMpAdLeadResult,bean/marketing/wx_mp_ad_lead_result.rs
weixin-java-mp,me/chanjar/weixin/mp/bean/marketing/WxMpUserAction.java,class,WxMpUserAction,bean/marketing/wx_mp_user_action.rs
weixin-java-mp,me/chanjar/weixin/mp/bean/marketing/WxMpUserActionSet.java,class,WxMpUserActionSet,bean/marketing/wx_mp_user_action_set.rs
weixin-java-mp,me/chanjar/weixin/mp/bean/material/WxMediaImgUploadResult.java,class,WxMediaImgUploadResult,bean/material/wx_media_img_upload_result.rs
weixin-java-mp,me/chanjar/weixin/mp/bean/material/WxMpMaterial.java,class,WxMpMaterial,bean/material/wx_mp_material.rs
weixin-java-mp,me/chanjar/weixin/mp/bean/material/WxMpMaterialArticleUpdate.java,class,WxMpMaterialArticleUpdate,bean/material/wx_mp_material_article_update.rs
weixin-java-mp,me/chanjar/weixin/mp/bean/material/WxMpMaterialCountResult.java,class,WxMpMaterialCountResult,bean/material/wx_mp_material_count_result.rs
weixin-java-mp,me/chanjar/weixin/mp/bean/material/WxMpMaterialFileBatchGetResult.java,class,WxMpMaterialFileBatchGetResult,bean/material/wx_mp_material_file_batch_get_result.rs
weixin-java-mp,me/chanjar/weixin/mp/bean/material/WxMpMaterialNews.java,class,WxMpMaterialNews,bean/material/wx_mp_material_news.rs
weixin-java-mp,me/chanjar/weixin/mp/bean/material/WxMpMaterialNewsBatchGetResult.java,class,WxMpMaterialNewsBatchGetResult,bean/material/wx_mp_material_news_batch_get_result.rs
weixin-java-mp,me/chanjar/weixin/mp/bean/material/WxMpMaterialUploadResult.java,class,WxMpMaterialUploadResult,bean/material/wx_mp_material_upload_result.rs
weixin-java-mp,me/chanjar/weixin/mp/bean/material/WxMpMaterialVideoInfoResult.java,class,WxMpMaterialVideoInfoResult,bean/material/wx_mp_material_video_info_result.rs
weixin-java-mp,me/chanjar/weixin/mp/bean/material/WxMpNewsArticle.java,class,WxMpNewsArticle,bean/material/wx_mp_news_article.rs
weixin-java-mp,me/chanjar/weixin/mp/bean/menu/WxMpGetSelfMenuInfoResult.java,class,WxMpGetSelfMenuInfoResult,bean/menu/wx_mp_get_self_menu_info_result.rs
weixin-java-mp,me/chanjar/weixin/mp/bean/menu/WxMpMenu.java,class,WxMpMenu,bean/menu/wx_mp_menu.rs
weixin-java-mp,me/chanjar/weixin/mp/bean/menu/WxMpSelfMenuInfo.java,class,WxMpSelfMenuInfo,bean/menu/wx_mp_self_menu_info.rs
weixin-java-mp,me/chanjar/weixin/mp/bean/message/ArticleUrlResult.java,class,ArticleUrlResult,bean/message/article_url_result.rs
weixin-java-mp,me/chanjar/weixin/mp/bean/message/HardWare.java,class,HardWare,bean/message/hard_ware.rs
weixin-java-mp,me/chanjar/weixin/mp/bean/message/ScanCodeInfo.java,class,ScanCodeInfo,bean/message/scan_code_info.rs
weixin-java-mp,me/chanjar/weixin/mp/bean/message/SendLocationInfo.java,class,SendLocationInfo,bean/message/send_location_info.rs
weixin-java-mp,me/chanjar/weixin/mp/bean/message/SendPicsInfo.java,class,SendPicsInfo,bean/message/send_pics_info.rs
weixin-java-mp,me/chanjar/weixin/mp/bean/message/WxMpSubscribeMsgEvent.java,class,WxMpSubscribeMsgEvent,bean/message/wx_mp_subscribe_msg_event.rs
weixin-java-mp,me/chanjar/weixin/mp/bean/message/WxMpXmlMessage.java,class,WxMpXmlMessage,bean/message/wx_mp_xml_message.rs
weixin-java-mp,me/chanjar/weixin/mp/bean/message/WxMpXmlOutDeviceMessage.java,class,WxMpXmlOutDeviceMessage,bean/message/wx_mp_xml_out_device_message.rs
weixin-java-mp,me/chanjar/weixin/mp/bean/message/WxMpXmlOutImageMessage.java,class,WxMpXmlOutImageMessage,bean/message/wx_mp_xml_out_image_message.rs
weixin-java-mp,me/chanjar/weixin/mp/bean/message/WxMpXmlOutMessage.java,class,WxMpXmlOutMessage,bean/message/wx_mp_xml_out_message.rs
weixin-java-mp,me/chanjar/weixin/mp/bean/message/WxMpXmlOutMusicMessage.java,class,WxMpXmlOutMusicMessage,bean/message/wx_mp_xml_out_music_message.rs
weixin-java-mp,me/chanjar/weixin/mp/bean/message/WxMpXmlOutNewsMessage.java,class,WxMpXmlOutNewsMessage,bean/message/wx_mp_xml_out_news_message.rs
weixin-java-mp,me/chanjar/weixin/mp/bean/message/WxMpXmlOutTextMessage.java,class,WxMpXmlOutTextMessage,bean/message/wx_mp_xml_out_text_message.rs
weixin-java-mp,me/chanjar/weixin/mp/bean/message/WxMpXmlOutTransferBizAiIvrMessage.java,class,WxMpXmlOutTransferBizAiIvrMessage,bean/message/wx_mp_xml_out_transfer_biz_ai_ivr_message.rs
weixin-java-mp,me/chanjar/weixin/mp/bean/message/WxMpXmlOutTransferKefuMessage.java,class,WxMpXmlOutTransferKefuMessage,bean/message/wx_mp_xml_out_transfer_kefu_message.rs
weixin-java-mp,me/chanjar/weixin/mp/bean/message/WxMpXmlOutVideoMessage.java,class,WxMpXmlOutVideoMessage,bean/message/wx_mp_xml_out_video_message.rs
weixin-java-mp,me/chanjar/weixin/mp/bean/message/WxMpXmlOutVoiceMessage.java,class,WxMpXmlOutVoiceMessage,bean/message/wx_mp_xml_out_voice_message.rs
weixin-java-mp,me/chanjar/weixin/mp/bean/result/WxMpChangeOpenid.java,class,WxMpChangeOpenid,bean/result/wx_mp_change_openid.rs
weixin-java-mp,me/chanjar/weixin/mp/bean/result/WxMpCurrentAutoReplyInfo.java,class,WxMpCurrentAutoReplyInfo,bean/result/wx_mp_current_auto_reply_info.rs
weixin-java-mp,me/chanjar/weixin/mp/bean/result/WxMpMassGetResult.java,class,WxMpMassGetResult,bean/result/wx_mp_mass_get_result.rs
weixin-java-mp,me/chanjar/weixin/mp/bean/result/WxMpMassSendResult.java,class,WxMpMassSendResult,bean/result/wx_mp_mass_send_result.rs
weixin-java-mp,me/chanjar/weixin/mp/bean/result/WxMpMassSpeedGetResult.java,class,WxMpMassSpeedGetResult,bean/result/wx_mp_mass_speed_get_result.rs
weixin-java-mp,me/chanjar/weixin/mp/bean/result/WxMpMassUploadResult.java,class,WxMpMassUploadResult,bean/result/wx_mp_mass_upload_result.rs
weixin-java-mp,me/chanjar/weixin/mp/bean/result/WxMpQrCodeTicket.java,class,WxMpQrCodeTicket,bean/result/wx_mp_qr_code_ticket.rs
weixin-java-mp,me/chanjar/weixin/mp/bean/result/WxMpSemanticQueryResult.java,class,WxMpSemanticQueryResult,bean/result/wx_mp_semantic_query_result.rs
weixin-java-mp,me/chanjar/weixin/mp/bean/result/WxMpShortKeyResult.java,class,WxMpShortKeyResult,bean/result/wx_mp_short_key_result.rs
weixin-java-mp,me/chanjar/weixin/mp/bean/result/WxMpUser.java,class,WxMpUser,bean/result/wx_mp_user.rs
weixin-java-mp,me/chanjar/weixin/mp/bean/result/WxMpUserBlacklistGetResult.java,class,WxMpUserBlacklistGetResult,bean/result/wx_mp_user_blacklist_get_result.rs
weixin-java-mp,me/chanjar/weixin/mp/bean/result/WxMpUserList.java,class,WxMpUserList,bean/result/wx_mp_user_list.rs
weixin-java-mp,me/chanjar/weixin/mp/bean/shake/WxMpDeviceIdentifier.java,class,WxMpDeviceIdentifier,bean/shake/wx_mp_device_identifier.rs
weixin-java-mp,me/chanjar/weixin/mp/bean/shake/WxMpShakeAroundDeviceBindPageQuery.java,class,WxMpShakeAroundDeviceBindPageQuery,bean/shake/wx_mp_shake_around_device_bind_page_query.rs
weixin-java-mp,me/chanjar/weixin/mp/bean/shake/WxMpShakeAroundPageAddQuery.java,class,WxMpShakeAroundPageAddQuery,bean/shake/wx_mp_shake_around_page_add_query.rs
weixin-java-mp,me/chanjar/weixin/mp/bean/shake/WxMpShakeAroundPageAddResult.java,class,WxMpShakeAroundPageAddResult,bean/shake/wx_mp_shake_around_page_add_result.rs
weixin-java-mp,me/chanjar/weixin/mp/bean/shake/WxMpShakeAroundRelationSearchQuery.java,class,WxMpShakeAroundRelationSearchQuery,bean/shake/wx_mp_shake_around_relation_search_query.rs
weixin-java-mp,me/chanjar/weixin/mp/bean/shake/WxMpShakeAroundRelationSearchResult.java,class,WxMpShakeAroundRelationSearchResult,bean/shake/wx_mp_shake_around_relation_search_result.rs
weixin-java-mp,me/chanjar/weixin/mp/bean/store/WxMpStoreBaseInfo.java,class,WxMpStoreBaseInfo,bean/store/wx_mp_store_base_info.rs
weixin-java-mp,me/chanjar/weixin/mp/bean/store/WxMpStoreInfo.java,class,WxMpStoreInfo,bean/store/wx_mp_store_info.rs
weixin-java-mp,me/chanjar/weixin/mp/bean/store/WxMpStoreListResult.java,class,WxMpStoreListResult,bean/store/wx_mp_store_list_result.rs
weixin-java-mp,me/chanjar/weixin/mp/bean/subscribe/WxMpSubscribeMessage.java,class,WxMpSubscribeMessage,bean/subscribe/wx_mp_subscribe_message.rs
weixin-java-mp,me/chanjar/weixin/mp/bean/tag/WxTagListUser.java,class,WxTagListUser,bean/tag/wx_tag_list_user.rs
weixin-java-mp,me/chanjar/weixin/mp/bean/tag/WxUserTag.java,class,WxUserTag,bean/tag/wx_user_tag.rs
weixin-java-mp,me/chanjar/weixin/mp/bean/template/WxMpTemplate.java,class,WxMpTemplate,bean/template/wx_mp_template.rs
weixin-java-mp,me/chanjar/weixin/mp/bean/template/WxMpTemplateData.java,class,WxMpTemplateData,bean/template/wx_mp_template_data.rs
weixin-java-mp,me/chanjar/weixin/mp/bean/template/WxMpTemplateIndustry.java,class,WxMpTemplateIndustry,bean/template/wx_mp_template_industry.rs
weixin-java-mp,me/chanjar/weixin/mp/bean/template/WxMpTemplateIndustryEnum.java,enum,WxMpTemplateIndustryEnum,bean/template/wx_mp_template_industry_enum.rs
weixin-java-mp,me/chanjar/weixin/mp/bean/template/WxMpTemplateMessage.java,class,WxMpTemplateMessage,bean/template/wx_mp_template_message.rs
weixin-java-mp,me/chanjar/weixin/mp/bean/wifi/WxMpWifiShopDataResult.java,class,WxMpWifiShopDataResult,bean/wifi/wx_mp_wifi_shop_data_result.rs
weixin-java-mp,me/chanjar/weixin/mp/bean/wifi/WxMpWifiShopListResult.java,class,WxMpWifiShopListResult,bean/wifi/wx_mp_wifi_shop_list_result.rs
weixin-java-mp,me/chanjar/weixin/mp/builder/kefu/BaseBuilder.java,class,BaseBuilder,builder/kefu/base_builder.rs
weixin-java-mp,me/chanjar/weixin/mp/builder/kefu/ImageBuilder.java,class,ImageBuilder,builder/kefu/image_builder.rs
weixin-java-mp,me/chanjar/weixin/mp/builder/kefu/MiniProgramPageBuilder.java,class,MiniProgramPageBuilder,builder/kefu/mini_program_page_builder.rs
weixin-java-mp,me/chanjar/weixin/mp/builder/kefu/MpNewsArticleBuilder.java,class,MpNewsArticleBuilder,builder/kefu/mp_news_article_builder.rs
weixin-java-mp,me/chanjar/weixin/mp/builder/kefu/MpNewsBuilder.java,class,MpNewsBuilder,builder/kefu/mp_news_builder.rs
weixin-java-mp,me/chanjar/weixin/mp/builder/kefu/MusicBuilder.java,class,MusicBuilder,builder/kefu/music_builder.rs
weixin-java-mp,me/chanjar/weixin/mp/builder/kefu/NewsBuilder.java,class,NewsBuilder,builder/kefu/news_builder.rs
weixin-java-mp,me/chanjar/weixin/mp/builder/kefu/TextBuilder.java,class,TextBuilder,builder/kefu/text_builder.rs
weixin-java-mp,me/chanjar/weixin/mp/builder/kefu/VideoBuilder.java,class,VideoBuilder,builder/kefu/video_builder.rs
weixin-java-mp,me/chanjar/weixin/mp/builder/kefu/VoiceBuilder.java,class,VoiceBuilder,builder/kefu/voice_builder.rs
weixin-java-mp,me/chanjar/weixin/mp/builder/kefu/WxCardBuilder.java,class,WxCardBuilder,builder/kefu/wx_card_builder.rs
weixin-java-mp,me/chanjar/weixin/mp/builder/kefu/WxMsgMenuBuilder.java,class,WxMsgMenuBuilder,builder/kefu/wx_msg_menu_builder.rs
weixin-java-mp,me/chanjar/weixin/mp/builder/outxml/BaseBuilder.java,class,BaseBuilder,builder/outxml/base_builder.rs
weixin-java-mp,me/chanjar/weixin/mp/builder/outxml/DeviceBuilder.java,class,DeviceBuilder,builder/outxml/device_builder.rs
weixin-java-mp,me/chanjar/weixin/mp/builder/outxml/ImageBuilder.java,class,ImageBuilder,builder/outxml/image_builder.rs
weixin-java-mp,me/chanjar/weixin/mp/builder/outxml/MusicBuilder.java,class,MusicBuilder,builder/outxml/music_builder.rs
weixin-java-mp,me/chanjar/weixin/mp/builder/outxml/NewsBuilder.java,class,NewsBuilder,builder/outxml/news_builder.rs
weixin-java-mp,me/chanjar/weixin/mp/builder/outxml/TextBuilder.java,class,TextBuilder,builder/outxml/text_builder.rs
weixin-java-mp,me/chanjar/weixin/mp/builder/outxml/TransferBizAiIvrBuilder.java,class,TransferBizAiIvrBuilder,builder/outxml/transfer_biz_ai_ivr_builder.rs
weixin-java-mp,me/chanjar/weixin/mp/builder/outxml/TransferCustomerServiceBuilder.java,class,TransferCustomerServiceBuilder,builder/outxml/transfer_customer_service_builder.rs
weixin-java-mp,me/chanjar/weixin/mp/builder/outxml/VideoBuilder.java,class,VideoBuilder,builder/outxml/video_builder.rs
weixin-java-mp,me/chanjar/weixin/mp/builder/outxml/VoiceBuilder.java,class,VoiceBuilder,builder/outxml/voice_builder.rs
weixin-java-mp,me/chanjar/weixin/mp/config/WxMpConfigStorage.java,interface,WxMpConfigStorage,config/wx_mp_config_storage.rs
weixin-java-mp,me/chanjar/weixin/mp/config/WxMpHostConfig.java,class,WxMpHostConfig,config/wx_mp_host_config.rs
weixin-java-mp,me/chanjar/weixin/mp/config/impl/WxMpDefaultConfigImpl.java,class,WxMpDefaultConfigImpl,config/impl/wx_mp_default_config_impl.rs
weixin-java-mp,me/chanjar/weixin/mp/config/impl/WxMpMapConfigImpl.java,class,WxMpMapConfigImpl,config/impl/wx_mp_map_config_impl.rs
weixin-java-mp,me/chanjar/weixin/mp/config/impl/WxMpRedisConfigImpl.java,class,WxMpRedisConfigImpl,config/impl/wx_mp_redis_config_impl.rs
weixin-java-mp,me/chanjar/weixin/mp/config/impl/WxMpRedissonConfigImpl.java,class,WxMpRedissonConfigImpl,config/impl/wx_mp_redisson_config_impl.rs
weixin-java-mp,me/chanjar/weixin/mp/constant/WxMpEventConstants.java,class,WxMpEventConstants,constant/wx_mp_event_constants.rs
weixin-java-mp,me/chanjar/weixin/mp/enums/AiLangType.java,enum,AiLangType,enums/ai_lang_type.rs
weixin-java-mp,me/chanjar/weixin/mp/enums/WxCardType.java,enum,WxCardType,enums/wx_card_type.rs
weixin-java-mp,me/chanjar/weixin/mp/enums/WxMpApiUrl.java,interface,WxMpApiUrl,enums/wx_mp_api_url.rs
weixin-java-mp,me/chanjar/weixin/mp/util/WxMpConfigStorageHolder.java,class,WxMpConfigStorageHolder,util/wx_mp_config_storage_holder.rs
weixin-java-mp,me/chanjar/weixin/mp/util/crypto/WxMpCryptUtil.java,class,WxMpCryptUtil,util/crypto/wx_mp_crypt_util.rs
weixin-java-mp,me/chanjar/weixin/mp/util/json/WxMediaImgUploadResultGsonAdapter.java,class,WxMediaImgUploadResultGsonAdapter,util/json/wx_media_img_upload_result_gson_adapter.rs
weixin-java-mp,me/chanjar/weixin/mp/util/json/WxMpCardGsonAdapter.java,class,WxMpCardGsonAdapter,util/json/wx_mp_card_gson_adapter.rs
weixin-java-mp,me/chanjar/weixin/mp/util/json/WxMpCardResultGsonAdapter.java,class,WxMpCardResultGsonAdapter,util/json/wx_mp_card_result_gson_adapter.rs
weixin-java-mp,me/chanjar/weixin/mp/util/json/WxMpChangeOpenidGsonAdapter.java,class,WxMpChangeOpenidGsonAdapter,util/json/wx_mp_change_openid_gson_adapter.rs
weixin-java-mp,me/chanjar/weixin/mp/util/json/WxMpGsonBuilder.java,class,WxMpGsonBuilder,util/json/wx_mp_gson_builder.rs
weixin-java-mp,me/chanjar/weixin/mp/util/json/WxMpIndustryGsonAdapter.java,class,WxMpIndustryGsonAdapter,util/json/wx_mp_industry_gson_adapter.rs
weixin-java-mp,me/chanjar/weixin/mp/util/json/WxMpKefuMessageGsonAdapter.java,class,WxMpKefuMessageGsonAdapter,util/json/wx_mp_kefu_message_gson_adapter.rs
weixin-java-mp,me/chanjar/weixin/mp/util/json/WxMpMassNewsGsonAdapter.java,class,WxMpMassNewsGsonAdapter,util/json/wx_mp_mass_news_gson_adapter.rs
weixin-java-mp,me/chanjar/weixin/mp/util/json/WxMpMassOpenIdsMessageGsonAdapter.java,class,WxMpMassOpenIdsMessageGsonAdapter,util/json/wx_mp_mass_open_ids_message_gson_adapter.rs
weixin-java-mp,me/chanjar/weixin/mp/util/json/WxMpMassPreviewMessageGsonAdapter.java,class,WxMpMassPreviewMessageGsonAdapter,util/json/wx_mp_mass_preview_message_gson_adapter.rs
weixin-java-mp,me/chanjar/weixin/mp/util/json/WxMpMassSendResultAdapter.java,class,WxMpMassSendResultAdapter,util/json/wx_mp_mass_send_result_adapter.rs
weixin-java-mp,me/chanjar/weixin/mp/util/json/WxMpMassTagMessageGsonAdapter.java,class,WxMpMassTagMessageGsonAdapter,util/json/wx_mp_mass_tag_message_gson_adapter.rs
weixin-java-mp,me/chanjar/weixin/mp/util/json/WxMpMassUploadResultAdapter.java,class,WxMpMassUploadResultAdapter,util/json/wx_mp_mass_upload_result_adapter.rs
weixin-java-mp,me/chanjar/weixin/mp/util/json/WxMpMassVideoAdapter.java,class,WxMpMassVideoAdapter,util/json/wx_mp_mass_video_adapter.rs
weixin-java-mp,me/chanjar/weixin/mp/util/json/WxMpMaterialArticleUpdateGsonAdapter.java,class,WxMpMaterialArticleUpdateGsonAdapter,util/json/wx_mp_material_article_update_gson_adapter.rs
weixin-java-mp,me/chanjar/weixin/mp/util/json/WxMpMaterialCountResultAdapter.java,class,WxMpMaterialCountResultAdapter,util/json/wx_mp_material_count_result_adapter.rs
weixin-java-mp,me/chanjar/weixin/mp/util/json/WxMpMaterialFileBatchGetGsonAdapter.java,class,WxMpMaterialFileBatchGetGsonAdapter,util/json/wx_mp_material_file_batch_get_gson_adapter.rs
weixin-java-mp,me/chanjar/weixin/mp/util/json/WxMpMaterialFileBatchGetGsonItemAdapter.java,class,WxMpMaterialFileBatchGetGsonItemAdapter,util/json/wx_mp_material_file_batch_get_gson_item_adapter.rs
weixin-java-mp,me/chanjar/weixin/mp/util/json/WxMpMaterialNewsBatchGetGsonAdapter.java,class,WxMpMaterialNewsBatchGetGsonAdapter,util/json/wx_mp_material_news_batch_get_gson_adapter.rs
weixin-java-mp,me/chanjar/weixin/mp/util/json/WxMpMaterialNewsBatchGetGsonItemAdapter.java,class,WxMpMaterialNewsBatchGetGsonItemAdapter,util/json/wx_mp_material_news_batch_get_gson_item_adapter.rs
weixin-java-mp,me/chanjar/weixin/mp/util/json/WxMpMaterialNewsGsonAdapter.java,class,WxMpMaterialNewsGsonAdapter,util/json/wx_mp_material_news_gson_adapter.rs
weixin-java-mp,me/chanjar/weixin/mp/util/json/WxMpMaterialUploadResultAdapter.java,class,WxMpMaterialUploadResultAdapter,util/json/wx_mp_material_upload_result_adapter.rs
weixin-java-mp,me/chanjar/weixin/mp/util/json/WxMpMaterialVideoInfoResultAdapter.java,class,WxMpMaterialVideoInfoResultAdapter,util/json/wx_mp_material_video_info_result_adapter.rs
weixin-java-mp,me/chanjar/weixin/mp/util/json/WxMpMemberCardActivateTempInfoResultGsonAdapter.java,class,WxMpMemberCardActivateTempInfoResultGsonAdapter,util/json/wx_mp_member_card_activate_temp_info_result_gson_adapter.rs
weixin-java-mp,me/chanjar/weixin/mp/util/json/WxMpMemberCardUpdateResultGsonAdapter.java,class,WxMpMemberCardUpdateResultGsonAdapter,util/json/wx_mp_member_card_update_result_gson_adapter.rs
weixin-java-mp,me/chanjar/weixin/mp/util/json/WxMpMemberCardUserInfoResultGsonAdapter.java,class,WxMpMemberCardUserInfoResultGsonAdapter,util/json/wx_mp_member_card_user_info_result_gson_adapter.rs
weixin-java-mp,me/chanjar/weixin/mp/util/json/WxMpNewsArticleGsonAdapter.java,class,WxMpNewsArticleGsonAdapter,util/json/wx_mp_news_article_gson_adapter.rs
weixin-java-mp,me/chanjar/weixin/mp/util/json/WxMpSemanticQueryResultAdapter.java,class,WxMpSemanticQueryResultAdapter,util/json/wx_mp_semantic_query_result_adapter.rs
weixin-java-mp,me/chanjar/weixin/mp/util/json/WxMpSubscribeMessageGsonAdapter.java,class,WxMpSubscribeMessageGsonAdapter,util/json/wx_mp_subscribe_message_gson_adapter.rs
weixin-java-mp,me/chanjar/weixin/mp/util/json/WxMpTemplateMessageGsonAdapter.java,class,WxMpTemplateMessageGsonAdapter,util/json/wx_mp_template_message_gson_adapter.rs
weixin-java-mp,me/chanjar/weixin/mp/util/json/WxMpUserCumulateGsonAdapter.java,class,WxMpUserCumulateGsonAdapter,util/json/wx_mp_user_cumulate_gson_adapter.rs
weixin-java-mp,me/chanjar/weixin/mp/util/json/WxMpUserGsonAdapter.java,class,WxMpUserGsonAdapter,util/json/wx_mp_user_gson_adapter.rs
weixin-java-mp,me/chanjar/weixin/mp/util/json/WxMpUserSummaryGsonAdapter.java,class,WxMpUserSummaryGsonAdapter,util/json/wx_mp_user_summary_gson_adapter.rs
weixin-java-mp,me/chanjar/weixin/mp/util/json/WxQrCodeTicketAdapter.java,class,WxQrCodeTicketAdapter,util/json/wx_qr_code_ticket_adapter.rs
weixin-java-mp,me/chanjar/weixin/mp/util/json/WxUserBlacklistGetResultGsonAdapter.java,class,WxUserBlacklistGetResultGsonAdapter,util/json/wx_user_blacklist_get_result_gson_adapter.rs
weixin-java-mp,me/chanjar/weixin/mp/util/json/WxUserListGsonAdapter.java,class,WxUserListGsonAdapter,util/json/wx_user_list_gson_adapter.rs
weixin-java-mp,me/chanjar/weixin/mp/util/requestexecuter/material/MaterialDeleteApacheHttpRequestExecutor.java,class,MaterialDeleteApacheHttpRequestExecutor,requestexecuter/material/material_delete_apache_http_request_executor.rs
weixin-java-mp,me/chanjar/weixin/mp/util/requestexecuter/material/MaterialDeleteHttpComponentsRequestExecutor.java,class,MaterialDeleteHttpComponentsRequestExecutor,requestexecuter/material/material_delete_http_components_request_executor.rs
weixin-java-mp,me/chanjar/weixin/mp/util/requestexecuter/material/MaterialDeleteJoddHttpRequestExecutor.java,class,MaterialDeleteJoddHttpRequestExecutor,requestexecuter/material/material_delete_jodd_http_request_executor.rs
weixin-java-mp,me/chanjar/weixin/mp/util/requestexecuter/material/MaterialDeleteOkhttpRequestExecutor.java,class,MaterialDeleteOkhttpRequestExecutor,requestexecuter/material/material_delete_okhttp_request_executor.rs
weixin-java-mp,me/chanjar/weixin/mp/util/requestexecuter/material/MaterialDeleteRequestExecutor.java,class,MaterialDeleteRequestExecutor,requestexecuter/material/material_delete_request_executor.rs
weixin-java-mp,me/chanjar/weixin/mp/util/requestexecuter/material/MaterialNewsInfoApacheHttpRequestExecutor.java,class,MaterialNewsInfoApacheHttpRequestExecutor,requestexecuter/material/material_news_info_apache_http_request_executor.rs
weixin-java-mp,me/chanjar/weixin/mp/util/requestexecuter/material/MaterialNewsInfoHttpComponentsRequestExecutor.java,class,MaterialNewsInfoHttpComponentsRequestExecutor,requestexecuter/material/material_news_info_http_components_request_executor.rs
weixin-java-mp,me/chanjar/weixin/mp/util/requestexecuter/material/MaterialNewsInfoJoddHttpRequestExecutor.java,class,MaterialNewsInfoJoddHttpRequestExecutor,requestexecuter/material/material_news_info_jodd_http_request_executor.rs
weixin-java-mp,me/chanjar/weixin/mp/util/requestexecuter/material/MaterialNewsInfoOkhttpRequestExecutor.java,class,MaterialNewsInfoOkhttpRequestExecutor,requestexecuter/material/material_news_info_okhttp_request_executor.rs
weixin-java-mp,me/chanjar/weixin/mp/util/requestexecuter/material/MaterialNewsInfoRequestExecutor.java,class,MaterialNewsInfoRequestExecutor,requestexecuter/material/material_news_info_request_executor.rs
weixin-java-mp,me/chanjar/weixin/mp/util/requestexecuter/material/MaterialUploadApacheHttpRequestExecutor.java,class,MaterialUploadApacheHttpRequestExecutor,requestexecuter/material/material_upload_apache_http_request_executor.rs
weixin-java-mp,me/chanjar/weixin/mp/util/requestexecuter/material/MaterialUploadHttpComponentsRequestExecutor.java,class,MaterialUploadHttpComponentsRequestExecutor,requestexecuter/material/material_upload_http_components_request_executor.rs
weixin-java-mp,me/chanjar/weixin/mp/util/requestexecuter/material/MaterialUploadJoddHttpRequestExecutor.java,class,MaterialUploadJoddHttpRequestExecutor,requestexecuter/material/material_upload_jodd_http_request_executor.rs
weixin-java-mp,me/chanjar/weixin/mp/util/requestexecuter/material/MaterialUploadOkhttpRequestExecutor.java,class,MaterialUploadOkhttpRequestExecutor,requestexecuter/material/material_upload_okhttp_request_executor.rs
weixin-java-mp,me/chanjar/weixin/mp/util/requestexecuter/material/MaterialUploadRequestExecutor.java,class,MaterialUploadRequestExecutor,requestexecuter/material/material_upload_request_executor.rs
weixin-java-mp,me/chanjar/weixin/mp/util/requestexecuter/material/MaterialVideoInfoApacheHttpRequestExecutor.java,class,MaterialVideoInfoApacheHttpRequestExecutor,requestexecuter/material/material_video_info_apache_http_request_executor.rs
weixin-java-mp,me/chanjar/weixin/mp/util/requestexecuter/material/MaterialVideoInfoHttpComponentsRequestExecutor.java,class,MaterialVideoInfoHttpComponentsRequestExecutor,requestexecuter/material/material_video_info_http_components_request_executor.rs
weixin-java-mp,me/chanjar/weixin/mp/util/requestexecuter/material/MaterialVideoInfoJoddHttpRequestExecutor.java,class,MaterialVideoInfoJoddHttpRequestExecutor,requestexecuter/material/material_video_info_jodd_http_request_executor.rs
weixin-java-mp,me/chanjar/weixin/mp/util/requestexecuter/material/MaterialVideoInfoOkhttpRequestExecutor.java,class,MaterialVideoInfoOkhttpRequestExecutor,requestexecuter/material/material_video_info_okhttp_request_executor.rs
weixin-java-mp,me/chanjar/weixin/mp/util/requestexecuter/material/MaterialVideoInfoRequestExecutor.java,class,MaterialVideoInfoRequestExecutor,requestexecuter/material/material_video_info_request_executor.rs
weixin-java-mp,me/chanjar/weixin/mp/util/requestexecuter/material/MaterialVoiceAndImageDownloadApacheHttpRequestExecutor.java,class,MaterialVoiceAndImageDownloadApacheHttpRequestExecutor,requestexecuter/material/material_voice_and_image_download_apache_http_request_executor.rs
weixin-java-mp,me/chanjar/weixin/mp/util/requestexecuter/material/MaterialVoiceAndImageDownloadHttpComponentsRequestExecutor.java,class,MaterialVoiceAndImageDownloadHttpComponentsRequestExecutor,requestexecuter/material/material_voice_and_image_download_http_components_request_executor.rs
weixin-java-mp,me/chanjar/weixin/mp/util/requestexecuter/material/MaterialVoiceAndImageDownloadJoddHttpRequestExecutor.java,class,MaterialVoiceAndImageDownloadJoddHttpRequestExecutor,requestexecuter/material/material_voice_and_image_download_jodd_http_request_executor.rs
weixin-java-mp,me/chanjar/weixin/mp/util/requestexecuter/material/MaterialVoiceAndImageDownloadOkhttpRequestExecutor.java,class,MaterialVoiceAndImageDownloadOkhttpRequestExecutor,requestexecuter/material/material_voice_and_image_download_okhttp_request_executor.rs
weixin-java-mp,me/chanjar/weixin/mp/util/requestexecuter/material/MaterialVoiceAndImageDownloadRequestExecutor.java,class,MaterialVoiceAndImageDownloadRequestExecutor,requestexecuter/material/material_voice_and_image_download_request_executor.rs
weixin-java-mp,me/chanjar/weixin/mp/util/requestexecuter/media/MediaImgUploadApacheHttpRequestExecutor.java,class,MediaImgUploadApacheHttpRequestExecutor,requestexecuter/media/media_img_upload_apache_http_request_executor.rs
weixin-java-mp,me/chanjar/weixin/mp/util/requestexecuter/media/MediaImgUploadHttpComponentsRequestExecutor.java,class,MediaImgUploadHttpComponentsRequestExecutor,requestexecuter/media/media_img_upload_http_components_request_executor.rs
weixin-java-mp,me/chanjar/weixin/mp/util/requestexecuter/media/MediaImgUploadHttpRequestExecutor.java,class,MediaImgUploadHttpRequestExecutor,requestexecuter/media/media_img_upload_http_request_executor.rs
weixin-java-mp,me/chanjar/weixin/mp/util/requestexecuter/media/MediaImgUploadOkhttpRequestExecutor.java,class,MediaImgUploadOkhttpRequestExecutor,requestexecuter/media/media_img_upload_okhttp_request_executor.rs
weixin-java-mp,me/chanjar/weixin/mp/util/requestexecuter/media/MediaImgUploadRequestExecutor.java,class,MediaImgUploadRequestExecutor,requestexecuter/media/media_img_upload_request_executor.rs
weixin-java-mp,me/chanjar/weixin/mp/util/requestexecuter/qrcode/QrCodeApacheHttpRequestExecutor.java,class,QrCodeApacheHttpRequestExecutor,requestexecuter/qrcode/qr_code_apache_http_request_executor.rs
weixin-java-mp,me/chanjar/weixin/mp/util/requestexecuter/qrcode/QrCodeHttpComponentsRequestExecutor.java,class,QrCodeHttpComponentsRequestExecutor,requestexecuter/qrcode/qr_code_http_components_request_executor.rs
weixin-java-mp,me/chanjar/weixin/mp/util/requestexecuter/qrcode/QrCodeJoddHttpRequestExecutor.java,class,QrCodeJoddHttpRequestExecutor,requestexecuter/qrcode/qr_code_jodd_http_request_executor.rs
weixin-java-mp,me/chanjar/weixin/mp/util/requestexecuter/qrcode/QrCodeOkhttpRequestExecutor.java,class,QrCodeOkhttpRequestExecutor,requestexecuter/qrcode/qr_code_okhttp_request_executor.rs
weixin-java-mp,me/chanjar/weixin/mp/util/requestexecuter/qrcode/QrCodeRequestExecutor.java,class,QrCodeRequestExecutor,requestexecuter/qrcode/qr_code_request_executor.rs
weixin-java-mp,me/chanjar/weixin/mp/util/requestexecuter/voice/VoiceUploadApacheHttpRequestExecutor.java,class,VoiceUploadApacheHttpRequestExecutor,requestexecuter/voice/voice_upload_apache_http_request_executor.rs
weixin-java-mp,me/chanjar/weixin/mp/util/requestexecuter/voice/VoiceUploadHttpComponentsRequestExecutor.java,class,VoiceUploadHttpComponentsRequestExecutor,requestexecuter/voice/voice_upload_http_components_request_executor.rs
weixin-java-mp,me/chanjar/weixin/mp/util/requestexecuter/voice/VoiceUploadRequestExecutor.java,class,VoiceUploadRequestExecutor,requestexecuter/voice/voice_upload_request_executor.rs
weixin-java-mp,me/chanjar/weixin/mp/util/xml/XStreamTransformer.java,class,XStreamTransformer,util/xml/x_stream_transformer.rs
weixin-java-miniapp,cn/binarywang/wx/miniapp/api/WxMaAnalysisService.java,interface,WxMaAnalysisService,api/wx_ma_analysis_service.rs
weixin-java-miniapp,cn/binarywang/wx/miniapp/api/WxMaCloudService.java,interface,WxMaCloudService,api/wx_ma_cloud_service.rs
weixin-java-miniapp,cn/binarywang/wx/miniapp/api/WxMaCodeService.java,interface,WxMaCodeService,api/wx_ma_code_service.rs
weixin-java-miniapp,cn/binarywang/wx/miniapp/api/WxMaComplaintService.java,interface,WxMaComplaintService,api/wx_ma_complaint_service.rs
weixin-java-miniapp,cn/binarywang/wx/miniapp/api/WxMaCustomserviceWorkService.java,interface,WxMaCustomserviceWorkService,api/wx_ma_customservice_work_service.rs
weixin-java-miniapp,cn/binarywang/wx/miniapp/api/WxMaDeviceSubscribeService.java,interface,WxMaDeviceSubscribeService,api/wx_ma_device_subscribe_service.rs
weixin-java-miniapp,cn/binarywang/wx/miniapp/api/WxMaEmployeeRelationService.java,interface,WxMaEmployeeRelationService,api/wx_ma_employee_relation_service.rs
weixin-java-miniapp,cn/binarywang/wx/miniapp/api/WxMaExpressDeliveryReturnService.java,interface,WxMaExpressDeliveryReturnService,api/wx_ma_express_delivery_return_service.rs
weixin-java-miniapp,cn/binarywang/wx/miniapp/api/WxMaExpressService.java,interface,WxMaExpressService,api/wx_ma_express_service.rs
weixin-java-miniapp,cn/binarywang/wx/miniapp/api/WxMaFaceService.java,interface,WxMaFaceService,api/wx_ma_face_service.rs
weixin-java-miniapp,cn/binarywang/wx/miniapp/api/WxMaImmediateDeliveryService.java,interface,WxMaImmediateDeliveryService,api/wx_ma_immediate_delivery_service.rs
weixin-java-miniapp,cn/binarywang/wx/miniapp/api/WxMaInternetService.java,interface,WxMaInternetService,api/wx_ma_internet_service.rs
weixin-java-miniapp,cn/binarywang/wx/miniapp/api/WxMaIntracityService.java,interface,WxMaIntracityService,api/wx_ma_intracity_service.rs
weixin-java-miniapp,cn/binarywang/wx/miniapp/api/WxMaJsapiService.java,interface,WxMaJsapiService,api/wx_ma_jsapi_service.rs
weixin-java-miniapp,cn/binarywang/wx/miniapp/api/WxMaKefuService.java,interface,WxMaKefuService,api/wx_ma_kefu_service.rs
weixin-java-miniapp,cn/binarywang/wx/miniapp/api/WxMaLinkService.java,interface,WxMaLinkService,api/wx_ma_link_service.rs
weixin-java-miniapp,cn/binarywang/wx/miniapp/api/WxMaLiveGoodsService.java,interface,WxMaLiveGoodsService,api/wx_ma_live_goods_service.rs
weixin-java-miniapp,cn/binarywang/wx/miniapp/api/WxMaLiveMemberService.java,interface,WxMaLiveMemberService,api/wx_ma_live_member_service.rs
weixin-java-miniapp,cn/binarywang/wx/miniapp/api/WxMaLiveService.java,interface,WxMaLiveService,api/wx_ma_live_service.rs
weixin-java-miniapp,cn/binarywang/wx/miniapp/api/WxMaMarketingService.java,interface,WxMaMarketingService,api/wx_ma_marketing_service.rs
weixin-java-miniapp,cn/binarywang/wx/miniapp/api/WxMaMediaService.java,interface,WxMaMediaService,api/wx_ma_media_service.rs
weixin-java-miniapp,cn/binarywang/wx/miniapp/api/WxMaMsgService.java,interface,WxMaMsgService,api/wx_ma_msg_service.rs
weixin-java-miniapp,cn/binarywang/wx/miniapp/api/WxMaOpenApiService.java,interface,WxMaOpenApiService,api/wx_ma_open_api_service.rs
weixin-java-miniapp,cn/binarywang/wx/miniapp/api/WxMaOrderManagementService.java,interface,WxMaOrderManagementService,api/wx_ma_order_management_service.rs
weixin-java-miniapp,cn/binarywang/wx/miniapp/api/WxMaOrderShippingService.java,interface,WxMaOrderShippingService,api/wx_ma_order_shipping_service.rs
weixin-java-miniapp,cn/binarywang/wx/miniapp/api/WxMaPluginService.java,interface,WxMaPluginService,api/wx_ma_plugin_service.rs
weixin-java-miniapp,cn/binarywang/wx/miniapp/api/WxMaProductOrderService.java,interface,WxMaProductOrderService,api/wx_ma_product_order_service.rs
weixin-java-miniapp,cn/binarywang/wx/miniapp/api/WxMaProductService.java,interface,WxMaProductService,api/wx_ma_product_service.rs
weixin-java-miniapp,cn/binarywang/wx/miniapp/api/WxMaPromotionService.java,interface,WxMaPromotionService,api/wx_ma_promotion_service.rs
weixin-java-miniapp,cn/binarywang/wx/miniapp/api/WxMaQrcodeJumpService.java,interface,WxMaQrcodeJumpService,api/wx_ma_qrcode_jump_service.rs
weixin-java-miniapp,cn/binarywang/wx/miniapp/api/WxMaQrcodeService.java,interface,WxMaQrcodeService,api/wx_ma_qrcode_service.rs
weixin-java-miniapp,cn/binarywang/wx/miniapp/api/WxMaReimburseInvoiceService.java,interface,WxMaReimburseInvoiceService,api/wx_ma_reimburse_invoice_service.rs
weixin-java-miniapp,cn/binarywang/wx/miniapp/api/WxMaRunService.java,interface,WxMaRunService,api/wx_ma_run_service.rs
weixin-java-miniapp,cn/binarywang/wx/miniapp/api/WxMaSchemeService.java,interface,WxMaSchemeService,api/wx_ma_scheme_service.rs
weixin-java-miniapp,cn/binarywang/wx/miniapp/api/WxMaSecurityService.java,interface,WxMaSecurityService,api/wx_ma_security_service.rs
weixin-java-miniapp,cn/binarywang/wx/miniapp/api/WxMaService.java,interface,WxMaService,api/wx_ma_service.rs
weixin-java-miniapp,cn/binarywang/wx/miniapp/api/WxMaSettingService.java,interface,WxMaSettingService,api/wx_ma_setting_service.rs
weixin-java-miniapp,cn/binarywang/wx/miniapp/api/WxMaShareService.java,interface,WxMaShareService,api/wx_ma_share_service.rs
weixin-java-miniapp,cn/binarywang/wx/miniapp/api/WxMaShopAccountService.java,interface,WxMaShopAccountService,api/wx_ma_shop_account_service.rs
weixin-java-miniapp,cn/binarywang/wx/miniapp/api/WxMaShopAfterSaleService.java,interface,WxMaShopAfterSaleService,api/wx_ma_shop_after_sale_service.rs
weixin-java-miniapp,cn/binarywang/wx/miniapp/api/WxMaShopAuditService.java,interface,WxMaShopAuditService,api/wx_ma_shop_audit_service.rs
weixin-java-miniapp,cn/binarywang/wx/miniapp/api/WxMaShopCatService.java,interface,WxMaShopCatService,api/wx_ma_shop_cat_service.rs
weixin-java-miniapp,cn/binarywang/wx/miniapp/api/WxMaShopCouponService.java,interface,WxMaShopCouponService,api/wx_ma_shop_coupon_service.rs
weixin-java-miniapp,cn/binarywang/wx/miniapp/api/WxMaShopDeliveryService.java,interface,WxMaShopDeliveryService,api/wx_ma_shop_delivery_service.rs
weixin-java-miniapp,cn/binarywang/wx/miniapp/api/WxMaShopImgService.java,interface,WxMaShopImgService,api/wx_ma_shop_img_service.rs
weixin-java-miniapp,cn/binarywang/wx/miniapp/api/WxMaShopOrderService.java,interface,WxMaShopOrderService,api/wx_ma_shop_order_service.rs
weixin-java-miniapp,cn/binarywang/wx/miniapp/api/WxMaShopPayService.java,interface,WxMaShopPayService,api/wx_ma_shop_pay_service.rs
weixin-java-miniapp,cn/binarywang/wx/miniapp/api/WxMaShopRegisterService.java,interface,WxMaShopRegisterService,api/wx_ma_shop_register_service.rs
weixin-java-miniapp,cn/binarywang/wx/miniapp/api/WxMaShopSharerService.java,interface,WxMaShopSharerService,api/wx_ma_shop_sharer_service.rs
weixin-java-miniapp,cn/binarywang/wx/miniapp/api/WxMaShopSpuService.java,interface,WxMaShopSpuService,api/wx_ma_shop_spu_service.rs
weixin-java-miniapp,cn/binarywang/wx/miniapp/api/WxMaSubscribeService.java,interface,WxMaSubscribeService,api/wx_ma_subscribe_service.rs
weixin-java-miniapp,cn/binarywang/wx/miniapp/api/WxMaUserService.java,interface,WxMaUserService,api/wx_ma_user_service.rs
weixin-java-miniapp,cn/binarywang/wx/miniapp/api/WxMaVodService.java,interface,WxMaVodService,api/wx_ma_vod_service.rs
weixin-java-miniapp,cn/binarywang/wx/miniapp/api/WxMaXPayService.java,interface,WxMaXPayService,api/wx_ma_x_pay_service.rs
weixin-java-miniapp,cn/binarywang/wx/miniapp/api/impl/BaseWxMaServiceImpl.java,class,BaseWxMaServiceImpl,api/impl/base_wx_ma_service_impl.rs
weixin-java-miniapp,cn/binarywang/wx/miniapp/api/impl/WxMaAnalysisServiceImpl.java,class,WxMaAnalysisServiceImpl,api/impl/wx_ma_analysis_service_impl.rs
weixin-java-miniapp,cn/binarywang/wx/miniapp/api/impl/WxMaCloudServiceImpl.java,class,WxMaCloudServiceImpl,api/impl/wx_ma_cloud_service_impl.rs
weixin-java-miniapp,cn/binarywang/wx/miniapp/api/impl/WxMaCodeServiceImpl.java,class,WxMaCodeServiceImpl,api/impl/wx_ma_code_service_impl.rs
weixin-java-miniapp,cn/binarywang/wx/miniapp/api/impl/WxMaComplaintServiceImpl.java,class,WxMaComplaintServiceImpl,api/impl/wx_ma_complaint_service_impl.rs
weixin-java-miniapp,cn/binarywang/wx/miniapp/api/impl/WxMaCustomserviceWorkServiceImpl.java,class,WxMaCustomserviceWorkServiceImpl,api/impl/wx_ma_customservice_work_service_impl.rs
weixin-java-miniapp,cn/binarywang/wx/miniapp/api/impl/WxMaDeviceSubscribeServiceImpl.java,class,WxMaDeviceSubscribeServiceImpl,api/impl/wx_ma_device_subscribe_service_impl.rs
weixin-java-miniapp,cn/binarywang/wx/miniapp/api/impl/WxMaEmployeeRelationServiceImpl.java,class,WxMaEmployeeRelationServiceImpl,api/impl/wx_ma_employee_relation_service_impl.rs
weixin-java-miniapp,cn/binarywang/wx/miniapp/api/impl/WxMaExpressDeliveryReturnServiceImpl.java,class,WxMaExpressDeliveryReturnServiceImpl,api/impl/wx_ma_express_delivery_return_service_impl.rs
weixin-java-miniapp,cn/binarywang/wx/miniapp/api/impl/WxMaExpressServiceImpl.java,class,WxMaExpressServiceImpl,api/impl/wx_ma_express_service_impl.rs
weixin-java-miniapp,cn/binarywang/wx/miniapp/api/impl/WxMaFaceServiceImpl.java,class,WxMaFaceServiceImpl,api/impl/wx_ma_face_service_impl.rs
weixin-java-miniapp,cn/binarywang/wx/miniapp/api/impl/WxMaImgProcServiceImpl.java,class,WxMaImgProcServiceImpl,api/impl/wx_ma_img_proc_service_impl.rs
weixin-java-miniapp,cn/binarywang/wx/miniapp/api/impl/WxMaImmediateDeliveryServiceImpl.java,class,WxMaImmediateDeliveryServiceImpl,api/impl/wx_ma_immediate_delivery_service_impl.rs
weixin-java-miniapp,cn/binarywang/wx/miniapp/api/impl/WxMaInternetServiceImpl.java,class,WxMaInternetServiceImpl,api/impl/wx_ma_internet_service_impl.rs
weixin-java-miniapp,cn/binarywang/wx/miniapp/api/impl/WxMaIntracityServiceImpl.java,class,WxMaIntracityServiceImpl,api/impl/wx_ma_intracity_service_impl.rs
weixin-java-miniapp,cn/binarywang/wx/miniapp/api/impl/WxMaJsapiServiceImpl.java,class,WxMaJsapiServiceImpl,api/impl/wx_ma_jsapi_service_impl.rs
weixin-java-miniapp,cn/binarywang/wx/miniapp/api/impl/WxMaKefuServiceImpl.java,class,WxMaKefuServiceImpl,api/impl/wx_ma_kefu_service_impl.rs
weixin-java-miniapp,cn/binarywang/wx/miniapp/api/impl/WxMaLinkServiceImpl.java,class,WxMaLinkServiceImpl,api/impl/wx_ma_link_service_impl.rs
weixin-java-miniapp,cn/binarywang/wx/miniapp/api/impl/WxMaLiveGoodsServiceImpl.java,class,WxMaLiveGoodsServiceImpl,api/impl/wx_ma_live_goods_service_impl.rs
weixin-java-miniapp,cn/binarywang/wx/miniapp/api/impl/WxMaLiveMemberServiceImpl.java,class,WxMaLiveMemberServiceImpl,api/impl/wx_ma_live_member_service_impl.rs
weixin-java-miniapp,cn/binarywang/wx/miniapp/api/impl/WxMaLiveServiceImpl.java,class,WxMaLiveServiceImpl,api/impl/wx_ma_live_service_impl.rs
weixin-java-miniapp,cn/binarywang/wx/miniapp/api/impl/WxMaMarketingServiceImpl.java,class,WxMaMarketingServiceImpl,api/impl/wx_ma_marketing_service_impl.rs
weixin-java-miniapp,cn/binarywang/wx/miniapp/api/impl/WxMaMediaServiceImpl.java,class,WxMaMediaServiceImpl,api/impl/wx_ma_media_service_impl.rs
weixin-java-miniapp,cn/binarywang/wx/miniapp/api/impl/WxMaMsgServiceImpl.java,class,WxMaMsgServiceImpl,api/impl/wx_ma_msg_service_impl.rs
weixin-java-miniapp,cn/binarywang/wx/miniapp/api/impl/WxMaOcrServiceImpl.java,class,WxMaOcrServiceImpl,api/impl/wx_ma_ocr_service_impl.rs
weixin-java-miniapp,cn/binarywang/wx/miniapp/api/impl/WxMaOpenApiServiceImpl.java,class,WxMaOpenApiServiceImpl,api/impl/wx_ma_open_api_service_impl.rs
weixin-java-miniapp,cn/binarywang/wx/miniapp/api/impl/WxMaOrderManagementServiceImpl.java,class,WxMaOrderManagementServiceImpl,api/impl/wx_ma_order_management_service_impl.rs
weixin-java-miniapp,cn/binarywang/wx/miniapp/api/impl/WxMaOrderShippingServiceImpl.java,class,WxMaOrderShippingServiceImpl,api/impl/wx_ma_order_shipping_service_impl.rs
weixin-java-miniapp,cn/binarywang/wx/miniapp/api/impl/WxMaPluginServiceImpl.java,class,WxMaPluginServiceImpl,api/impl/wx_ma_plugin_service_impl.rs
weixin-java-miniapp,cn/binarywang/wx/miniapp/api/impl/WxMaProductOrderServiceImpl.java,class,WxMaProductOrderServiceImpl,api/impl/wx_ma_product_order_service_impl.rs
weixin-java-miniapp,cn/binarywang/wx/miniapp/api/impl/WxMaProductServiceImpl.java,class,WxMaProductServiceImpl,api/impl/wx_ma_product_service_impl.rs
weixin-java-miniapp,cn/binarywang/wx/miniapp/api/impl/WxMaPromotionServiceImpl.java,class,WxMaPromotionServiceImpl,api/impl/wx_ma_promotion_service_impl.rs
weixin-java-miniapp,cn/binarywang/wx/miniapp/api/impl/WxMaQrcodeJumpServiceImpl.java,class,WxMaQrcodeJumpServiceImpl,api/impl/wx_ma_qrcode_jump_service_impl.rs
weixin-java-miniapp,cn/binarywang/wx/miniapp/api/impl/WxMaQrcodeServiceImpl.java,class,WxMaQrcodeServiceImpl,api/impl/wx_ma_qrcode_service_impl.rs
weixin-java-miniapp,cn/binarywang/wx/miniapp/api/impl/WxMaReimburseInvoiceServiceImpl.java,class,WxMaReimburseInvoiceServiceImpl,api/impl/wx_ma_reimburse_invoice_service_impl.rs
weixin-java-miniapp,cn/binarywang/wx/miniapp/api/impl/WxMaRunServiceImpl.java,class,WxMaRunServiceImpl,api/impl/wx_ma_run_service_impl.rs
weixin-java-miniapp,cn/binarywang/wx/miniapp/api/impl/WxMaSchemeServiceImpl.java,class,WxMaSchemeServiceImpl,api/impl/wx_ma_scheme_service_impl.rs
weixin-java-miniapp,cn/binarywang/wx/miniapp/api/impl/WxMaSecurityServiceImpl.java,class,WxMaSecurityServiceImpl,api/impl/wx_ma_security_service_impl.rs
weixin-java-miniapp,cn/binarywang/wx/miniapp/api/impl/WxMaServiceHttpClientImpl.java,class,WxMaServiceHttpClientImpl,api/impl/wx_ma_service_http_client_impl.rs
weixin-java-miniapp,cn/binarywang/wx/miniapp/api/impl/WxMaServiceHttpComponentsImpl.java,class,WxMaServiceHttpComponentsImpl,api/impl/wx_ma_service_http_components_impl.rs
weixin-java-miniapp,cn/binarywang/wx/miniapp/api/impl/WxMaServiceImpl.java,class,WxMaServiceImpl,api/impl/wx_ma_service_impl.rs
weixin-java-miniapp,cn/binarywang/wx/miniapp/api/impl/WxMaServiceJoddHttpImpl.java,class,WxMaServiceJoddHttpImpl,api/impl/wx_ma_service_jodd_http_impl.rs
weixin-java-miniapp,cn/binarywang/wx/miniapp/api/impl/WxMaServiceOkHttpImpl.java,class,WxMaServiceOkHttpImpl,api/impl/wx_ma_service_ok_http_impl.rs
weixin-java-miniapp,cn/binarywang/wx/miniapp/api/impl/WxMaSettingServiceImpl.java,class,WxMaSettingServiceImpl,api/impl/wx_ma_setting_service_impl.rs
weixin-java-miniapp,cn/binarywang/wx/miniapp/api/impl/WxMaShareServiceImpl.java,class,WxMaShareServiceImpl,api/impl/wx_ma_share_service_impl.rs
weixin-java-miniapp,cn/binarywang/wx/miniapp/api/impl/WxMaShopAccountServiceImpl.java,class,WxMaShopAccountServiceImpl,api/impl/wx_ma_shop_account_service_impl.rs
weixin-java-miniapp,cn/binarywang/wx/miniapp/api/impl/WxMaShopAfterSaleServiceImpl.java,class,WxMaShopAfterSaleServiceImpl,api/impl/wx_ma_shop_after_sale_service_impl.rs
weixin-java-miniapp,cn/binarywang/wx/miniapp/api/impl/WxMaShopAuditServiceImpl.java,class,WxMaShopAuditServiceImpl,api/impl/wx_ma_shop_audit_service_impl.rs
weixin-java-miniapp,cn/binarywang/wx/miniapp/api/impl/WxMaShopCatServiceImpl.java,class,WxMaShopCatServiceImpl,api/impl/wx_ma_shop_cat_service_impl.rs
weixin-java-miniapp,cn/binarywang/wx/miniapp/api/impl/WxMaShopCouponServiceImpl.java,class,WxMaShopCouponServiceImpl,api/impl/wx_ma_shop_coupon_service_impl.rs
weixin-java-miniapp,cn/binarywang/wx/miniapp/api/impl/WxMaShopDeliveryServiceImpl.java,class,WxMaShopDeliveryServiceImpl,api/impl/wx_ma_shop_delivery_service_impl.rs
weixin-java-miniapp,cn/binarywang/wx/miniapp/api/impl/WxMaShopImgServiceImpl.java,class,WxMaShopImgServiceImpl,api/impl/wx_ma_shop_img_service_impl.rs
weixin-java-miniapp,cn/binarywang/wx/miniapp/api/impl/WxMaShopOrderServiceImpl.java,class,WxMaShopOrderServiceImpl,api/impl/wx_ma_shop_order_service_impl.rs
weixin-java-miniapp,cn/binarywang/wx/miniapp/api/impl/WxMaShopPayServiceImpl.java,class,WxMaShopPayServiceImpl,api/impl/wx_ma_shop_pay_service_impl.rs
weixin-java-miniapp,cn/binarywang/wx/miniapp/api/impl/WxMaShopRegisterServiceImpl.java,class,WxMaShopRegisterServiceImpl,api/impl/wx_ma_shop_register_service_impl.rs
weixin-java-miniapp,cn/binarywang/wx/miniapp/api/impl/WxMaShopSharerServiceImpl.java,class,WxMaShopSharerServiceImpl,api/impl/wx_ma_shop_sharer_service_impl.rs
weixin-java-miniapp,cn/binarywang/wx/miniapp/api/impl/WxMaShopSpuServiceImpl.java,class,WxMaShopSpuServiceImpl,api/impl/wx_ma_shop_spu_service_impl.rs
weixin-java-miniapp,cn/binarywang/wx/miniapp/api/impl/WxMaSubscribeServiceImpl.java,class,WxMaSubscribeServiceImpl,api/impl/wx_ma_subscribe_service_impl.rs
weixin-java-miniapp,cn/binarywang/wx/miniapp/api/impl/WxMaUserServiceImpl.java,class,WxMaUserServiceImpl,api/impl/wx_ma_user_service_impl.rs
weixin-java-miniapp,cn/binarywang/wx/miniapp/api/impl/WxMaVodServiceImpl.java,class,WxMaVodServiceImpl,api/impl/wx_ma_vod_service_impl.rs
weixin-java-miniapp,cn/binarywang/wx/miniapp/api/impl/WxMaXPayServiceImpl.java,class,WxMaXPayServiceImpl,api/impl/wx_ma_x_pay_service_impl.rs
weixin-java-miniapp,cn/binarywang/wx/miniapp/bean/AbstractWxMaQrcodeWrapper.java,class,AbstractWxMaQrcodeWrapper,bean/abstract_wx_ma_qrcode_wrapper.rs
weixin-java-miniapp,cn/binarywang/wx/miniapp/bean/Watermark.java,class,Watermark,bean/watermark.rs
weixin-java-miniapp,cn/binarywang/wx/miniapp/bean/WxMaApiResponse.java,class,WxMaApiResponse,bean/wx_ma_api_response.rs
weixin-java-miniapp,cn/binarywang/wx/miniapp/bean/WxMaAuditMediaUploadResult.java,class,WxMaAuditMediaUploadResult,bean/wx_ma_audit_media_upload_result.rs
weixin-java-miniapp,cn/binarywang/wx/miniapp/bean/WxMaBaseResponse.java,class,WxMaBaseResponse,bean/wx_ma_base_response.rs
weixin-java-miniapp,cn/binarywang/wx/miniapp/bean/WxMaCode2VerifyInfoResult.java,class,WxMaCode2VerifyInfoResult,bean/wx_ma_code2_verify_info_result.rs
weixin-java-miniapp,cn/binarywang/wx/miniapp/bean/WxMaCodeLineColor.java,class,WxMaCodeLineColor,bean/wx_ma_code_line_color.rs
weixin-java-miniapp,cn/binarywang/wx/miniapp/bean/WxMaDomainAction.java,class,WxMaDomainAction,bean/wx_ma_domain_action.rs
weixin-java-miniapp,cn/binarywang/wx/miniapp/bean/WxMaGetUserNotifyRequest.java,class,WxMaGetUserNotifyRequest,bean/wx_ma_get_user_notify_request.rs
weixin-java-miniapp,cn/binarywang/wx/miniapp/bean/WxMaGetUserNotifyResult.java,class,WxMaGetUserNotifyResult,bean/wx_ma_get_user_notify_result.rs
weixin-java-miniapp,cn/binarywang/wx/miniapp/bean/WxMaGroupEnterInfo.java,class,WxMaGroupEnterInfo,bean/wx_ma_group_enter_info.rs
weixin-java-miniapp,cn/binarywang/wx/miniapp/bean/WxMaJscode2SessionResult.java,class,WxMaJscode2SessionResult,bean/wx_ma_jscode2_session_result.rs
weixin-java-miniapp,cn/binarywang/wx/miniapp/bean/WxMaKefuMessage.java,class,WxMaKefuMessage,bean/wx_ma_kefu_message.rs
weixin-java-miniapp,cn/binarywang/wx/miniapp/bean/WxMaMediaAsyncCheckResult.java,class,WxMaMediaAsyncCheckResult,bean/wx_ma_media_async_check_result.rs
weixin-java-miniapp,cn/binarywang/wx/miniapp/bean/WxMaMessage.java,class,WxMaMessage,bean/wx_ma_message.rs
weixin-java-miniapp,cn/binarywang/wx/miniapp/bean/WxMaPhoneNumberInfo.java,class,WxMaPhoneNumberInfo,bean/wx_ma_phone_number_info.rs
weixin-java-miniapp,cn/binarywang/wx/miniapp/bean/WxMaPluginListResult.java,class,WxMaPluginListResult,bean/wx_ma_plugin_list_result.rs
weixin-java-miniapp,cn/binarywang/wx/miniapp/bean/WxMaQrcode.java,class,WxMaQrcode,bean/wx_ma_qrcode.rs
weixin-java-miniapp,cn/binarywang/wx/miniapp/bean/WxMaRunStepInfo.java,class,WxMaRunStepInfo,bean/wx_ma_run_step_info.rs
weixin-java-miniapp,cn/binarywang/wx/miniapp/bean/WxMaServiceNotifyExtRequest.java,class,WxMaServiceNotifyExtRequest,bean/wx_ma_service_notify_ext_request.rs
weixin-java-miniapp,cn/binarywang/wx/miniapp/bean/WxMaServiceNotifyRequest.java,class,WxMaServiceNotifyRequest,bean/wx_ma_service_notify_request.rs
weixin-java-miniapp,cn/binarywang/wx/miniapp/bean/WxMaShareInfo.java,class,WxMaShareInfo,bean/wx_ma_share_info.rs
weixin-java-miniapp,cn/binarywang/wx/miniapp/bean/WxMaStableAccessTokenRequest.java,class,WxMaStableAccessTokenRequest,bean/wx_ma_stable_access_token_request.rs
weixin-java-miniapp,cn/binarywang/wx/miniapp/bean/WxMaSubscribeMessage.java,class,WxMaSubscribeMessage,bean/wx_ma_subscribe_message.rs
weixin-java-miniapp,cn/binarywang/wx/miniapp/bean/WxMaSubscribeMsgEvent.java,class,WxMaSubscribeMsgEvent,bean/wx_ma_subscribe_msg_event.rs
weixin-java-miniapp,cn/binarywang/wx/miniapp/bean/WxMaTemplateData.java,class,WxMaTemplateData,bean/wx_ma_template_data.rs
weixin-java-miniapp,cn/binarywang/wx/miniapp/bean/WxMaUniformMessage.java,class,WxMaUniformMessage,bean/wx_ma_uniform_message.rs
weixin-java-miniapp,cn/binarywang/wx/miniapp/bean/WxMaUpdatableMsg.java,class,WxMaUpdatableMsg,bean/wx_ma_updatable_msg.rs
weixin-java-miniapp,cn/binarywang/wx/miniapp/bean/WxMaUploadAuthMaterialResult.java,class,WxMaUploadAuthMaterialResult,bean/wx_ma_upload_auth_material_result.rs
weixin-java-miniapp,cn/binarywang/wx/miniapp/bean/WxMaUserInfo.java,class,WxMaUserInfo,bean/wx_ma_user_info.rs
weixin-java-miniapp,cn/binarywang/wx/miniapp/bean/WxaCode.java,class,WxaCode,bean/wxa_code.rs
weixin-java-miniapp,cn/binarywang/wx/miniapp/bean/WxaCodeUnlimit.java,class,WxaCodeUnlimit,bean/wxa_code_unlimit.rs
weixin-java-miniapp,cn/binarywang/wx/miniapp/bean/analysis/WxMaRetainInfo.java,class,WxMaRetainInfo,bean/analysis/wx_ma_retain_info.rs
weixin-java-miniapp,cn/binarywang/wx/miniapp/bean/analysis/WxMaSummaryTrend.java,class,WxMaSummaryTrend,bean/analysis/wx_ma_summary_trend.rs
weixin-java-miniapp,cn/binarywang/wx/miniapp/bean/analysis/WxMaUserPortrait.java,class,WxMaUserPortrait,bean/analysis/wx_ma_user_portrait.rs
weixin-java-miniapp,cn/binarywang/wx/miniapp/bean/analysis/WxMaVisitDistribution.java,class,WxMaVisitDistribution,bean/analysis/wx_ma_visit_distribution.rs
weixin-java-miniapp,cn/binarywang/wx/miniapp/bean/analysis/WxMaVisitPage.java,class,WxMaVisitPage,bean/analysis/wx_ma_visit_page.rs
weixin-java-miniapp,cn/binarywang/wx/miniapp/bean/analysis/WxMaVisitTrend.java,class,WxMaVisitTrend,bean/analysis/wx_ma_visit_trend.rs
weixin-java-miniapp,cn/binarywang/wx/miniapp/bean/analysis/package-info.java,?,?,?
weixin-java-miniapp,cn/binarywang/wx/miniapp/bean/cloud/WxCloudBatchDeleteFileResult.java,class,WxCloudBatchDeleteFileResult,bean/cloud/wx_cloud_batch_delete_file_result.rs
weixin-java-miniapp,cn/binarywang/wx/miniapp/bean/cloud/WxCloudBatchDownloadFileResult.java,class,WxCloudBatchDownloadFileResult,bean/cloud/wx_cloud_batch_download_file_result.rs
weixin-java-miniapp,cn/binarywang/wx/miniapp/bean/cloud/WxCloudCloudDatabaseMigrateQueryInfoResult.java,class,WxCloudCloudDatabaseMigrateQueryInfoResult,bean/cloud/wx_cloud_cloud_database_migrate_query_info_result.rs
weixin-java-miniapp,cn/binarywang/wx/miniapp/bean/cloud/WxCloudDatabaseCollectionGetResult.java,class,WxCloudDatabaseCollectionGetResult,bean/cloud/wx_cloud_database_collection_get_result.rs
weixin-java-miniapp,cn/binarywang/wx/miniapp/bean/cloud/WxCloudDatabaseCreateIndexRequest.java,class,WxCloudDatabaseCreateIndexRequest,bean/cloud/wx_cloud_database_create_index_request.rs
weixin-java-miniapp,cn/binarywang/wx/miniapp/bean/cloud/WxCloudDatabaseQueryResult.java,class,WxCloudDatabaseQueryResult,bean/cloud/wx_cloud_database_query_result.rs
weixin-java-miniapp,cn/binarywang/wx/miniapp/bean/cloud/WxCloudDatabaseUpdateResult.java,class,WxCloudDatabaseUpdateResult,bean/cloud/wx_cloud_database_update_result.rs
weixin-java-miniapp,cn/binarywang/wx/miniapp/bean/cloud/WxCloudGetQcloudTokenResult.java,class,WxCloudGetQcloudTokenResult,bean/cloud/wx_cloud_get_qcloud_token_result.rs
weixin-java-miniapp,cn/binarywang/wx/miniapp/bean/cloud/WxCloudSendSmsV2Result.java,class,WxCloudSendSmsV2Result,bean/cloud/wx_cloud_send_sms_v2_result.rs
weixin-java-miniapp,cn/binarywang/wx/miniapp/bean/cloud/WxCloudUploadFileResult.java,class,WxCloudUploadFileResult,bean/cloud/wx_cloud_upload_file_result.rs
weixin-java-miniapp,cn/binarywang/wx/miniapp/bean/cloud/request/WxCloudSendSmsV2Request.java,class,WxCloudSendSmsV2Request,cloud/request/wx_cloud_send_sms_v2_request.rs
weixin-java-miniapp,cn/binarywang/wx/miniapp/bean/code/WxMaCodeAuditStatus.java,class,WxMaCodeAuditStatus,bean/code/wx_ma_code_audit_status.rs
weixin-java-miniapp,cn/binarywang/wx/miniapp/bean/code/WxMaCodeCommitRequest.java,class,WxMaCodeCommitRequest,bean/code/wx_ma_code_commit_request.rs
weixin-java-miniapp,cn/binarywang/wx/miniapp/bean/code/WxMaCodeExtConfig.java,class,WxMaCodeExtConfig,bean/code/wx_ma_code_ext_config.rs
weixin-java-miniapp,cn/binarywang/wx/miniapp/bean/code/WxMaCodeSubmitAuditItem.java,class,WxMaCodeSubmitAuditItem,bean/code/wx_ma_code_submit_audit_item.rs
weixin-java-miniapp,cn/binarywang/wx/miniapp/bean/code/WxMaCodeSubmitAuditPreviewInfo.java,class,WxMaCodeSubmitAuditPreviewInfo,bean/code/wx_ma_code_submit_audit_preview_info.rs
weixin-java-miniapp,cn/binarywang/wx/miniapp/bean/code/WxMaCodeSubmitAuditRequest.java,class,WxMaCodeSubmitAuditRequest,bean/code/wx_ma_code_submit_audit_request.rs
weixin-java-miniapp,cn/binarywang/wx/miniapp/bean/code/WxMaCodeSubmitAuditUgcDeclare.java,class,WxMaCodeSubmitAuditUgcDeclare,bean/code/wx_ma_code_submit_audit_ugc_declare.rs
weixin-java-miniapp,cn/binarywang/wx/miniapp/bean/code/WxMaCodeVersionDistribution.java,class,WxMaCodeVersionDistribution,bean/code/wx_ma_code_version_distribution.rs
weixin-java-miniapp,cn/binarywang/wx/miniapp/bean/code/WxMaCodeVersionInfo.java,class,WxMaCodeVersionInfo,bean/code/wx_ma_code_version_info.rs
weixin-java-miniapp,cn/binarywang/wx/miniapp/bean/code/package-info.java,?,?,?
weixin-java-miniapp,cn/binarywang/wx/miniapp/bean/complaint/WxMaComplaintDetailRequest.java,class,WxMaComplaintDetailRequest,bean/complaint/wx_ma_complaint_detail_request.rs
weixin-java-miniapp,cn/binarywang/wx/miniapp/bean/complaint/WxMaComplaintDetailResult.java,class,WxMaComplaintDetailResult,bean/complaint/wx_ma_complaint_detail_result.rs
weixin-java-miniapp,cn/binarywang/wx/miniapp/bean/complaint/WxMaComplaintNotifyUrlRequest.java,class,WxMaComplaintNotifyUrlRequest,bean/complaint/wx_ma_complaint_notify_url_request.rs
weixin-java-miniapp,cn/binarywang/wx/miniapp/bean/complaint/WxMaComplaintNotifyUrlResult.java,class,WxMaComplaintNotifyUrlResult,bean/complaint/wx_ma_complaint_notify_url_result.rs
weixin-java-miniapp,cn/binarywang/wx/miniapp/bean/complaint/WxMaComplaintRequest.java,class,WxMaComplaintRequest,bean/complaint/wx_ma_complaint_request.rs
weixin-java-miniapp,cn/binarywang/wx/miniapp/bean/complaint/WxMaComplaintResult.java,class,WxMaComplaintResult,bean/complaint/wx_ma_complaint_result.rs
weixin-java-miniapp,cn/binarywang/wx/miniapp/bean/complaint/WxMaCompleteRequest.java,class,WxMaCompleteRequest,bean/complaint/wx_ma_complete_request.rs
weixin-java-miniapp,cn/binarywang/wx/miniapp/bean/complaint/WxMaNegotiationHistoryRequest.java,class,WxMaNegotiationHistoryRequest,bean/complaint/wx_ma_negotiation_history_request.rs
weixin-java-miniapp,cn/binarywang/wx/miniapp/bean/complaint/WxMaNegotiationHistoryResult.java,class,WxMaNegotiationHistoryResult,bean/complaint/wx_ma_negotiation_history_result.rs
weixin-java-miniapp,cn/binarywang/wx/miniapp/bean/complaint/WxMaResponseRequest.java,class,WxMaResponseRequest,bean/complaint/wx_ma_response_request.rs
weixin-java-miniapp,cn/binarywang/wx/miniapp/bean/customservice/WxMaCustomserviceResult.java,class,WxMaCustomserviceResult,bean/customservice/wx_ma_customservice_result.rs
weixin-java-miniapp,cn/binarywang/wx/miniapp/bean/delivery/AbnormalConfirmRequest.java,class,AbnormalConfirmRequest,bean/delivery/abnormal_confirm_request.rs
weixin-java-miniapp,cn/binarywang/wx/miniapp/bean/delivery/AbnormalConfirmResponse.java,class,AbnormalConfirmResponse,bean/delivery/abnormal_confirm_response.rs
weixin-java-miniapp,cn/binarywang/wx/miniapp/bean/delivery/AddOrderRequest.java,class,AddOrderRequest,bean/delivery/add_order_request.rs
weixin-java-miniapp,cn/binarywang/wx/miniapp/bean/delivery/AddOrderResponse.java,class,AddOrderResponse,bean/delivery/add_order_response.rs
weixin-java-miniapp,cn/binarywang/wx/miniapp/bean/delivery/BindAccountResponse.java,class,BindAccountResponse,bean/delivery/bind_account_response.rs
weixin-java-miniapp,cn/binarywang/wx/miniapp/bean/delivery/CancelOrderRequest.java,class,CancelOrderRequest,bean/delivery/cancel_order_request.rs
weixin-java-miniapp,cn/binarywang/wx/miniapp/bean/delivery/CancelOrderResponse.java,class,CancelOrderResponse,bean/delivery/cancel_order_response.rs
weixin-java-miniapp,cn/binarywang/wx/miniapp/bean/delivery/FollowWaybillRequest.java,class,FollowWaybillRequest,bean/delivery/follow_waybill_request.rs
weixin-java-miniapp,cn/binarywang/wx/miniapp/bean/delivery/FollowWaybillResponse.java,class,FollowWaybillResponse,bean/delivery/follow_waybill_response.rs
weixin-java-miniapp,cn/binarywang/wx/miniapp/bean/delivery/GetDeliveryListResponse.java,class,GetDeliveryListResponse,bean/delivery/get_delivery_list_response.rs
weixin-java-miniapp,cn/binarywang/wx/miniapp/bean/delivery/GetOrderRequest.java,class,GetOrderRequest,bean/delivery/get_order_request.rs
weixin-java-miniapp,cn/binarywang/wx/miniapp/bean/delivery/GetOrderResponse.java,class,GetOrderResponse,bean/delivery/get_order_response.rs
weixin-java-miniapp,cn/binarywang/wx/miniapp/bean/delivery/MockUpdateOrderRequest.java,class,MockUpdateOrderRequest,bean/delivery/mock_update_order_request.rs
weixin-java-miniapp,cn/binarywang/wx/miniapp/bean/delivery/MockUpdateOrderResponse.java,class,MockUpdateOrderResponse,bean/delivery/mock_update_order_response.rs
weixin-java-miniapp,cn/binarywang/wx/miniapp/bean/delivery/QueryFollowTraceRequest.java,class,QueryFollowTraceRequest,bean/delivery/query_follow_trace_request.rs
weixin-java-miniapp,cn/binarywang/wx/miniapp/bean/delivery/QueryFollowTraceResponse.java,class,QueryFollowTraceResponse,bean/delivery/query_follow_trace_response.rs
weixin-java-miniapp,cn/binarywang/wx/miniapp/bean/delivery/QueryWaybillTraceRequest.java,class,QueryWaybillTraceRequest,bean/delivery/query_waybill_trace_request.rs
weixin-java-miniapp,cn/binarywang/wx/miniapp/bean/delivery/QueryWaybillTraceResponse.java,class,QueryWaybillTraceResponse,bean/delivery/query_waybill_trace_response.rs
weixin-java-miniapp,cn/binarywang/wx/miniapp/bean/delivery/TraceWaybillRequest.java,class,TraceWaybillRequest,bean/delivery/trace_waybill_request.rs
weixin-java-miniapp,cn/binarywang/wx/miniapp/bean/delivery/TraceWaybillResponse.java,class,TraceWaybillResponse,bean/delivery/trace_waybill_response.rs
weixin-java-miniapp,cn/binarywang/wx/miniapp/bean/delivery/UpdateWaybillGoodsRequest.java,class,UpdateWaybillGoodsRequest,bean/delivery/update_waybill_goods_request.rs
weixin-java-miniapp,cn/binarywang/wx/miniapp/bean/delivery/WaybillGoodsInfo.java,class,WaybillGoodsInfo,bean/delivery/waybill_goods_info.rs
weixin-java-miniapp,cn/binarywang/wx/miniapp/bean/delivery/base/WxMaDeliveryBaseRequest.java,class,WxMaDeliveryBaseRequest,delivery/base/wx_ma_delivery_base_request.rs
weixin-java-miniapp,cn/binarywang/wx/miniapp/bean/delivery/base/WxMaDeliveryBaseResponse.java,class,WxMaDeliveryBaseResponse,delivery/base/wx_ma_delivery_base_response.rs
weixin-java-miniapp,cn/binarywang/wx/miniapp/bean/device/WxMaCreateIotGroupIdRequest.java,class,WxMaCreateIotGroupIdRequest,bean/device/wx_ma_create_iot_group_id_request.rs
weixin-java-miniapp,cn/binarywang/wx/miniapp/bean/device/WxMaDeviceSubscribeMessageRequest.java,class,WxMaDeviceSubscribeMessageRequest,bean/device/wx_ma_device_subscribe_message_request.rs
weixin-java-miniapp,cn/binarywang/wx/miniapp/bean/device/WxMaDeviceTicketRequest.java,class,WxMaDeviceTicketRequest,bean/device/wx_ma_device_ticket_request.rs
weixin-java-miniapp,cn/binarywang/wx/miniapp/bean/device/WxMaGetIotGroupInfoRequest.java,class,WxMaGetIotGroupInfoRequest,bean/device/wx_ma_get_iot_group_info_request.rs
weixin-java-miniapp,cn/binarywang/wx/miniapp/bean/device/WxMaIotGroupDeviceInfoResponse.java,class,WxMaIotGroupDeviceInfoResponse,bean/device/wx_ma_iot_group_device_info_response.rs
weixin-java-miniapp,cn/binarywang/wx/miniapp/bean/device/WxMaIotGroupDeviceRequest.java,class,WxMaIotGroupDeviceRequest,bean/device/wx_ma_iot_group_device_request.rs
weixin-java-miniapp,cn/binarywang/wx/miniapp/bean/employee/WxMaSendEmployeeMsgRequest.java,class,WxMaSendEmployeeMsgRequest,bean/employee/wx_ma_send_employee_msg_request.rs
weixin-java-miniapp,cn/binarywang/wx/miniapp/bean/employee/WxMaUnbindEmployeeRequest.java,class,WxMaUnbindEmployeeRequest,bean/employee/wx_ma_unbind_employee_request.rs
weixin-java-miniapp,cn/binarywang/wx/miniapp/bean/express/WxMaExpressAccount.java,class,WxMaExpressAccount,bean/express/wx_ma_express_account.rs
weixin-java-miniapp,cn/binarywang/wx/miniapp/bean/express/WxMaExpressDelivery.java,class,WxMaExpressDelivery,bean/express/wx_ma_express_delivery.rs
weixin-java-miniapp,cn/binarywang/wx/miniapp/bean/express/WxMaExpressPath.java,class,WxMaExpressPath,bean/express/wx_ma_express_path.rs
weixin-java-miniapp,cn/binarywang/wx/miniapp/bean/express/WxMaExpressPrinter.java,class,WxMaExpressPrinter,bean/express/wx_ma_express_printer.rs
weixin-java-miniapp,cn/binarywang/wx/miniapp/bean/express/request/WxMaExpressAddOrderRequest.java,class,WxMaExpressAddOrderRequest,express/request/wx_ma_express_add_order_request.rs
weixin-java-miniapp,cn/binarywang/wx/miniapp/bean/express/request/WxMaExpressBindAccountRequest.java,class,WxMaExpressBindAccountRequest,express/request/wx_ma_express_bind_account_request.rs
weixin-java-miniapp,cn/binarywang/wx/miniapp/bean/express/request/WxMaExpressDeliveryReturnAddRequest.java,class,WxMaExpressDeliveryReturnAddRequest,express/request/wx_ma_express_delivery_return_add_request.rs
weixin-java-miniapp,cn/binarywang/wx/miniapp/bean/express/request/WxMaExpressGetOrderRequest.java,class,WxMaExpressGetOrderRequest,express/request/wx_ma_express_get_order_request.rs
weixin-java-miniapp,cn/binarywang/wx/miniapp/bean/express/request/WxMaExpressOrderCargo.java,class,WxMaExpressOrderCargo,express/request/wx_ma_express_order_cargo.rs
weixin-java-miniapp,cn/binarywang/wx/miniapp/bean/express/request/WxMaExpressOrderCargoDetail.java,class,WxMaExpressOrderCargoDetail,express/request/wx_ma_express_order_cargo_detail.rs
weixin-java-miniapp,cn/binarywang/wx/miniapp/bean/express/request/WxMaExpressOrderInsured.java,class,WxMaExpressOrderInsured,express/request/wx_ma_express_order_insured.rs
weixin-java-miniapp,cn/binarywang/wx/miniapp/bean/express/request/WxMaExpressOrderPerson.java,class,WxMaExpressOrderPerson,express/request/wx_ma_express_order_person.rs
weixin-java-miniapp,cn/binarywang/wx/miniapp/bean/express/request/WxMaExpressOrderShop.java,class,WxMaExpressOrderShop,express/request/wx_ma_express_order_shop.rs
weixin-java-miniapp,cn/binarywang/wx/miniapp/bean/express/request/WxMaExpressOrderShopDetail.java,class,WxMaExpressOrderShopDetail,express/request/wx_ma_express_order_shop_detail.rs
weixin-java-miniapp,cn/binarywang/wx/miniapp/bean/express/request/WxMaExpressPrinterUpdateRequest.java,class,WxMaExpressPrinterUpdateRequest,express/request/wx_ma_express_printer_update_request.rs
weixin-java-miniapp,cn/binarywang/wx/miniapp/bean/express/request/WxMaExpressReturnOrder.java,class,WxMaExpressReturnOrder,express/request/wx_ma_express_return_order.rs
weixin-java-miniapp,cn/binarywang/wx/miniapp/bean/express/request/WxMaExpressTestUpdateOrderRequest.java,class,WxMaExpressTestUpdateOrderRequest,express/request/wx_ma_express_test_update_order_request.rs
weixin-java-miniapp,cn/binarywang/wx/miniapp/bean/express/result/WxMaExpressInfoResult.java,class,WxMaExpressInfoResult,express/result/wx_ma_express_info_result.rs
weixin-java-miniapp,cn/binarywang/wx/miniapp/bean/express/result/WxMaExpressOrderInfoResult.java,class,WxMaExpressOrderInfoResult,express/result/wx_ma_express_order_info_result.rs
weixin-java-miniapp,cn/binarywang/wx/miniapp/bean/express/result/WxMaExpressReturnInfoResult.java,class,WxMaExpressReturnInfoResult,express/result/wx_ma_express_return_info_result.rs
weixin-java-miniapp,cn/binarywang/wx/miniapp/bean/face/WxMaFaceGetVerifyIdRequest.java,class,WxMaFaceGetVerifyIdRequest,bean/face/wx_ma_face_get_verify_id_request.rs
weixin-java-miniapp,cn/binarywang/wx/miniapp/bean/face/WxMaFaceGetVerifyIdResponse.java,class,WxMaFaceGetVerifyIdResponse,bean/face/wx_ma_face_get_verify_id_response.rs
weixin-java-miniapp,cn/binarywang/wx/miniapp/bean/face/WxMaFaceQueryVerifyInfoRequest.java,class,WxMaFaceQueryVerifyInfoRequest,bean/face/wx_ma_face_query_verify_info_request.rs
weixin-java-miniapp,cn/binarywang/wx/miniapp/bean/face/WxMaFaceQueryVerifyInfoResponse.java,class,WxMaFaceQueryVerifyInfoResponse,bean/face/wx_ma_face_query_verify_info_response.rs
weixin-java-miniapp,cn/binarywang/wx/miniapp/bean/internet/WxMaInternetResponse.java,class,WxMaInternetResponse,bean/internet/wx_ma_internet_response.rs
weixin-java-miniapp,cn/binarywang/wx/miniapp/bean/internet/WxMaInternetUserKeyInfo.java,class,WxMaInternetUserKeyInfo,bean/internet/wx_ma_internet_user_key_info.rs
weixin-java-miniapp,cn/binarywang/wx/miniapp/bean/intractiy/BasicWxMaOrder.java,class,BasicWxMaOrder,bean/intractiy/basic_wx_ma_order.rs
weixin-java-miniapp,cn/binarywang/wx/miniapp/bean/intractiy/BasicWxMaStoreChargeRefundRequest.java,class,BasicWxMaStoreChargeRefundRequest,bean/intractiy/basic_wx_ma_store_charge_refund_request.rs
weixin-java-miniapp,cn/binarywang/wx/miniapp/bean/intractiy/PayMode.java,enum,PayMode,bean/intractiy/pay_mode.rs
weixin-java-miniapp,cn/binarywang/wx/miniapp/bean/intractiy/WxMaAddOrderRequest.java,class,WxMaAddOrderRequest,bean/intractiy/wx_ma_add_order_request.rs
weixin-java-miniapp,cn/binarywang/wx/miniapp/bean/intractiy/WxMaAddOrderResponse.java,class,WxMaAddOrderResponse,bean/intractiy/wx_ma_add_order_response.rs
weixin-java-miniapp,cn/binarywang/wx/miniapp/bean/intractiy/WxMaCancelOrderResponse.java,class,WxMaCancelOrderResponse,bean/intractiy/wx_ma_cancel_order_response.rs
weixin-java-miniapp,cn/binarywang/wx/miniapp/bean/intractiy/WxMaGetPayModeResponse.java,class,WxMaGetPayModeResponse,bean/intractiy/wx_ma_get_pay_mode_response.rs
weixin-java-miniapp,cn/binarywang/wx/miniapp/bean/intractiy/WxMaOrder.java,class,WxMaOrder,bean/intractiy/wx_ma_order.rs
weixin-java-miniapp,cn/binarywang/wx/miniapp/bean/intractiy/WxMaPreAddOrderRequest.java,class,WxMaPreAddOrderRequest,bean/intractiy/wx_ma_pre_add_order_request.rs
weixin-java-miniapp,cn/binarywang/wx/miniapp/bean/intractiy/WxMaPreAddOrderResponse.java,class,WxMaPreAddOrderResponse,bean/intractiy/wx_ma_pre_add_order_response.rs
weixin-java-miniapp,cn/binarywang/wx/miniapp/bean/intractiy/WxMaQueryFlowRequest.java,class,WxMaQueryFlowRequest,bean/intractiy/wx_ma_query_flow_request.rs
weixin-java-miniapp,cn/binarywang/wx/miniapp/bean/intractiy/WxMaStore.java,class,WxMaStore,bean/intractiy/wx_ma_store.rs
weixin-java-miniapp,cn/binarywang/wx/miniapp/bean/intractiy/WxMaStoreBalance.java,class,WxMaStoreBalance,bean/intractiy/wx_ma_store_balance.rs
weixin-java-miniapp,cn/binarywang/wx/miniapp/bean/intractiy/WxMaStoreChargeRequest.java,class,WxMaStoreChargeRequest,bean/intractiy/wx_ma_store_charge_request.rs
weixin-java-miniapp,cn/binarywang/wx/miniapp/bean/intractiy/WxMaStoreFlowResponse.java,class,WxMaStoreFlowResponse,bean/intractiy/wx_ma_store_flow_response.rs
weixin-java-miniapp,cn/binarywang/wx/miniapp/bean/intractiy/WxMaStoreRefundRequest.java,class,WxMaStoreRefundRequest,bean/intractiy/wx_ma_store_refund_request.rs
weixin-java-miniapp,cn/binarywang/wx/miniapp/bean/intractiy/WxMaTransCity.java,class,WxMaTransCity,bean/intractiy/wx_ma_trans_city.rs
weixin-java-miniapp,cn/binarywang/wx/miniapp/bean/invoice/reimburse/InvoiceBatchRequest.java,class,InvoiceBatchRequest,invoice/reimburse/invoice_batch_request.rs
weixin-java-miniapp,cn/binarywang/wx/miniapp/bean/invoice/reimburse/InvoiceCommodityInfo.java,class,InvoiceCommodityInfo,invoice/reimburse/invoice_commodity_info.rs
weixin-java-miniapp,cn/binarywang/wx/miniapp/bean/invoice/reimburse/InvoiceInfoRequest.java,class,InvoiceInfoRequest,invoice/reimburse/invoice_info_request.rs
weixin-java-miniapp,cn/binarywang/wx/miniapp/bean/invoice/reimburse/InvoiceInfoResponse.java,class,InvoiceInfoResponse,invoice/reimburse/invoice_info_response.rs
weixin-java-miniapp,cn/binarywang/wx/miniapp/bean/invoice/reimburse/InvoiceUserInfo.java,class,InvoiceUserInfo,invoice/reimburse/invoice_user_info.rs
weixin-java-miniapp,cn/binarywang/wx/miniapp/bean/invoice/reimburse/UpdateInvoiceStatusRequest.java,class,UpdateInvoiceStatusRequest,invoice/reimburse/update_invoice_status_request.rs
weixin-java-miniapp,cn/binarywang/wx/miniapp/bean/invoice/reimburse/UpdateStatusBatchRequest.java,class,UpdateStatusBatchRequest,invoice/reimburse/update_status_batch_request.rs
weixin-java-miniapp,cn/binarywang/wx/miniapp/bean/kefu/WxMaKfInfo.java,class,WxMaKfInfo,bean/kefu/wx_ma_kf_info.rs
weixin-java-miniapp,cn/binarywang/wx/miniapp/bean/kefu/WxMaKfList.java,class,WxMaKfList,bean/kefu/wx_ma_kf_list.rs
weixin-java-miniapp,cn/binarywang/wx/miniapp/bean/kefu/WxMaKfSession.java,class,WxMaKfSession,bean/kefu/wx_ma_kf_session.rs
weixin-java-miniapp,cn/binarywang/wx/miniapp/bean/kefu/WxMaKfSessionList.java,class,WxMaKfSessionList,bean/kefu/wx_ma_kf_session_list.rs
weixin-java-miniapp,cn/binarywang/wx/miniapp/bean/kefu/request/WxMaKfAccountRequest.java,class,WxMaKfAccountRequest,kefu/request/wx_ma_kf_account_request.rs
weixin-java-miniapp,cn/binarywang/wx/miniapp/bean/kefu/request/WxMaKfSessionRequest.java,class,WxMaKfSessionRequest,kefu/request/wx_ma_kf_session_request.rs
weixin-java-miniapp,cn/binarywang/wx/miniapp/bean/live/WxMaAssistantResult.java,class,WxMaAssistantResult,bean/live/wx_ma_assistant_result.rs
weixin-java-miniapp,cn/binarywang/wx/miniapp/bean/live/WxMaCreateRoomResult.java,class,WxMaCreateRoomResult,bean/live/wx_ma_create_room_result.rs
weixin-java-miniapp,cn/binarywang/wx/miniapp/bean/live/WxMaLiveAssistantInfo.java,class,WxMaLiveAssistantInfo,bean/live/wx_ma_live_assistant_info.rs
weixin-java-miniapp,cn/binarywang/wx/miniapp/bean/live/WxMaLiveGoodInfo.java,class,WxMaLiveGoodInfo,bean/live/wx_ma_live_good_info.rs
weixin-java-miniapp,cn/binarywang/wx/miniapp/bean/live/WxMaLiveResult.java,class,WxMaLiveResult,bean/live/wx_ma_live_result.rs
weixin-java-miniapp,cn/binarywang/wx/miniapp/bean/live/WxMaLiveRoomInfo.java,class,WxMaLiveRoomInfo,bean/live/wx_ma_live_room_info.rs
weixin-java-miniapp,cn/binarywang/wx/miniapp/bean/live/WxMaLiveSharedCode.java,class,WxMaLiveSharedCode,bean/live/wx_ma_live_shared_code.rs
weixin-java-miniapp,cn/binarywang/wx/miniapp/bean/marketing/WxMaUserAction.java,class,WxMaUserAction,bean/marketing/wx_ma_user_action.rs
weixin-java-miniapp,cn/binarywang/wx/miniapp/bean/openapi/WxMiniGetApiQuotaResult.java,class,WxMiniGetApiQuotaResult,bean/openapi/wx_mini_get_api_quota_result.rs
weixin-java-miniapp,cn/binarywang/wx/miniapp/bean/openapi/WxMiniGetRidInfoResult.java,class,WxMiniGetRidInfoResult,bean/openapi/wx_mini_get_rid_info_result.rs
weixin-java-miniapp,cn/binarywang/wx/miniapp/bean/order/WxMaOrderManagementGetOrderDetailPath.java,class,WxMaOrderManagementGetOrderDetailPath,bean/order/wx_ma_order_management_get_order_detail_path.rs
weixin-java-miniapp,cn/binarywang/wx/miniapp/bean/order/WxMaOrderManagementResult.java,class,WxMaOrderManagementResult,bean/order/wx_ma_order_management_result.rs
weixin-java-miniapp,cn/binarywang/wx/miniapp/bean/product/MinishopShopCat.java,class,MinishopShopCat,bean/product/minishop_shop_cat.rs
weixin-java-miniapp,cn/binarywang/wx/miniapp/bean/product/WxMiniAfterSaleDetail.java,class,WxMiniAfterSaleDetail,bean/product/wx_mini_after_sale_detail.rs
weixin-java-miniapp,cn/binarywang/wx/miniapp/bean/product/WxMiniAfterSaleOrder.java,class,WxMiniAfterSaleOrder,bean/product/wx_mini_after_sale_order.rs
weixin-java-miniapp,cn/binarywang/wx/miniapp/bean/product/WxMiniBatchGetAfterSaleOrderResponse.java,class,WxMiniBatchGetAfterSaleOrderResponse,bean/product/wx_mini_batch_get_after_sale_order_response.rs
weixin-java-miniapp,cn/binarywang/wx/miniapp/bean/product/WxMiniGetAfterSaleOrderResponse.java,class,WxMiniGetAfterSaleOrderResponse,bean/product/wx_mini_get_after_sale_order_response.rs
weixin-java-miniapp,cn/binarywang/wx/miniapp/bean/product/WxMiniOrderAfterSaleDetail.java,class,WxMiniOrderAfterSaleDetail,bean/product/wx_mini_order_after_sale_detail.rs
weixin-java-miniapp,cn/binarywang/wx/miniapp/bean/product/WxMiniOrderDeliveryRequest.java,class,WxMiniOrderDeliveryRequest,bean/product/wx_mini_order_delivery_request.rs
weixin-java-miniapp,cn/binarywang/wx/miniapp/bean/product/WxMinishopAddGoodsSkuData.java,class,WxMinishopAddGoodsSkuData,bean/product/wx_minishop_add_goods_sku_data.rs
weixin-java-miniapp,cn/binarywang/wx/miniapp/bean/product/WxMinishopAddGoodsSpuData.java,class,WxMinishopAddGoodsSpuData,bean/product/wx_minishop_add_goods_spu_data.rs
weixin-java-miniapp,cn/binarywang/wx/miniapp/bean/product/WxMinishopAddressInfo.java,class,WxMinishopAddressInfo,bean/product/wx_minishop_address_info.rs
weixin-java-miniapp,cn/binarywang/wx/miniapp/bean/product/WxMinishopDeliveryCompany.java,class,WxMinishopDeliveryCompany,bean/product/wx_minishop_delivery_company.rs
weixin-java-miniapp,cn/binarywang/wx/miniapp/bean/product/WxMinishopDeliveryInfo.java,class,WxMinishopDeliveryInfo,bean/product/wx_minishop_delivery_info.rs
weixin-java-miniapp,cn/binarywang/wx/miniapp/bean/product/WxMinishopGetBrandResponse.java,class,WxMinishopGetBrandResponse,bean/product/wx_minishop_get_brand_response.rs
weixin-java-miniapp,cn/binarywang/wx/miniapp/bean/product/WxMinishopGetCategoryResponse.java,class,WxMinishopGetCategoryResponse,bean/product/wx_minishop_get_category_response.rs
weixin-java-miniapp,cn/binarywang/wx/miniapp/bean/product/WxMinishopGetFrightTemplateResponse.java,class,WxMinishopGetFrightTemplateResponse,bean/product/wx_minishop_get_fright_template_response.rs
weixin-java-miniapp,cn/binarywang/wx/miniapp/bean/product/WxMinishopGoodsSkuAttr.java,class,WxMinishopGoodsSkuAttr,bean/product/wx_minishop_goods_sku_attr.rs
weixin-java-miniapp,cn/binarywang/wx/miniapp/bean/product/WxMinishopOrderDetail.java,class,WxMinishopOrderDetail,bean/product/wx_minishop_order_detail.rs
weixin-java-miniapp,cn/binarywang/wx/miniapp/bean/product/WxMinishopOrderDetailResponse.java,class,WxMinishopOrderDetailResponse,bean/product/wx_minishop_order_detail_response.rs
weixin-java-miniapp,cn/binarywang/wx/miniapp/bean/product/WxMinishopOrderListResponse.java,class,WxMinishopOrderListResponse,bean/product/wx_minishop_order_list_response.rs
weixin-java-miniapp,cn/binarywang/wx/miniapp/bean/product/WxMinishopOrderResult.java,class,WxMinishopOrderResult,bean/product/wx_minishop_order_result.rs
weixin-java-miniapp,cn/binarywang/wx/miniapp/bean/product/WxMinishopPayInfo.java,class,WxMinishopPayInfo,bean/product/wx_minishop_pay_info.rs
weixin-java-miniapp,cn/binarywang/wx/miniapp/bean/product/WxMinishopPriceInfo.java,class,WxMinishopPriceInfo,bean/product/wx_minishop_price_info.rs
weixin-java-miniapp,cn/binarywang/wx/miniapp/bean/product/WxMinishopProductInfo.java,class,WxMinishopProductInfo,bean/product/wx_minishop_product_info.rs
weixin-java-miniapp,cn/binarywang/wx/miniapp/bean/product/WxMinishopResult.java,class,WxMinishopResult,bean/product/wx_minishop_result.rs
weixin-java-miniapp,cn/binarywang/wx/miniapp/bean/product/WxMinishopSku.java,class,WxMinishopSku,bean/product/wx_minishop_sku.rs
weixin-java-miniapp,cn/binarywang/wx/miniapp/bean/product/WxMinishopSkuListResponse.java,class,WxMinishopSkuListResponse,bean/product/wx_minishop_sku_list_response.rs
weixin-java-miniapp,cn/binarywang/wx/miniapp/bean/product/WxMinishopSpu.java,class,WxMinishopSpu,bean/product/wx_minishop_spu.rs
weixin-java-miniapp,cn/binarywang/wx/miniapp/bean/product/WxMinishopSpuGet.java,class,WxMinishopSpuGet,bean/product/wx_minishop_spu_get.rs
weixin-java-miniapp,cn/binarywang/wx/miniapp/bean/product/WxMinishopSpuGetResponse.java,class,WxMinishopSpuGetResponse,bean/product/wx_minishop_spu_get_response.rs
weixin-java-miniapp,cn/binarywang/wx/miniapp/bean/product/WxMinishopSpuListResponse.java,class,WxMinishopSpuListResponse,bean/product/wx_minishop_spu_list_response.rs
weixin-java-miniapp,cn/binarywang/wx/miniapp/bean/product/WxMinishopUpdateGoodsSkuData.java,class,WxMinishopUpdateGoodsSkuData,bean/product/wx_minishop_update_goods_sku_data.rs
weixin-java-miniapp,cn/binarywang/wx/miniapp/bean/promoter/request/WxMaPromoterUpdateRoleRequest.java,class,WxMaPromoterUpdateRoleRequest,promoter/request/wx_ma_promoter_update_role_request.rs
weixin-java-miniapp,cn/binarywang/wx/miniapp/bean/promoter/request/WxMaPromotionAddPromoterRequest.java,class,WxMaPromotionAddPromoterRequest,promoter/request/wx_ma_promotion_add_promoter_request.rs
weixin-java-miniapp,cn/binarywang/wx/miniapp/bean/promoter/request/WxMaPromotionAddRoleRequest.java,class,WxMaPromotionAddRoleRequest,promoter/request/wx_ma_promotion_add_role_request.rs
weixin-java-miniapp,cn/binarywang/wx/miniapp/bean/promoter/request/WxMaPromotionGetInvitationMaterialRequest.java,class,WxMaPromotionGetInvitationMaterialRequest,promoter/request/wx_ma_promotion_get_invitation_material_request.rs
weixin-java-miniapp,cn/binarywang/wx/miniapp/bean/promoter/request/WxMaPromotionGetMsgClickDataRequest.java,class,WxMaPromotionGetMsgClickDataRequest,promoter/request/wx_ma_promotion_get_msg_click_data_request.rs
weixin-java-miniapp,cn/binarywang/wx/miniapp/bean/promoter/request/WxMaPromotionGetMsgRequest.java,class,WxMaPromotionGetMsgRequest,promoter/request/wx_ma_promotion_get_msg_request.rs
weixin-java-miniapp,cn/binarywang/wx/miniapp/bean/promoter/request/WxMaPromotionGetOrderRequest.java,class,WxMaPromotionGetOrderRequest,promoter/request/wx_ma_promotion_get_order_request.rs
weixin-java-miniapp,cn/binarywang/wx/miniapp/bean/promoter/request/WxMaPromotionGetPromoterRequest.java,class,WxMaPromotionGetPromoterRequest,promoter/request/wx_ma_promotion_get_promoter_request.rs
weixin-java-miniapp,cn/binarywang/wx/miniapp/bean/promoter/request/WxMaPromotionGetRelationRequest.java,class,WxMaPromotionGetRelationRequest,promoter/request/wx_ma_promotion_get_relation_request.rs
weixin-java-miniapp,cn/binarywang/wx/miniapp/bean/promoter/request/WxMaPromotionGetRoleRequest.java,class,WxMaPromotionGetRoleRequest,promoter/request/wx_ma_promotion_get_role_request.rs
weixin-java-miniapp,cn/binarywang/wx/miniapp/bean/promoter/request/WxMaPromotionGetShareMaterialRequest.java,class,WxMaPromotionGetShareMaterialRequest,promoter/request/wx_ma_promotion_get_share_material_request.rs
weixin-java-miniapp,cn/binarywang/wx/miniapp/bean/promoter/request/WxMaPromotionSendMsgRequest.java,class,WxMaPromotionSendMsgRequest,promoter/request/wx_ma_promotion_send_msg_request.rs
weixin-java-miniapp,cn/binarywang/wx/miniapp/bean/promoter/request/WxMaPromotionSingleSendMsgRequest.java,class,WxMaPromotionSingleSendMsgRequest,promoter/request/wx_ma_promotion_single_send_msg_request.rs
weixin-java-miniapp,cn/binarywang/wx/miniapp/bean/promoter/request/WxMaPromotionUpdatePromoterRequest.java,class,WxMaPromotionUpdatePromoterRequest,promoter/request/wx_ma_promotion_update_promoter_request.rs
weixin-java-miniapp,cn/binarywang/wx/miniapp/bean/promoter/response/WxMaPromotionAddPromoterResponse.java,class,WxMaPromotionAddPromoterResponse,promoter/response/wx_ma_promotion_add_promoter_response.rs
weixin-java-miniapp,cn/binarywang/wx/miniapp/bean/promoter/response/WxMaPromotionAddRoleResponse.java,class,WxMaPromotionAddRoleResponse,promoter/response/wx_ma_promotion_add_role_response.rs
weixin-java-miniapp,cn/binarywang/wx/miniapp/bean/promoter/response/WxMaPromotionGetInvitationMaterialResponse.java,class,WxMaPromotionGetInvitationMaterialResponse,promoter/response/wx_ma_promotion_get_invitation_material_response.rs
weixin-java-miniapp,cn/binarywang/wx/miniapp/bean/promoter/response/WxMaPromotionGetMsgClickDataResponse.java,class,WxMaPromotionGetMsgClickDataResponse,promoter/response/wx_ma_promotion_get_msg_click_data_response.rs
weixin-java-miniapp,cn/binarywang/wx/miniapp/bean/promoter/response/WxMaPromotionGetMsgResponse.java,class,WxMaPromotionGetMsgResponse,promoter/response/wx_ma_promotion_get_msg_response.rs
weixin-java-miniapp,cn/binarywang/wx/miniapp/bean/promoter/response/WxMaPromotionGetOrderResponse.java,class,WxMaPromotionGetOrderResponse,promoter/response/wx_ma_promotion_get_order_response.rs
weixin-java-miniapp,cn/binarywang/wx/miniapp/bean/promoter/response/WxMaPromotionGetPromoterResponse.java,class,WxMaPromotionGetPromoterResponse,promoter/response/wx_ma_promotion_get_promoter_response.rs
weixin-java-miniapp,cn/binarywang/wx/miniapp/bean/promoter/response/WxMaPromotionGetRelationResponse.java,class,WxMaPromotionGetRelationResponse,promoter/response/wx_ma_promotion_get_relation_response.rs
weixin-java-miniapp,cn/binarywang/wx/miniapp/bean/promoter/response/WxMaPromotionGetRoleResponse.java,class,WxMaPromotionGetRoleResponse,promoter/response/wx_ma_promotion_get_role_response.rs
weixin-java-miniapp,cn/binarywang/wx/miniapp/bean/promoter/response/WxMaPromotionGetShareMaterialResponse.java,class,WxMaPromotionGetShareMaterialResponse,promoter/response/wx_ma_promotion_get_share_material_response.rs
weixin-java-miniapp,cn/binarywang/wx/miniapp/bean/promoter/response/WxMaPromotionSendMsgResponse.java,class,WxMaPromotionSendMsgResponse,promoter/response/wx_ma_promotion_send_msg_response.rs
weixin-java-miniapp,cn/binarywang/wx/miniapp/bean/promoter/response/WxMaPromotionSingleSendMsgResponse.java,class,WxMaPromotionSingleSendMsgResponse,promoter/response/wx_ma_promotion_single_send_msg_response.rs
weixin-java-miniapp,cn/binarywang/wx/miniapp/bean/promoter/response/WxMaPromotionUpdatePromoterResponse.java,class,WxMaPromotionUpdatePromoterResponse,promoter/response/wx_ma_promotion_update_promoter_response.rs
weixin-java-miniapp,cn/binarywang/wx/miniapp/bean/promoter/response/WxMaPromotionUpdateRoleResponse.java,class,WxMaPromotionUpdateRoleResponse,promoter/response/wx_ma_promotion_update_role_response.rs
weixin-java-miniapp,cn/binarywang/wx/miniapp/bean/qrcode/WxMaQrcodeJumpRule.java,class,WxMaQrcodeJumpRule,bean/qrcode/wx_ma_qrcode_jump_rule.rs
weixin-java-miniapp,cn/binarywang/wx/miniapp/bean/qrcode/WxMaQrcodeJumpRuleListResponse.java,class,WxMaQrcodeJumpRuleListResponse,bean/qrcode/wx_ma_qrcode_jump_rule_list_response.rs
weixin-java-miniapp,cn/binarywang/wx/miniapp/bean/qrcode/WxMaQrcodeJumpWxaItem.java,class,WxMaQrcodeJumpWxaItem,bean/qrcode/wx_ma_qrcode_jump_wxa_item.rs
weixin-java-miniapp,cn/binarywang/wx/miniapp/bean/safety/request/WxMaUserSafetyRiskRankRequest.java,class,WxMaUserSafetyRiskRankRequest,safety/request/wx_ma_user_safety_risk_rank_request.rs
weixin-java-miniapp,cn/binarywang/wx/miniapp/bean/safety/response/WxMaUserSafetyRiskRankResponse.java,class,WxMaUserSafetyRiskRankResponse,safety/response/wx_ma_user_safety_risk_rank_response.rs
weixin-java-miniapp,cn/binarywang/wx/miniapp/bean/scheme/WxMaGenerateNfcSchemeRequest.java,class,WxMaGenerateNfcSchemeRequest,bean/scheme/wx_ma_generate_nfc_scheme_request.rs
weixin-java-miniapp,cn/binarywang/wx/miniapp/bean/scheme/WxMaGenerateSchemeRequest.java,class,WxMaGenerateSchemeRequest,bean/scheme/wx_ma_generate_scheme_request.rs
weixin-java-miniapp,cn/binarywang/wx/miniapp/bean/security/WxMaMediaSecCheckCheckRequest.java,class,WxMaMediaSecCheckCheckRequest,bean/security/wx_ma_media_sec_check_check_request.rs
weixin-java-miniapp,cn/binarywang/wx/miniapp/bean/security/WxMaMsgSecCheckCheckRequest.java,class,WxMaMsgSecCheckCheckRequest,bean/security/wx_ma_msg_sec_check_check_request.rs
weixin-java-miniapp,cn/binarywang/wx/miniapp/bean/security/WxMaMsgSecCheckCheckResponse.java,class,WxMaMsgSecCheckCheckResponse,bean/security/wx_ma_msg_sec_check_check_response.rs
weixin-java-miniapp,cn/binarywang/wx/miniapp/bean/shop/WxMaPromotionInfo.java,class,WxMaPromotionInfo,bean/shop/wx_ma_promotion_info.rs
weixin-java-miniapp,cn/binarywang/wx/miniapp/bean/shop/WxMaShopAccountGetBrandListItem.java,class,WxMaShopAccountGetBrandListItem,bean/shop/wx_ma_shop_account_get_brand_list_item.rs
weixin-java-miniapp,cn/binarywang/wx/miniapp/bean/shop/WxMaShopAccountGetCategoryListItem.java,class,WxMaShopAccountGetCategoryListItem,bean/shop/wx_ma_shop_account_get_category_list_item.rs
weixin-java-miniapp,cn/binarywang/wx/miniapp/bean/shop/WxMaShopAccountGetInfo.java,class,WxMaShopAccountGetInfo,bean/shop/wx_ma_shop_account_get_info.rs
weixin-java-miniapp,cn/binarywang/wx/miniapp/bean/shop/WxMaShopAddOrderResult.java,class,WxMaShopAddOrderResult,bean/shop/wx_ma_shop_add_order_result.rs
weixin-java-miniapp,cn/binarywang/wx/miniapp/bean/shop/WxMaShopAddSpuResult.java,class,WxMaShopAddSpuResult,bean/shop/wx_ma_shop_add_spu_result.rs
weixin-java-miniapp,cn/binarywang/wx/miniapp/bean/shop/WxMaShopAddressInfo.java,class,WxMaShopAddressInfo,bean/shop/wx_ma_shop_address_info.rs
weixin-java-miniapp,cn/binarywang/wx/miniapp/bean/shop/WxMaShopCatGetDetail.java,class,WxMaShopCatGetDetail,bean/shop/wx_ma_shop_cat_get_detail.rs
weixin-java-miniapp,cn/binarywang/wx/miniapp/bean/shop/WxMaShopCouponInfo.java,class,WxMaShopCouponInfo,bean/shop/wx_ma_shop_coupon_info.rs
weixin-java-miniapp,cn/binarywang/wx/miniapp/bean/shop/WxMaShopDeliveryDetail.java,class,WxMaShopDeliveryDetail,bean/shop/wx_ma_shop_delivery_detail.rs
weixin-java-miniapp,cn/binarywang/wx/miniapp/bean/shop/WxMaShopDeliveryItem.java,class,WxMaShopDeliveryItem,bean/shop/wx_ma_shop_delivery_item.rs
weixin-java-miniapp,cn/binarywang/wx/miniapp/bean/shop/WxMaShopGetSpuResult.java,class,WxMaShopGetSpuResult,bean/shop/wx_ma_shop_get_spu_result.rs
weixin-java-miniapp,cn/binarywang/wx/miniapp/bean/shop/WxMaShopOrderDetail.java,class,WxMaShopOrderDetail,bean/shop/wx_ma_shop_order_detail.rs
weixin-java-miniapp,cn/binarywang/wx/miniapp/bean/shop/WxMaShopOrderInfo.java,class,WxMaShopOrderInfo,bean/shop/wx_ma_shop_order_info.rs
weixin-java-miniapp,cn/binarywang/wx/miniapp/bean/shop/WxMaShopOrderResult.java,class,WxMaShopOrderResult,bean/shop/wx_ma_shop_order_result.rs
weixin-java-miniapp,cn/binarywang/wx/miniapp/bean/shop/WxMaShopPayInfo.java,class,WxMaShopPayInfo,bean/shop/wx_ma_shop_pay_info.rs
weixin-java-miniapp,cn/binarywang/wx/miniapp/bean/shop/WxMaShopPriceInfo.java,class,WxMaShopPriceInfo,bean/shop/wx_ma_shop_price_info.rs
weixin-java-miniapp,cn/binarywang/wx/miniapp/bean/shop/WxMaShopProductInfo.java,class,WxMaShopProductInfo,bean/shop/wx_ma_shop_product_info.rs
weixin-java-miniapp,cn/binarywang/wx/miniapp/bean/shop/WxMaShopPromotionInfo.java,class,WxMaShopPromotionInfo,bean/shop/wx_ma_shop_promotion_info.rs
weixin-java-miniapp,cn/binarywang/wx/miniapp/bean/shop/WxMaShopSkuAttribute.java,class,WxMaShopSkuAttribute,bean/shop/wx_ma_shop_sku_attribute.rs
weixin-java-miniapp,cn/binarywang/wx/miniapp/bean/shop/WxMaShopSkuInfo.java,class,WxMaShopSkuInfo,bean/shop/wx_ma_shop_sku_info.rs
weixin-java-miniapp,cn/binarywang/wx/miniapp/bean/shop/WxMaShopSkuResult.java,class,WxMaShopSkuResult,bean/shop/wx_ma_shop_sku_result.rs
weixin-java-miniapp,cn/binarywang/wx/miniapp/bean/shop/WxMaShopSkuWithoutAuditInfo.java,class,WxMaShopSkuWithoutAuditInfo,bean/shop/wx_ma_shop_sku_without_audit_info.rs
weixin-java-miniapp,cn/binarywang/wx/miniapp/bean/shop/WxMaShopSpuAudit.java,class,WxMaShopSpuAudit,bean/shop/wx_ma_shop_spu_audit.rs
weixin-java-miniapp,cn/binarywang/wx/miniapp/bean/shop/WxMaShopSpuDescInfo.java,class,WxMaShopSpuDescInfo,bean/shop/wx_ma_shop_spu_desc_info.rs
weixin-java-miniapp,cn/binarywang/wx/miniapp/bean/shop/WxMaShopSpuInfo.java,class,WxMaShopSpuInfo,bean/shop/wx_ma_shop_spu_info.rs
weixin-java-miniapp,cn/binarywang/wx/miniapp/bean/shop/WxMaShopSpuWithoutAuditInfo.java,class,WxMaShopSpuWithoutAuditInfo,bean/shop/wx_ma_shop_spu_without_audit_info.rs
weixin-java-miniapp,cn/binarywang/wx/miniapp/bean/shop/request/WxMaOrderShippingIsTradeManagedRequest.java,class,WxMaOrderShippingIsTradeManagedRequest,shop/request/wx_ma_order_shipping_is_trade_managed_request.rs
weixin-java-miniapp,cn/binarywang/wx/miniapp/bean/shop/request/WxMaShopAcceptReturnRequest.java,class,WxMaShopAcceptReturnRequest,shop/request/wx_ma_shop_accept_return_request.rs
weixin-java-miniapp,cn/binarywang/wx/miniapp/bean/shop/request/WxMaShopAccountUpdateInfoRequest.java,class,WxMaShopAccountUpdateInfoRequest,shop/request/wx_ma_shop_account_update_info_request.rs
weixin-java-miniapp,cn/binarywang/wx/miniapp/bean/shop/request/WxMaShopAfterSaleAddRequest.java,class,WxMaShopAfterSaleAddRequest,shop/request/wx_ma_shop_after_sale_add_request.rs
weixin-java-miniapp,cn/binarywang/wx/miniapp/bean/shop/request/WxMaShopAfterSaleGetRequest.java,class,WxMaShopAfterSaleGetRequest,shop/request/wx_ma_shop_after_sale_get_request.rs
weixin-java-miniapp,cn/binarywang/wx/miniapp/bean/shop/request/WxMaShopAfterSaleListRequest.java,class,WxMaShopAfterSaleListRequest,shop/request/wx_ma_shop_after_sale_list_request.rs
weixin-java-miniapp,cn/binarywang/wx/miniapp/bean/shop/request/WxMaShopAfterSaleUpdateRequest.java,class,WxMaShopAfterSaleUpdateRequest,shop/request/wx_ma_shop_after_sale_update_request.rs
weixin-java-miniapp,cn/binarywang/wx/miniapp/bean/shop/request/WxMaShopAfterSaleUploadReturnInfoRequest.java,class,WxMaShopAfterSaleUploadReturnInfoRequest,shop/request/wx_ma_shop_after_sale_upload_return_info_request.rs
weixin-java-miniapp,cn/binarywang/wx/miniapp/bean/shop/request/WxMaShopAuditBrandRequest.java,class,WxMaShopAuditBrandRequest,shop/request/wx_ma_shop_audit_brand_request.rs
weixin-java-miniapp,cn/binarywang/wx/miniapp/bean/shop/request/WxMaShopAuditCategoryRequest.java,class,WxMaShopAuditCategoryRequest,shop/request/wx_ma_shop_audit_category_request.rs
weixin-java-miniapp,cn/binarywang/wx/miniapp/bean/shop/request/WxMaShopDeliveryRecieveRequest.java,class,WxMaShopDeliveryRecieveRequest,shop/request/wx_ma_shop_delivery_recieve_request.rs
weixin-java-miniapp,cn/binarywang/wx/miniapp/bean/shop/request/WxMaShopDeliverySendRequest.java,class,WxMaShopDeliverySendRequest,shop/request/wx_ma_shop_delivery_send_request.rs
weixin-java-miniapp,cn/binarywang/wx/miniapp/bean/shop/request/WxMaShopEcAfterSaleGetRequest.java,class,WxMaShopEcAfterSaleGetRequest,shop/request/wx_ma_shop_ec_after_sale_get_request.rs
weixin-java-miniapp,cn/binarywang/wx/miniapp/bean/shop/request/WxMaShopEcAfterSaleUpdateRequest.java,class,WxMaShopEcAfterSaleUpdateRequest,shop/request/wx_ma_shop_ec_after_sale_update_request.rs
weixin-java-miniapp,cn/binarywang/wx/miniapp/bean/shop/request/WxMaShopOrderPayRequest.java,class,WxMaShopOrderPayRequest,shop/request/wx_ma_shop_order_pay_request.rs
weixin-java-miniapp,cn/binarywang/wx/miniapp/bean/shop/request/WxMaShopPayCreateOrderRequest.java,class,WxMaShopPayCreateOrderRequest,shop/request/wx_ma_shop_pay_create_order_request.rs
weixin-java-miniapp,cn/binarywang/wx/miniapp/bean/shop/request/WxMaShopPayOrderRefundRequest.java,class,WxMaShopPayOrderRefundRequest,shop/request/wx_ma_shop_pay_order_refund_request.rs
weixin-java-miniapp,cn/binarywang/wx/miniapp/bean/shop/request/WxMaShopRegisterApplySceneRequest.java,class,WxMaShopRegisterApplySceneRequest,shop/request/wx_ma_shop_register_apply_scene_request.rs
weixin-java-miniapp,cn/binarywang/wx/miniapp/bean/shop/request/WxMaShopRegisterFinishAccessInfoRequest.java,class,WxMaShopRegisterFinishAccessInfoRequest,shop/request/wx_ma_shop_register_finish_access_info_request.rs
weixin-java-miniapp,cn/binarywang/wx/miniapp/bean/shop/request/WxMaShopSpuPageRequest.java,class,WxMaShopSpuPageRequest,shop/request/wx_ma_shop_spu_page_request.rs
weixin-java-miniapp,cn/binarywang/wx/miniapp/bean/shop/request/WxMaShopUploadCerficatesRequest.java,class,WxMaShopUploadCerficatesRequest,shop/request/wx_ma_shop_upload_cerficates_request.rs
weixin-java-miniapp,cn/binarywang/wx/miniapp/bean/shop/request/shipping/ContactBean.java,class,ContactBean,request/shipping/contact_bean.rs
weixin-java-miniapp,cn/binarywang/wx/miniapp/bean/shop/request/shipping/OrderKeyBean.java,class,OrderKeyBean,request/shipping/order_key_bean.rs
weixin-java-miniapp,cn/binarywang/wx/miniapp/bean/shop/request/shipping/PayerBean.java,class,PayerBean,request/shipping/payer_bean.rs
weixin-java-miniapp,cn/binarywang/wx/miniapp/bean/shop/request/shipping/ShippingListBean.java,class,ShippingListBean,request/shipping/shipping_list_bean.rs
weixin-java-miniapp,cn/binarywang/wx/miniapp/bean/shop/request/shipping/WxMaOrderCombinedShippingInfoUploadRequest.java,class,WxMaOrderCombinedShippingInfoUploadRequest,request/shipping/wx_ma_order_combined_shipping_info_upload_request.rs
weixin-java-miniapp,cn/binarywang/wx/miniapp/bean/shop/request/shipping/WxMaOrderShippingInfoGetListRequest.java,class,WxMaOrderShippingInfoGetListRequest,request/shipping/wx_ma_order_shipping_info_get_list_request.rs
weixin-java-miniapp,cn/binarywang/wx/miniapp/bean/shop/request/shipping/WxMaOrderShippingInfoGetRequest.java,class,WxMaOrderShippingInfoGetRequest,request/shipping/wx_ma_order_shipping_info_get_request.rs
weixin-java-miniapp,cn/binarywang/wx/miniapp/bean/shop/request/shipping/WxMaOrderShippingInfoNotifyConfirmRequest.java,class,WxMaOrderShippingInfoNotifyConfirmRequest,request/shipping/wx_ma_order_shipping_info_notify_confirm_request.rs
weixin-java-miniapp,cn/binarywang/wx/miniapp/bean/shop/request/shipping/WxMaOrderShippingInfoUploadRequest.java,class,WxMaOrderShippingInfoUploadRequest,request/shipping/wx_ma_order_shipping_info_upload_request.rs
weixin-java-miniapp,cn/binarywang/wx/miniapp/bean/shop/response/WxMaOrderShippingITMCCompletedResult.java,class,WxMaOrderShippingITMCCompletedResult,shop/response/wx_ma_order_shipping_itmc_completed_result.rs
weixin-java-miniapp,cn/binarywang/wx/miniapp/bean/shop/response/WxMaOrderShippingInfoBaseResponse.java,class,WxMaOrderShippingInfoBaseResponse,shop/response/wx_ma_order_shipping_info_base_response.rs
weixin-java-miniapp,cn/binarywang/wx/miniapp/bean/shop/response/WxMaOrderShippingInfoGetListResponse.java,class,WxMaOrderShippingInfoGetListResponse,shop/response/wx_ma_order_shipping_info_get_list_response.rs
weixin-java-miniapp,cn/binarywang/wx/miniapp/bean/shop/response/WxMaOrderShippingInfoGetResponse.java,class,WxMaOrderShippingInfoGetResponse,shop/response/wx_ma_order_shipping_info_get_response.rs
weixin-java-miniapp,cn/binarywang/wx/miniapp/bean/shop/response/WxMaOrderShippingIsTradeManagedResponse.java,class,WxMaOrderShippingIsTradeManagedResponse,shop/response/wx_ma_order_shipping_is_trade_managed_response.rs
weixin-java-miniapp,cn/binarywang/wx/miniapp/bean/shop/response/WxMaShopAccountGetBrandListResponse.java,class,WxMaShopAccountGetBrandListResponse,shop/response/wx_ma_shop_account_get_brand_list_response.rs
weixin-java-miniapp,cn/binarywang/wx/miniapp/bean/shop/response/WxMaShopAccountGetCategoryListResponse.java,class,WxMaShopAccountGetCategoryListResponse,shop/response/wx_ma_shop_account_get_category_list_response.rs
weixin-java-miniapp,cn/binarywang/wx/miniapp/bean/shop/response/WxMaShopAccountGetInfoResponse.java,class,WxMaShopAccountGetInfoResponse,shop/response/wx_ma_shop_account_get_info_response.rs
weixin-java-miniapp,cn/binarywang/wx/miniapp/bean/shop/response/WxMaShopAddOrderResponse.java,class,WxMaShopAddOrderResponse,shop/response/wx_ma_shop_add_order_response.rs
weixin-java-miniapp,cn/binarywang/wx/miniapp/bean/shop/response/WxMaShopAddSpuResponse.java,class,WxMaShopAddSpuResponse,shop/response/wx_ma_shop_add_spu_response.rs
weixin-java-miniapp,cn/binarywang/wx/miniapp/bean/shop/response/WxMaShopAfterSaleAddResponse.java,class,WxMaShopAfterSaleAddResponse,shop/response/wx_ma_shop_after_sale_add_response.rs
weixin-java-miniapp,cn/binarywang/wx/miniapp/bean/shop/response/WxMaShopAfterSaleGetResponse.java,class,WxMaShopAfterSaleGetResponse,shop/response/wx_ma_shop_after_sale_get_response.rs
weixin-java-miniapp,cn/binarywang/wx/miniapp/bean/shop/response/WxMaShopAfterSaleListResponse.java,class,WxMaShopAfterSaleListResponse,shop/response/wx_ma_shop_after_sale_list_response.rs
weixin-java-miniapp,cn/binarywang/wx/miniapp/bean/shop/response/WxMaShopAuditBrandResponse.java,class,WxMaShopAuditBrandResponse,shop/response/wx_ma_shop_audit_brand_response.rs
weixin-java-miniapp,cn/binarywang/wx/miniapp/bean/shop/response/WxMaShopAuditCategoryResponse.java,class,WxMaShopAuditCategoryResponse,shop/response/wx_ma_shop_audit_category_response.rs
weixin-java-miniapp,cn/binarywang/wx/miniapp/bean/shop/response/WxMaShopAuditResultResponse.java,class,WxMaShopAuditResultResponse,shop/response/wx_ma_shop_audit_result_response.rs
weixin-java-miniapp,cn/binarywang/wx/miniapp/bean/shop/response/WxMaShopBaseResponse.java,class,WxMaShopBaseResponse,shop/response/wx_ma_shop_base_response.rs
weixin-java-miniapp,cn/binarywang/wx/miniapp/bean/shop/response/WxMaShopCatGetResponse.java,class,WxMaShopCatGetResponse,shop/response/wx_ma_shop_cat_get_response.rs
weixin-java-miniapp,cn/binarywang/wx/miniapp/bean/shop/response/WxMaShopCouponListResponse.java,class,WxMaShopCouponListResponse,shop/response/wx_ma_shop_coupon_list_response.rs
weixin-java-miniapp,cn/binarywang/wx/miniapp/bean/shop/response/WxMaShopCouponResponse.java,class,WxMaShopCouponResponse,shop/response/wx_ma_shop_coupon_response.rs
weixin-java-miniapp,cn/binarywang/wx/miniapp/bean/shop/response/WxMaShopDeliveryGetCompanyListResponse.java,class,WxMaShopDeliveryGetCompanyListResponse,shop/response/wx_ma_shop_delivery_get_company_list_response.rs
weixin-java-miniapp,cn/binarywang/wx/miniapp/bean/shop/response/WxMaShopEcAfterSaleGetResponse.java,class,WxMaShopEcAfterSaleGetResponse,shop/response/wx_ma_shop_ec_after_sale_get_response.rs
weixin-java-miniapp,cn/binarywang/wx/miniapp/bean/shop/response/WxMaShopGetOrderListResponse.java,class,WxMaShopGetOrderListResponse,shop/response/wx_ma_shop_get_order_list_response.rs
weixin-java-miniapp,cn/binarywang/wx/miniapp/bean/shop/response/WxMaShopGetOrderResponse.java,class,WxMaShopGetOrderResponse,shop/response/wx_ma_shop_get_order_response.rs
weixin-java-miniapp,cn/binarywang/wx/miniapp/bean/shop/response/WxMaShopGetPaymentParamsResponse.java,class,WxMaShopGetPaymentParamsResponse,shop/response/wx_ma_shop_get_payment_params_response.rs
weixin-java-miniapp,cn/binarywang/wx/miniapp/bean/shop/response/WxMaShopGetSpuListResponse.java,class,WxMaShopGetSpuListResponse,shop/response/wx_ma_shop_get_spu_list_response.rs
weixin-java-miniapp,cn/binarywang/wx/miniapp/bean/shop/response/WxMaShopGetSpuResponse.java,class,WxMaShopGetSpuResponse,shop/response/wx_ma_shop_get_spu_response.rs
weixin-java-miniapp,cn/binarywang/wx/miniapp/bean/shop/response/WxMaShopPayCreateOrderResponse.java,class,WxMaShopPayCreateOrderResponse,shop/response/wx_ma_shop_pay_create_order_response.rs
weixin-java-miniapp,cn/binarywang/wx/miniapp/bean/shop/response/WxMaShopPayGetOrderResponse.java,class,WxMaShopPayGetOrderResponse,shop/response/wx_ma_shop_pay_get_order_response.rs
weixin-java-miniapp,cn/binarywang/wx/miniapp/bean/shop/response/WxMaShopRegisterCheckResponse.java,class,WxMaShopRegisterCheckResponse,shop/response/wx_ma_shop_register_check_response.rs
weixin-java-miniapp,cn/binarywang/wx/miniapp/bean/shop/response/WxMaShopSearchSharerResponse.java,class,WxMaShopSearchSharerResponse,shop/response/wx_ma_shop_search_sharer_response.rs
weixin-java-miniapp,cn/binarywang/wx/miniapp/bean/shop/response/WxMaShopSharerBindResponse.java,class,WxMaShopSharerBindResponse,shop/response/wx_ma_shop_sharer_bind_response.rs
weixin-java-miniapp,cn/binarywang/wx/miniapp/bean/shop/response/WxMaShopSharerDataSummaryResponse.java,class,WxMaShopSharerDataSummaryResponse,shop/response/wx_ma_shop_sharer_data_summary_response.rs
weixin-java-miniapp,cn/binarywang/wx/miniapp/bean/shop/response/WxMaShopSharerListResponse.java,class,WxMaShopSharerListResponse,shop/response/wx_ma_shop_sharer_list_response.rs
weixin-java-miniapp,cn/binarywang/wx/miniapp/bean/shop/response/WxMaShopSharerLiveOrderListResponse.java,class,WxMaShopSharerLiveOrderListResponse,shop/response/wx_ma_shop_sharer_live_order_list_response.rs
weixin-java-miniapp,cn/binarywang/wx/miniapp/bean/shop/response/WxMaShopSharerLiveSummaryListResponse.java,class,WxMaShopSharerLiveSummaryListResponse,shop/response/wx_ma_shop_sharer_live_summary_list_response.rs
weixin-java-miniapp,cn/binarywang/wx/miniapp/bean/shop/response/WxMaShopSharerUnbindResponse.java,class,WxMaShopSharerUnbindResponse,shop/response/wx_ma_shop_sharer_unbind_response.rs
weixin-java-miniapp,cn/binarywang/wx/miniapp/bean/shop/response/WxMaShopUserCouponListResponse.java,class,WxMaShopUserCouponListResponse,shop/response/wx_ma_shop_user_coupon_list_response.rs
weixin-java-miniapp,cn/binarywang/wx/miniapp/bean/shortlink/GenerateShortLinkRequest.java,class,GenerateShortLinkRequest,bean/shortlink/generate_short_link_request.rs
weixin-java-miniapp,cn/binarywang/wx/miniapp/bean/template/WxMaTemplateAddResult.java,class,WxMaTemplateAddResult,bean/template/wx_ma_template_add_result.rs
weixin-java-miniapp,cn/binarywang/wx/miniapp/bean/template/WxMaTemplateLibraryGetResult.java,class,WxMaTemplateLibraryGetResult,bean/template/wx_ma_template_library_get_result.rs
weixin-java-miniapp,cn/binarywang/wx/miniapp/bean/template/WxMaTemplateLibraryListResult.java,class,WxMaTemplateLibraryListResult,bean/template/wx_ma_template_library_list_result.rs
weixin-java-miniapp,cn/binarywang/wx/miniapp/bean/template/WxMaTemplateListResult.java,class,WxMaTemplateListResult,bean/template/wx_ma_template_list_result.rs
weixin-java-miniapp,cn/binarywang/wx/miniapp/bean/urllink/CloudBase.java,class,CloudBase,bean/urllink/cloud_base.rs
weixin-java-miniapp,cn/binarywang/wx/miniapp/bean/urllink/GenerateUrlLinkRequest.java,class,GenerateUrlLinkRequest,bean/urllink/generate_url_link_request.rs
weixin-java-miniapp,cn/binarywang/wx/miniapp/bean/urllink/request/QueryUrlLinkRequest.java,class,QueryUrlLinkRequest,urllink/request/query_url_link_request.rs
weixin-java-miniapp,cn/binarywang/wx/miniapp/bean/urllink/response/QueryUrlLinkResponse.java,class,QueryUrlLinkResponse,urllink/response/query_url_link_response.rs
weixin-java-miniapp,cn/binarywang/wx/miniapp/bean/vod/WxMaVodApplyUploadRequest.java,class,WxMaVodApplyUploadRequest,bean/vod/wx_ma_vod_apply_upload_request.rs
weixin-java-miniapp,cn/binarywang/wx/miniapp/bean/vod/WxMaVodApplyUploadResponse.java,class,WxMaVodApplyUploadResponse,bean/vod/wx_ma_vod_apply_upload_response.rs
weixin-java-miniapp,cn/binarywang/wx/miniapp/bean/vod/WxMaVodAuditDramaRequest.java,class,WxMaVodAuditDramaRequest,bean/vod/wx_ma_vod_audit_drama_request.rs
weixin-java-miniapp,cn/binarywang/wx/miniapp/bean/vod/WxMaVodAuditDramaResponse.java,class,WxMaVodAuditDramaResponse,bean/vod/wx_ma_vod_audit_drama_response.rs
weixin-java-miniapp,cn/binarywang/wx/miniapp/bean/vod/WxMaVodCdnLogRequest.java,class,WxMaVodCdnLogRequest,bean/vod/wx_ma_vod_cdn_log_request.rs
weixin-java-miniapp,cn/binarywang/wx/miniapp/bean/vod/WxMaVodCdnLogResponse.java,class,WxMaVodCdnLogResponse,bean/vod/wx_ma_vod_cdn_log_response.rs
weixin-java-miniapp,cn/binarywang/wx/miniapp/bean/vod/WxMaVodCdnUsageRequest.java,class,WxMaVodCdnUsageRequest,bean/vod/wx_ma_vod_cdn_usage_request.rs
weixin-java-miniapp,cn/binarywang/wx/miniapp/bean/vod/WxMaVodCdnUsageResponse.java,class,WxMaVodCdnUsageResponse,bean/vod/wx_ma_vod_cdn_usage_response.rs
weixin-java-miniapp,cn/binarywang/wx/miniapp/bean/vod/WxMaVodCommitUploadRequest.java,class,WxMaVodCommitUploadRequest,bean/vod/wx_ma_vod_commit_upload_request.rs
weixin-java-miniapp,cn/binarywang/wx/miniapp/bean/vod/WxMaVodCommitUploadResponse.java,class,WxMaVodCommitUploadResponse,bean/vod/wx_ma_vod_commit_upload_response.rs
weixin-java-miniapp,cn/binarywang/wx/miniapp/bean/vod/WxMaVodDeleteMediaRequest.java,class,WxMaVodDeleteMediaRequest,bean/vod/wx_ma_vod_delete_media_request.rs
weixin-java-miniapp,cn/binarywang/wx/miniapp/bean/vod/WxMaVodDramaInfo.java,class,WxMaVodDramaInfo,bean/vod/wx_ma_vod_drama_info.rs
weixin-java-miniapp,cn/binarywang/wx/miniapp/bean/vod/WxMaVodGetCdnLogRequest.java,class,WxMaVodGetCdnLogRequest,bean/vod/wx_ma_vod_get_cdn_log_request.rs
weixin-java-miniapp,cn/binarywang/wx/miniapp/bean/vod/WxMaVodGetCdnLogResponse.java,class,WxMaVodGetCdnLogResponse,bean/vod/wx_ma_vod_get_cdn_log_response.rs
weixin-java-miniapp,cn/binarywang/wx/miniapp/bean/vod/WxMaVodGetCdnUsageRequest.java,class,WxMaVodGetCdnUsageRequest,bean/vod/wx_ma_vod_get_cdn_usage_request.rs
weixin-java-miniapp,cn/binarywang/wx/miniapp/bean/vod/WxMaVodGetCdnUsageResponse.java,class,WxMaVodGetCdnUsageResponse,bean/vod/wx_ma_vod_get_cdn_usage_response.rs
weixin-java-miniapp,cn/binarywang/wx/miniapp/bean/vod/WxMaVodGetDramaRequest.java,class,WxMaVodGetDramaRequest,bean/vod/wx_ma_vod_get_drama_request.rs
weixin-java-miniapp,cn/binarywang/wx/miniapp/bean/vod/WxMaVodGetDramaResponse.java,class,WxMaVodGetDramaResponse,bean/vod/wx_ma_vod_get_drama_response.rs
weixin-java-miniapp,cn/binarywang/wx/miniapp/bean/vod/WxMaVodGetMediaLinkRequest.java,class,WxMaVodGetMediaLinkRequest,bean/vod/wx_ma_vod_get_media_link_request.rs
weixin-java-miniapp,cn/binarywang/wx/miniapp/bean/vod/WxMaVodGetMediaLinkResponse.java,class,WxMaVodGetMediaLinkResponse,bean/vod/wx_ma_vod_get_media_link_response.rs
weixin-java-miniapp,cn/binarywang/wx/miniapp/bean/vod/WxMaVodGetMediaRequest.java,class,WxMaVodGetMediaRequest,bean/vod/wx_ma_vod_get_media_request.rs
weixin-java-miniapp,cn/binarywang/wx/miniapp/bean/vod/WxMaVodGetMediaResponse.java,class,WxMaVodGetMediaResponse,bean/vod/wx_ma_vod_get_media_response.rs
weixin-java-miniapp,cn/binarywang/wx/miniapp/bean/vod/WxMaVodGetTaskRequest.java,class,WxMaVodGetTaskRequest,bean/vod/wx_ma_vod_get_task_request.rs
weixin-java-miniapp,cn/binarywang/wx/miniapp/bean/vod/WxMaVodGetTaskResponse.java,class,WxMaVodGetTaskResponse,bean/vod/wx_ma_vod_get_task_response.rs
weixin-java-miniapp,cn/binarywang/wx/miniapp/bean/vod/WxMaVodListDramaRequest.java,class,WxMaVodListDramaRequest,bean/vod/wx_ma_vod_list_drama_request.rs
weixin-java-miniapp,cn/binarywang/wx/miniapp/bean/vod/WxMaVodListMediaRequest.java,class,WxMaVodListMediaRequest,bean/vod/wx_ma_vod_list_media_request.rs
weixin-java-miniapp,cn/binarywang/wx/miniapp/bean/vod/WxMaVodMediaInfo.java,class,WxMaVodMediaInfo,bean/vod/wx_ma_vod_media_info.rs
weixin-java-miniapp,cn/binarywang/wx/miniapp/bean/vod/WxMaVodMediaPlaybackInfo.java,class,WxMaVodMediaPlaybackInfo,bean/vod/wx_ma_vod_media_playback_info.rs
weixin-java-miniapp,cn/binarywang/wx/miniapp/bean/vod/WxMaVodPullUploadRequest.java,class,WxMaVodPullUploadRequest,bean/vod/wx_ma_vod_pull_upload_request.rs
weixin-java-miniapp,cn/binarywang/wx/miniapp/bean/vod/WxMaVodPullUploadResponse.java,class,WxMaVodPullUploadResponse,bean/vod/wx_ma_vod_pull_upload_response.rs
weixin-java-miniapp,cn/binarywang/wx/miniapp/bean/vod/WxMaVodSingleFileUploadResult.java,class,WxMaVodSingleFileUploadResult,bean/vod/wx_ma_vod_single_file_upload_result.rs
weixin-java-miniapp,cn/binarywang/wx/miniapp/bean/vod/WxMaVodUploadPartResult.java,class,WxMaVodUploadPartResult,bean/vod/wx_ma_vod_upload_part_result.rs
weixin-java-miniapp,cn/binarywang/wx/miniapp/bean/xpay/WxMaXPayBindTransferAccountRequest.java,class,WxMaXPayBindTransferAccountRequest,bean/xpay/wx_ma_x_pay_bind_transfer_account_request.rs
weixin-java-miniapp,cn/binarywang/wx/miniapp/bean/xpay/WxMaXPayCancelCurrencyPayRequest.java,class,WxMaXPayCancelCurrencyPayRequest,bean/xpay/wx_ma_x_pay_cancel_currency_pay_request.rs
weixin-java-miniapp,cn/binarywang/wx/miniapp/bean/xpay/WxMaXPayCancelCurrencyPayResponse.java,class,WxMaXPayCancelCurrencyPayResponse,bean/xpay/wx_ma_x_pay_cancel_currency_pay_response.rs
weixin-java-miniapp,cn/binarywang/wx/miniapp/bean/xpay/WxMaXPayCompleteComplaintRequest.java,class,WxMaXPayCompleteComplaintRequest,bean/xpay/wx_ma_x_pay_complete_complaint_request.rs
weixin-java-miniapp,cn/binarywang/wx/miniapp/bean/xpay/WxMaXPayCreateFundsBillRequest.java,class,WxMaXPayCreateFundsBillRequest,bean/xpay/wx_ma_x_pay_create_funds_bill_request.rs
weixin-java-miniapp,cn/binarywang/wx/miniapp/bean/xpay/WxMaXPayCreateFundsBillResponse.java,class,WxMaXPayCreateFundsBillResponse,bean/xpay/wx_ma_x_pay_create_funds_bill_response.rs
weixin-java-miniapp,cn/binarywang/wx/miniapp/bean/xpay/WxMaXPayCreateWithdrawOrderRequest.java,class,WxMaXPayCreateWithdrawOrderRequest,bean/xpay/wx_ma_x_pay_create_withdraw_order_request.rs
weixin-java-miniapp,cn/binarywang/wx/miniapp/bean/xpay/WxMaXPayCreateWithdrawOrderResponse.java,class,WxMaXPayCreateWithdrawOrderResponse,bean/xpay/wx_ma_x_pay_create_withdraw_order_response.rs
weixin-java-miniapp,cn/binarywang/wx/miniapp/bean/xpay/WxMaXPayCurrencyPayRequest.java,class,WxMaXPayCurrencyPayRequest,bean/xpay/wx_ma_x_pay_currency_pay_request.rs
weixin-java-miniapp,cn/binarywang/wx/miniapp/bean/xpay/WxMaXPayCurrencyPayResponse.java,class,WxMaXPayCurrencyPayResponse,bean/xpay/wx_ma_x_pay_currency_pay_response.rs
weixin-java-miniapp,cn/binarywang/wx/miniapp/bean/xpay/WxMaXPayDownloadAdverfundsOrderRequest.java,class,WxMaXPayDownloadAdverfundsOrderRequest,bean/xpay/wx_ma_x_pay_download_adverfunds_order_request.rs
weixin-java-miniapp,cn/binarywang/wx/miniapp/bean/xpay/WxMaXPayDownloadAdverfundsOrderResponse.java,class,WxMaXPayDownloadAdverfundsOrderResponse,bean/xpay/wx_ma_x_pay_download_adverfunds_order_response.rs
weixin-java-miniapp,cn/binarywang/wx/miniapp/bean/xpay/WxMaXPayDownloadBillRequest.java,class,WxMaXPayDownloadBillRequest,bean/xpay/wx_ma_x_pay_download_bill_request.rs
weixin-java-miniapp,cn/binarywang/wx/miniapp/bean/xpay/WxMaXPayDownloadBillResponse.java,class,WxMaXPayDownloadBillResponse,bean/xpay/wx_ma_x_pay_download_bill_response.rs
weixin-java-miniapp,cn/binarywang/wx/miniapp/bean/xpay/WxMaXPayGetComplaintDetailRequest.java,class,WxMaXPayGetComplaintDetailRequest,bean/xpay/wx_ma_x_pay_get_complaint_detail_request.rs
weixin-java-miniapp,cn/binarywang/wx/miniapp/bean/xpay/WxMaXPayGetComplaintDetailResponse.java,class,WxMaXPayGetComplaintDetailResponse,bean/xpay/wx_ma_x_pay_get_complaint_detail_response.rs
weixin-java-miniapp,cn/binarywang/wx/miniapp/bean/xpay/WxMaXPayGetComplaintListRequest.java,class,WxMaXPayGetComplaintListRequest,bean/xpay/wx_ma_x_pay_get_complaint_list_request.rs
weixin-java-miniapp,cn/binarywang/wx/miniapp/bean/xpay/WxMaXPayGetComplaintListResponse.java,class,WxMaXPayGetComplaintListResponse,bean/xpay/wx_ma_x_pay_get_complaint_list_response.rs
weixin-java-miniapp,cn/binarywang/wx/miniapp/bean/xpay/WxMaXPayGetNegotiationHistoryRequest.java,class,WxMaXPayGetNegotiationHistoryRequest,bean/xpay/wx_ma_x_pay_get_negotiation_history_request.rs
weixin-java-miniapp,cn/binarywang/wx/miniapp/bean/xpay/WxMaXPayGetNegotiationHistoryResponse.java,class,WxMaXPayGetNegotiationHistoryResponse,bean/xpay/wx_ma_x_pay_get_negotiation_history_response.rs
weixin-java-miniapp,cn/binarywang/wx/miniapp/bean/xpay/WxMaXPayGetUploadFileSignRequest.java,class,WxMaXPayGetUploadFileSignRequest,bean/xpay/wx_ma_x_pay_get_upload_file_sign_request.rs
weixin-java-miniapp,cn/binarywang/wx/miniapp/bean/xpay/WxMaXPayGetUploadFileSignResponse.java,class,WxMaXPayGetUploadFileSignResponse,bean/xpay/wx_ma_x_pay_get_upload_file_sign_response.rs
weixin-java-miniapp,cn/binarywang/wx/miniapp/bean/xpay/WxMaXPayNotifyProvideGoodsRequest.java,class,WxMaXPayNotifyProvideGoodsRequest,bean/xpay/wx_ma_x_pay_notify_provide_goods_request.rs
weixin-java-miniapp,cn/binarywang/wx/miniapp/bean/xpay/WxMaXPayPresentCurrencyRequest.java,class,WxMaXPayPresentCurrencyRequest,bean/xpay/wx_ma_x_pay_present_currency_request.rs
weixin-java-miniapp,cn/binarywang/wx/miniapp/bean/xpay/WxMaXPayPresentCurrencyResponse.java,class,WxMaXPayPresentCurrencyResponse,bean/xpay/wx_ma_x_pay_present_currency_response.rs
weixin-java-miniapp,cn/binarywang/wx/miniapp/bean/xpay/WxMaXPayPresentGoodsRequest.java,class,WxMaXPayPresentGoodsRequest,bean/xpay/wx_ma_x_pay_present_goods_request.rs
weixin-java-miniapp,cn/binarywang/wx/miniapp/bean/xpay/WxMaXPayPresentGoodsResponse.java,class,WxMaXPayPresentGoodsResponse,bean/xpay/wx_ma_x_pay_present_goods_response.rs
weixin-java-miniapp,cn/binarywang/wx/miniapp/bean/xpay/WxMaXPayQueryAdverFundsRequest.java,class,WxMaXPayQueryAdverFundsRequest,bean/xpay/wx_ma_x_pay_query_adver_funds_request.rs
weixin-java-miniapp,cn/binarywang/wx/miniapp/bean/xpay/WxMaXPayQueryAdverFundsResponse.java,class,WxMaXPayQueryAdverFundsResponse,bean/xpay/wx_ma_x_pay_query_adver_funds_response.rs
weixin-java-miniapp,cn/binarywang/wx/miniapp/bean/xpay/WxMaXPayQueryBizBalanceRequest.java,class,WxMaXPayQueryBizBalanceRequest,bean/xpay/wx_ma_x_pay_query_biz_balance_request.rs
weixin-java-miniapp,cn/binarywang/wx/miniapp/bean/xpay/WxMaXPayQueryBizBalanceResponse.java,class,WxMaXPayQueryBizBalanceResponse,bean/xpay/wx_ma_x_pay_query_biz_balance_response.rs
weixin-java-miniapp,cn/binarywang/wx/miniapp/bean/xpay/WxMaXPayQueryFundsBillRequest.java,class,WxMaXPayQueryFundsBillRequest,bean/xpay/wx_ma_x_pay_query_funds_bill_request.rs
weixin-java-miniapp,cn/binarywang/wx/miniapp/bean/xpay/WxMaXPayQueryFundsBillResponse.java,class,WxMaXPayQueryFundsBillResponse,bean/xpay/wx_ma_x_pay_query_funds_bill_response.rs
weixin-java-miniapp,cn/binarywang/wx/miniapp/bean/xpay/WxMaXPayQueryOrderRequest.java,class,WxMaXPayQueryOrderRequest,bean/xpay/wx_ma_x_pay_query_order_request.rs
weixin-java-miniapp,cn/binarywang/wx/miniapp/bean/xpay/WxMaXPayQueryOrderResponse.java,class,WxMaXPayQueryOrderResponse,bean/xpay/wx_ma_x_pay_query_order_response.rs
weixin-java-miniapp,cn/binarywang/wx/miniapp/bean/xpay/WxMaXPayQueryPublishGoodsRequest.java,class,WxMaXPayQueryPublishGoodsRequest,bean/xpay/wx_ma_x_pay_query_publish_goods_request.rs
weixin-java-miniapp,cn/binarywang/wx/miniapp/bean/xpay/WxMaXPayQueryPublishGoodsResponse.java,class,WxMaXPayQueryPublishGoodsResponse,bean/xpay/wx_ma_x_pay_query_publish_goods_response.rs
weixin-java-miniapp,cn/binarywang/wx/miniapp/bean/xpay/WxMaXPayQueryRecoverBillRequest.java,class,WxMaXPayQueryRecoverBillRequest,bean/xpay/wx_ma_x_pay_query_recover_bill_request.rs
weixin-java-miniapp,cn/binarywang/wx/miniapp/bean/xpay/WxMaXPayQueryRecoverBillResponse.java,class,WxMaXPayQueryRecoverBillResponse,bean/xpay/wx_ma_x_pay_query_recover_bill_response.rs
weixin-java-miniapp,cn/binarywang/wx/miniapp/bean/xpay/WxMaXPayQueryTransferAccountRequest.java,class,WxMaXPayQueryTransferAccountRequest,bean/xpay/wx_ma_x_pay_query_transfer_account_request.rs
weixin-java-miniapp,cn/binarywang/wx/miniapp/bean/xpay/WxMaXPayQueryTransferAccountResponse.java,class,WxMaXPayQueryTransferAccountResponse,bean/xpay/wx_ma_x_pay_query_transfer_account_response.rs
weixin-java-miniapp,cn/binarywang/wx/miniapp/bean/xpay/WxMaXPayQueryUploadGoodsRequest.java,class,WxMaXPayQueryUploadGoodsRequest,bean/xpay/wx_ma_x_pay_query_upload_goods_request.rs
weixin-java-miniapp,cn/binarywang/wx/miniapp/bean/xpay/WxMaXPayQueryUploadGoodsResponse.java,class,WxMaXPayQueryUploadGoodsResponse,bean/xpay/wx_ma_x_pay_query_upload_goods_response.rs
weixin-java-miniapp,cn/binarywang/wx/miniapp/bean/xpay/WxMaXPayQueryUserBalanceRequest.java,class,WxMaXPayQueryUserBalanceRequest,bean/xpay/wx_ma_x_pay_query_user_balance_request.rs
weixin-java-miniapp,cn/binarywang/wx/miniapp/bean/xpay/WxMaXPayQueryUserBalanceResponse.java,class,WxMaXPayQueryUserBalanceResponse,bean/xpay/wx_ma_x_pay_query_user_balance_response.rs
weixin-java-miniapp,cn/binarywang/wx/miniapp/bean/xpay/WxMaXPayQueryWithdrawOrderRequest.java,class,WxMaXPayQueryWithdrawOrderRequest,bean/xpay/wx_ma_x_pay_query_withdraw_order_request.rs
weixin-java-miniapp,cn/binarywang/wx/miniapp/bean/xpay/WxMaXPayQueryWithdrawOrderResponse.java,class,WxMaXPayQueryWithdrawOrderResponse,bean/xpay/wx_ma_x_pay_query_withdraw_order_response.rs
weixin-java-miniapp,cn/binarywang/wx/miniapp/bean/xpay/WxMaXPayRefundOrderRequest.java,class,WxMaXPayRefundOrderRequest,bean/xpay/wx_ma_x_pay_refund_order_request.rs
weixin-java-miniapp,cn/binarywang/wx/miniapp/bean/xpay/WxMaXPayRefundOrderResponse.java,class,WxMaXPayRefundOrderResponse,bean/xpay/wx_ma_x_pay_refund_order_response.rs
weixin-java-miniapp,cn/binarywang/wx/miniapp/bean/xpay/WxMaXPayResponseComplaintRequest.java,class,WxMaXPayResponseComplaintRequest,bean/xpay/wx_ma_x_pay_response_complaint_request.rs
weixin-java-miniapp,cn/binarywang/wx/miniapp/bean/xpay/WxMaXPaySigParams.java,class,WxMaXPaySigParams,bean/xpay/wx_ma_x_pay_sig_params.rs
weixin-java-miniapp,cn/binarywang/wx/miniapp/bean/xpay/WxMaXPayStartPublishGoodsRequest.java,class,WxMaXPayStartPublishGoodsRequest,bean/xpay/wx_ma_x_pay_start_publish_goods_request.rs
weixin-java-miniapp,cn/binarywang/wx/miniapp/bean/xpay/WxMaXPayStartUploadGoodsRequest.java,class,WxMaXPayStartUploadGoodsRequest,bean/xpay/wx_ma_x_pay_start_upload_goods_request.rs
weixin-java-miniapp,cn/binarywang/wx/miniapp/bean/xpay/WxMaXPayTeamInfo.java,class,WxMaXPayTeamInfo,bean/xpay/wx_ma_x_pay_team_info.rs
weixin-java-miniapp,cn/binarywang/wx/miniapp/bean/xpay/WxMaXPayUploadVpFileRequest.java,class,WxMaXPayUploadVpFileRequest,bean/xpay/wx_ma_x_pay_upload_vp_file_request.rs
weixin-java-miniapp,cn/binarywang/wx/miniapp/bean/xpay/WxMaXPayUploadVpFileResponse.java,class,WxMaXPayUploadVpFileResponse,bean/xpay/wx_ma_x_pay_upload_vp_file_response.rs
weixin-java-miniapp,cn/binarywang/wx/miniapp/builder/BaseBuilder.java,class,BaseBuilder,builder/base_builder.rs
weixin-java-miniapp,cn/binarywang/wx/miniapp/builder/ImageMessageBuilder.java,class,ImageMessageBuilder,builder/image_message_builder.rs
weixin-java-miniapp,cn/binarywang/wx/miniapp/builder/LinkMessageBuilder.java,class,LinkMessageBuilder,builder/link_message_builder.rs
weixin-java-miniapp,cn/binarywang/wx/miniapp/builder/MaPageMessageBuilder.java,class,MaPageMessageBuilder,builder/ma_page_message_builder.rs
weixin-java-miniapp,cn/binarywang/wx/miniapp/builder/TextMessageBuilder.java,class,TextMessageBuilder,builder/text_message_builder.rs
weixin-java-miniapp,cn/binarywang/wx/miniapp/config/WxMaConfig.java,interface,WxMaConfig,config/wx_ma_config.rs
weixin-java-miniapp,cn/binarywang/wx/miniapp/config/impl/AbstractWxMaRedisConfig.java,class,AbstractWxMaRedisConfig,config/impl/abstract_wx_ma_redis_config.rs
weixin-java-miniapp,cn/binarywang/wx/miniapp/config/impl/WxMaDefaultConfigImpl.java,class,WxMaDefaultConfigImpl,config/impl/wx_ma_default_config_impl.rs
weixin-java-miniapp,cn/binarywang/wx/miniapp/config/impl/WxMaRedisBetterConfigImpl.java,class,WxMaRedisBetterConfigImpl,config/impl/wx_ma_redis_better_config_impl.rs
weixin-java-miniapp,cn/binarywang/wx/miniapp/config/impl/WxMaRedisConfigImpl.java,class,WxMaRedisConfigImpl,config/impl/wx_ma_redis_config_impl.rs
weixin-java-miniapp,cn/binarywang/wx/miniapp/config/impl/WxMaRedisConnectionConfigImpl.java,class,WxMaRedisConnectionConfigImpl,config/impl/wx_ma_redis_connection_config_impl.rs
weixin-java-miniapp,cn/binarywang/wx/miniapp/config/impl/WxMaRedissonConfigImpl.java,class,WxMaRedissonConfigImpl,config/impl/wx_ma_redisson_config_impl.rs
weixin-java-miniapp,cn/binarywang/wx/miniapp/constant/WxMaApiUrlConstants.java,class,WxMaApiUrlConstants,constant/wx_ma_api_url_constants.rs
weixin-java-miniapp,cn/binarywang/wx/miniapp/constant/WxMaConstants.java,class,WxMaConstants,constant/wx_ma_constants.rs
weixin-java-miniapp,cn/binarywang/wx/miniapp/executor/ApacheApiSignaturePostRequestExecutor.java,class,ApacheApiSignaturePostRequestExecutor,executor/apache_api_signature_post_request_executor.rs
weixin-java-miniapp,cn/binarywang/wx/miniapp/executor/ApacheQrcodeBytesRequestExecutor.java,class,ApacheQrcodeBytesRequestExecutor,executor/apache_qrcode_bytes_request_executor.rs
weixin-java-miniapp,cn/binarywang/wx/miniapp/executor/ApacheQrcodeFileRequestExecutor.java,class,ApacheQrcodeFileRequestExecutor,executor/apache_qrcode_file_request_executor.rs
weixin-java-miniapp,cn/binarywang/wx/miniapp/executor/ApacheUploadAuthMaterialRequestExecutor.java,class,ApacheUploadAuthMaterialRequestExecutor,executor/apache_upload_auth_material_request_executor.rs
weixin-java-miniapp,cn/binarywang/wx/miniapp/executor/ApacheVodSingleUploadRequestExecutor.java,class,ApacheVodSingleUploadRequestExecutor,executor/apache_vod_single_upload_request_executor.rs
weixin-java-miniapp,cn/binarywang/wx/miniapp/executor/ApacheVodUploadPartRequestExecutor.java,class,ApacheVodUploadPartRequestExecutor,executor/apache_vod_upload_part_request_executor.rs
weixin-java-miniapp,cn/binarywang/wx/miniapp/executor/ApiSignaturePostRequestExecutor.java,class,ApiSignaturePostRequestExecutor,executor/api_signature_post_request_executor.rs
weixin-java-miniapp,cn/binarywang/wx/miniapp/executor/HttpComponentsApiSignaturePostRequestExecutor.java,class,HttpComponentsApiSignaturePostRequestExecutor,executor/http_components_api_signature_post_request_executor.rs
weixin-java-miniapp,cn/binarywang/wx/miniapp/executor/HttpComponentsQrcodeBytesRequestExecutor.java,class,HttpComponentsQrcodeBytesRequestExecutor,executor/http_components_qrcode_bytes_request_executor.rs
weixin-java-miniapp,cn/binarywang/wx/miniapp/executor/HttpComponentsQrcodeFileRequestExecutor.java,class,HttpComponentsQrcodeFileRequestExecutor,executor/http_components_qrcode_file_request_executor.rs
weixin-java-miniapp,cn/binarywang/wx/miniapp/executor/HttpComponentsUploadAuthMaterialRequestExecutor.java,class,HttpComponentsUploadAuthMaterialRequestExecutor,executor/http_components_upload_auth_material_request_executor.rs
weixin-java-miniapp,cn/binarywang/wx/miniapp/executor/HttpComponentsVodSingleUploadRequestExecutor.java,class,HttpComponentsVodSingleUploadRequestExecutor,executor/http_components_vod_single_upload_request_executor.rs
weixin-java-miniapp,cn/binarywang/wx/miniapp/executor/HttpComponentsVodUploadPartRequestExecutor.java,class,HttpComponentsVodUploadPartRequestExecutor,executor/http_components_vod_upload_part_request_executor.rs
weixin-java-miniapp,cn/binarywang/wx/miniapp/executor/JoddApiSignaturePostRequestExecutor.java,class,JoddApiSignaturePostRequestExecutor,executor/jodd_api_signature_post_request_executor.rs
weixin-java-miniapp,cn/binarywang/wx/miniapp/executor/JoddHttpQrcodeFileRequestExecutor.java,class,JoddHttpQrcodeFileRequestExecutor,executor/jodd_http_qrcode_file_request_executor.rs
weixin-java-miniapp,cn/binarywang/wx/miniapp/executor/JoddHttpUploadAuthMaterialRequestExecutor.java,class,JoddHttpUploadAuthMaterialRequestExecutor,executor/jodd_http_upload_auth_material_request_executor.rs
weixin-java-miniapp,cn/binarywang/wx/miniapp/executor/JoddHttpVodSingleUploadRequestExecutor.java,class,JoddHttpVodSingleUploadRequestExecutor,executor/jodd_http_vod_single_upload_request_executor.rs
weixin-java-miniapp,cn/binarywang/wx/miniapp/executor/JoddHttpVodUploadPartRequestExecutor.java,class,JoddHttpVodUploadPartRequestExecutor,executor/jodd_http_vod_upload_part_request_executor.rs
weixin-java-miniapp,cn/binarywang/wx/miniapp/executor/JoddQrcodeBytesRequestExecutor.java,class,JoddQrcodeBytesRequestExecutor,executor/jodd_qrcode_bytes_request_executor.rs
weixin-java-miniapp,cn/binarywang/wx/miniapp/executor/OkHttpApiSignaturePostRequestExecutor.java,class,OkHttpApiSignaturePostRequestExecutor,executor/ok_http_api_signature_post_request_executor.rs
weixin-java-miniapp,cn/binarywang/wx/miniapp/executor/OkHttpQrcodeBytesRequestExecutor.java,class,OkHttpQrcodeBytesRequestExecutor,executor/ok_http_qrcode_bytes_request_executor.rs
weixin-java-miniapp,cn/binarywang/wx/miniapp/executor/OkHttpQrcodeFileRequestExecutor.java,class,OkHttpQrcodeFileRequestExecutor,executor/ok_http_qrcode_file_request_executor.rs
weixin-java-miniapp,cn/binarywang/wx/miniapp/executor/OkHttpUploadAuthMaterialRequestExecutor.java,class,OkHttpUploadAuthMaterialRequestExecutor,executor/ok_http_upload_auth_material_request_executor.rs
weixin-java-miniapp,cn/binarywang/wx/miniapp/executor/OkHttpVodSingleUploadRequestExecutor.java,class,OkHttpVodSingleUploadRequestExecutor,executor/ok_http_vod_single_upload_request_executor.rs
weixin-java-miniapp,cn/binarywang/wx/miniapp/executor/OkHttpVodUploadPartRequestExecutor.java,class,OkHttpVodUploadPartRequestExecutor,executor/ok_http_vod_upload_part_request_executor.rs
weixin-java-miniapp,cn/binarywang/wx/miniapp/executor/QrcodeBytesRequestExecutor.java,class,QrcodeBytesRequestExecutor,executor/qrcode_bytes_request_executor.rs
weixin-java-miniapp,cn/binarywang/wx/miniapp/executor/QrcodeRequestExecutor.java,class,QrcodeRequestExecutor,executor/qrcode_request_executor.rs
weixin-java-miniapp,cn/binarywang/wx/miniapp/executor/UploadAuthMaterialRequestExecutor.java,class,UploadAuthMaterialRequestExecutor,executor/upload_auth_material_request_executor.rs
weixin-java-miniapp,cn/binarywang/wx/miniapp/executor/VodSingleUploadRequestExecutor.java,class,VodSingleUploadRequestExecutor,executor/vod_single_upload_request_executor.rs
weixin-java-miniapp,cn/binarywang/wx/miniapp/executor/VodUploadPartRequestExecutor.java,class,VodUploadPartRequestExecutor,executor/vod_upload_part_request_executor.rs
weixin-java-miniapp,cn/binarywang/wx/miniapp/json/WxMaGsonBuilder.java,class,WxMaGsonBuilder,json/wx_ma_gson_builder.rs
weixin-java-miniapp,cn/binarywang/wx/miniapp/json/adaptor/WxMaCodeCommitRequestGsonAdapter.java,class,WxMaCodeCommitRequestGsonAdapter,json/adaptor/wx_ma_code_commit_request_gson_adapter.rs
weixin-java-miniapp,cn/binarywang/wx/miniapp/json/adaptor/WxMaCodeVersionDistributionGsonAdapter.java,class,WxMaCodeVersionDistributionGsonAdapter,json/adaptor/wx_ma_code_version_distribution_gson_adapter.rs
weixin-java-miniapp,cn/binarywang/wx/miniapp/json/adaptor/WxMaRetainInfoGsonAdapter.java,class,WxMaRetainInfoGsonAdapter,json/adaptor/wx_ma_retain_info_gson_adapter.rs
weixin-java-miniapp,cn/binarywang/wx/miniapp/json/adaptor/WxMaSubscribeMessageGsonAdapter.java,class,WxMaSubscribeMessageGsonAdapter,json/adaptor/wx_ma_subscribe_message_gson_adapter.rs
weixin-java-miniapp,cn/binarywang/wx/miniapp/json/adaptor/WxMaSubscribeMsgEventJsonAdapter.java,class,WxMaSubscribeMsgEventJsonAdapter,json/adaptor/wx_ma_subscribe_msg_event_json_adapter.rs
weixin-java-miniapp,cn/binarywang/wx/miniapp/json/adaptor/WxMaUniformMessageGsonAdapter.java,class,WxMaUniformMessageGsonAdapter,json/adaptor/wx_ma_uniform_message_gson_adapter.rs
weixin-java-miniapp,cn/binarywang/wx/miniapp/json/adaptor/WxMaUserPortraitGsonAdapter.java,class,WxMaUserPortraitGsonAdapter,json/adaptor/wx_ma_user_portrait_gson_adapter.rs
weixin-java-miniapp,cn/binarywang/wx/miniapp/json/adaptor/WxMaVisitDistributionGsonAdapter.java,class,WxMaVisitDistributionGsonAdapter,json/adaptor/wx_ma_visit_distribution_gson_adapter.rs
weixin-java-miniapp,cn/binarywang/wx/miniapp/message/WxMaJsonOutMessage.java,class,WxMaJsonOutMessage,message/wx_ma_json_out_message.rs
weixin-java-miniapp,cn/binarywang/wx/miniapp/message/WxMaMessageHandler.java,interface,WxMaMessageHandler,message/wx_ma_message_handler.rs
weixin-java-miniapp,cn/binarywang/wx/miniapp/message/WxMaMessageInterceptor.java,interface,WxMaMessageInterceptor,message/wx_ma_message_interceptor.rs
weixin-java-miniapp,cn/binarywang/wx/miniapp/message/WxMaMessageMatcher.java,interface,WxMaMessageMatcher,message/wx_ma_message_matcher.rs
weixin-java-miniapp,cn/binarywang/wx/miniapp/message/WxMaMessageRouter.java,class,WxMaMessageRouter,message/wx_ma_message_router.rs
weixin-java-miniapp,cn/binarywang/wx/miniapp/message/WxMaMessageRouterRule.java,class,WxMaMessageRouterRule,message/wx_ma_message_router_rule.rs
weixin-java-miniapp,cn/binarywang/wx/miniapp/message/WxMaOutMessage.java,interface,WxMaOutMessage,message/wx_ma_out_message.rs
weixin-java-miniapp,cn/binarywang/wx/miniapp/message/WxMaXmlOutMessage.java,class,WxMaXmlOutMessage,message/wx_ma_xml_out_message.rs
weixin-java-miniapp,cn/binarywang/wx/miniapp/util/WxMaConfigHolder.java,class,WxMaConfigHolder,util/wx_ma_config_holder.rs
weixin-java-miniapp,cn/binarywang/wx/miniapp/util/crypt/WxMaCryptUtils.java,class,WxMaCryptUtils,util/crypt/wx_ma_crypt_utils.rs
weixin-java-miniapp,cn/binarywang/wx/miniapp/util/xml/XStreamTransformer.java,class,XStreamTransformer,util/xml/x_stream_transformer.rs
weixin-java-pay,com/github/binarywang/wxpay/bean/WxPayApiData.java,class,WxPayApiData,bean/wx_pay_api_data.rs
weixin-java-pay,com/github/binarywang/wxpay/bean/applyconfirm/ApplySubjectConfirmCreateRequest.java,class,ApplySubjectConfirmCreateRequest,bean/applyconfirm/apply_subject_confirm_create_request.rs
weixin-java-pay,com/github/binarywang/wxpay/bean/applyconfirm/ApplySubjectConfirmCreateResult.java,class,ApplySubjectConfirmCreateResult,bean/applyconfirm/apply_subject_confirm_create_result.rs
weixin-java-pay,com/github/binarywang/wxpay/bean/applyconfirm/ApplySubjectConfirmMerchantStateQueryResult.java,class,ApplySubjectConfirmMerchantStateQueryResult,bean/applyconfirm/apply_subject_confirm_merchant_state_query_result.rs
weixin-java-pay,com/github/binarywang/wxpay/bean/applyconfirm/ApplySubjectConfirmStateQueryResult.java,class,ApplySubjectConfirmStateQueryResult,bean/applyconfirm/apply_subject_confirm_state_query_result.rs
weixin-java-pay,com/github/binarywang/wxpay/bean/applyconfirm/enums/ApplySubjectStateEnum.java,enum,ApplySubjectStateEnum,applyconfirm/enums/apply_subject_state_enum.rs
weixin-java-pay,com/github/binarywang/wxpay/bean/applyconfirm/enums/AuthorizeStateEnum.java,enum,AuthorizeStateEnum,applyconfirm/enums/authorize_state_enum.rs
weixin-java-pay,com/github/binarywang/wxpay/bean/applyment/ApplymentStateQueryResult.java,class,ApplymentStateQueryResult,bean/applyment/applyment_state_query_result.rs
weixin-java-pay,com/github/binarywang/wxpay/bean/applyment/ModifySettlementRequest.java,class,ModifySettlementRequest,bean/applyment/modify_settlement_request.rs
weixin-java-pay,com/github/binarywang/wxpay/bean/applyment/SettlementApplicationResult.java,class,SettlementApplicationResult,bean/applyment/settlement_application_result.rs
weixin-java-pay,com/github/binarywang/wxpay/bean/applyment/SettlementInfoResult.java,class,SettlementInfoResult,bean/applyment/settlement_info_result.rs
weixin-java-pay,com/github/binarywang/wxpay/bean/applyment/SettlementModifyStateQueryResult.java,class,SettlementModifyStateQueryResult,bean/applyment/settlement_modify_state_query_result.rs
weixin-java-pay,com/github/binarywang/wxpay/bean/applyment/WxPayApplyment4SubCreateRequest.java,class,WxPayApplyment4SubCreateRequest,bean/applyment/wx_pay_applyment4_sub_create_request.rs
weixin-java-pay,com/github/binarywang/wxpay/bean/applyment/WxPayApplymentCreateResult.java,class,WxPayApplymentCreateResult,bean/applyment/wx_pay_applyment_create_result.rs
weixin-java-pay,com/github/binarywang/wxpay/bean/applyment/enums/AccountTypeEnum.java,enum,AccountTypeEnum,applyment/enums/account_type_enum.rs
weixin-java-pay,com/github/binarywang/wxpay/bean/applyment/enums/ApplymentStateEnum.java,enum,ApplymentStateEnum,applyment/enums/applyment_state_enum.rs
weixin-java-pay,com/github/binarywang/wxpay/bean/applyment/enums/BankAccountTypeEnum.java,enum,BankAccountTypeEnum,applyment/enums/bank_account_type_enum.rs
weixin-java-pay,com/github/binarywang/wxpay/bean/applyment/enums/CertTypeEnum.java,enum,CertTypeEnum,applyment/enums/cert_type_enum.rs
weixin-java-pay,com/github/binarywang/wxpay/bean/applyment/enums/FinanceTypeEnum.java,enum,FinanceTypeEnum,applyment/enums/finance_type_enum.rs
weixin-java-pay,com/github/binarywang/wxpay/bean/applyment/enums/IdTypeEnum.java,enum,IdTypeEnum,applyment/enums/id_type_enum.rs
weixin-java-pay,com/github/binarywang/wxpay/bean/applyment/enums/MicroBizTypeEnum.java,enum,MicroBizTypeEnum,applyment/enums/micro_biz_type_enum.rs
weixin-java-pay,com/github/binarywang/wxpay/bean/applyment/enums/SalesScenesTypeEnum.java,enum,SalesScenesTypeEnum,applyment/enums/sales_scenes_type_enum.rs
weixin-java-pay,com/github/binarywang/wxpay/bean/applyment/enums/SettlementVerifyResultEnum.java,enum,SettlementVerifyResultEnum,applyment/enums/settlement_verify_result_enum.rs
weixin-java-pay,com/github/binarywang/wxpay/bean/applyment/enums/SettlementVerifyStateEnum.java,enum,SettlementVerifyStateEnum,applyment/enums/settlement_verify_state_enum.rs
weixin-java-pay,com/github/binarywang/wxpay/bean/applyment/enums/SubjectTypeEnum.java,enum,SubjectTypeEnum,applyment/enums/subject_type_enum.rs
weixin-java-pay,com/github/binarywang/wxpay/bean/bank/BankAccountResult.java,class,BankAccountResult,bean/bank/bank_account_result.rs
weixin-java-pay,com/github/binarywang/wxpay/bean/bank/BankBranchesResult.java,class,BankBranchesResult,bean/bank/bank_branches_result.rs
weixin-java-pay,com/github/binarywang/wxpay/bean/bank/BankInfo.java,class,BankInfo,bean/bank/bank_info.rs
weixin-java-pay,com/github/binarywang/wxpay/bean/bank/BankingResult.java,class,BankingResult,bean/bank/banking_result.rs
weixin-java-pay,com/github/binarywang/wxpay/bean/bank/CitiesResult.java,class,CitiesResult,bean/bank/cities_result.rs
weixin-java-pay,com/github/binarywang/wxpay/bean/bank/PageLink.java,class,PageLink,bean/bank/page_link.rs
weixin-java-pay,com/github/binarywang/wxpay/bean/bank/ProvincesResult.java,class,ProvincesResult,bean/bank/provinces_result.rs
weixin-java-pay,com/github/binarywang/wxpay/bean/brandmerchanttransfer/request/BrandMerchantBatchesQueryRequest.java,class,BrandMerchantBatchesQueryRequest,brandmerchanttransfer/request/brand_merchant_batches_query_request.rs
weixin-java-pay,com/github/binarywang/wxpay/bean/brandmerchanttransfer/request/BrandMerchantDetailsQueryRequest.java,class,BrandMerchantDetailsQueryRequest,brandmerchanttransfer/request/brand_merchant_details_query_request.rs
weixin-java-pay,com/github/binarywang/wxpay/bean/brandmerchanttransfer/request/BrandTransferBatchesRequest.java,class,BrandTransferBatchesRequest,brandmerchanttransfer/request/brand_transfer_batches_request.rs
weixin-java-pay,com/github/binarywang/wxpay/bean/brandmerchanttransfer/request/BrandWxBatchesQueryRequest.java,class,BrandWxBatchesQueryRequest,brandmerchanttransfer/request/brand_wx_batches_query_request.rs
weixin-java-pay,com/github/binarywang/wxpay/bean/brandmerchanttransfer/request/BrandWxDetailsQueryRequest.java,class,BrandWxDetailsQueryRequest,brandmerchanttransfer/request/brand_wx_details_query_request.rs
weixin-java-pay,com/github/binarywang/wxpay/bean/brandmerchanttransfer/result/BrandBatchesQueryResult.java,class,BrandBatchesQueryResult,brandmerchanttransfer/result/brand_batches_query_result.rs
weixin-java-pay,com/github/binarywang/wxpay/bean/brandmerchanttransfer/result/BrandDetailsQueryResult.java,class,BrandDetailsQueryResult,brandmerchanttransfer/result/brand_details_query_result.rs
weixin-java-pay,com/github/binarywang/wxpay/bean/brandmerchanttransfer/result/BrandTransferBatchesResult.java,class,BrandTransferBatchesResult,brandmerchanttransfer/result/brand_transfer_batches_result.rs
weixin-java-pay,com/github/binarywang/wxpay/bean/businesscircle/BusinessCircleNotifyData.java,class,BusinessCircleNotifyData,bean/businesscircle/business_circle_notify_data.rs
weixin-java-pay,com/github/binarywang/wxpay/bean/businesscircle/PaidResult.java,class,PaidResult,bean/businesscircle/paid_result.rs
weixin-java-pay,com/github/binarywang/wxpay/bean/businesscircle/PointsNotifyRequest.java,class,PointsNotifyRequest,bean/businesscircle/points_notify_request.rs
weixin-java-pay,com/github/binarywang/wxpay/bean/businesscircle/RefundResult.java,class,RefundResult,bean/businesscircle/refund_result.rs
weixin-java-pay,com/github/binarywang/wxpay/bean/complaint/ComplaintDetailRequest.java,class,ComplaintDetailRequest,bean/complaint/complaint_detail_request.rs
weixin-java-pay,com/github/binarywang/wxpay/bean/complaint/ComplaintDetailResult.java,class,ComplaintDetailResult,bean/complaint/complaint_detail_result.rs
weixin-java-pay,com/github/binarywang/wxpay/bean/complaint/ComplaintNotifyUrlRequest.java,class,ComplaintNotifyUrlRequest,bean/complaint/complaint_notify_url_request.rs
weixin-java-pay,com/github/binarywang/wxpay/bean/complaint/ComplaintNotifyUrlResult.java,class,ComplaintNotifyUrlResult,bean/complaint/complaint_notify_url_result.rs
weixin-java-pay,com/github/binarywang/wxpay/bean/complaint/ComplaintRequest.java,class,ComplaintRequest,bean/complaint/complaint_request.rs
weixin-java-pay,com/github/binarywang/wxpay/bean/complaint/ComplaintResult.java,class,ComplaintResult,bean/complaint/complaint_result.rs
weixin-java-pay,com/github/binarywang/wxpay/bean/complaint/CompleteRequest.java,class,CompleteRequest,bean/complaint/complete_request.rs
weixin-java-pay,com/github/binarywang/wxpay/bean/complaint/NegotiationHistoryRequest.java,class,NegotiationHistoryRequest,bean/complaint/negotiation_history_request.rs
weixin-java-pay,com/github/binarywang/wxpay/bean/complaint/NegotiationHistoryResult.java,class,NegotiationHistoryResult,bean/complaint/negotiation_history_result.rs
weixin-java-pay,com/github/binarywang/wxpay/bean/complaint/ResponseRequest.java,class,ResponseRequest,bean/complaint/response_request.rs
weixin-java-pay,com/github/binarywang/wxpay/bean/complaint/UpdateRefundProgressRequest.java,class,UpdateRefundProgressRequest,bean/complaint/update_refund_progress_request.rs
weixin-java-pay,com/github/binarywang/wxpay/bean/coupon/WxPayCouponInfoQueryRequest.java,class,WxPayCouponInfoQueryRequest,bean/coupon/wx_pay_coupon_info_query_request.rs
weixin-java-pay,com/github/binarywang/wxpay/bean/coupon/WxPayCouponInfoQueryResult.java,class,WxPayCouponInfoQueryResult,bean/coupon/wx_pay_coupon_info_query_result.rs
weixin-java-pay,com/github/binarywang/wxpay/bean/coupon/WxPayCouponSendRequest.java,class,WxPayCouponSendRequest,bean/coupon/wx_pay_coupon_send_request.rs
weixin-java-pay,com/github/binarywang/wxpay/bean/coupon/WxPayCouponSendResult.java,class,WxPayCouponSendResult,bean/coupon/wx_pay_coupon_send_result.rs
weixin-java-pay,com/github/binarywang/wxpay/bean/coupon/WxPayCouponStockQueryRequest.java,class,WxPayCouponStockQueryRequest,bean/coupon/wx_pay_coupon_stock_query_request.rs
weixin-java-pay,com/github/binarywang/wxpay/bean/coupon/WxPayCouponStockQueryResult.java,class,WxPayCouponStockQueryResult,bean/coupon/wx_pay_coupon_stock_query_result.rs
weixin-java-pay,com/github/binarywang/wxpay/bean/customs/DeclarationQueryRequest.java,class,DeclarationQueryRequest,bean/customs/declaration_query_request.rs
weixin-java-pay,com/github/binarywang/wxpay/bean/customs/DeclarationQueryResult.java,class,DeclarationQueryResult,bean/customs/declaration_query_result.rs
weixin-java-pay,com/github/binarywang/wxpay/bean/customs/DeclarationRequest.java,class,DeclarationRequest,bean/customs/declaration_request.rs
weixin-java-pay,com/github/binarywang/wxpay/bean/customs/DeclarationResult.java,class,DeclarationResult,bean/customs/declaration_result.rs
weixin-java-pay,com/github/binarywang/wxpay/bean/customs/RedeclareRequest.java,class,RedeclareRequest,bean/customs/redeclare_request.rs
weixin-java-pay,com/github/binarywang/wxpay/bean/customs/RedeclareResult.java,class,RedeclareResult,bean/customs/redeclare_result.rs
weixin-java-pay,com/github/binarywang/wxpay/bean/customs/VerifyCertificateRequest.java,class,VerifyCertificateRequest,bean/customs/verify_certificate_request.rs
weixin-java-pay,com/github/binarywang/wxpay/bean/customs/VerifyCertificateResult.java,class,VerifyCertificateResult,bean/customs/verify_certificate_result.rs
weixin-java-pay,com/github/binarywang/wxpay/bean/ecommerce/AccountCancelApplicationsMediaResult.java,class,AccountCancelApplicationsMediaResult,bean/ecommerce/account_cancel_applications_media_result.rs
weixin-java-pay,com/github/binarywang/wxpay/bean/ecommerce/AccountCancelApplicationsRequest.java,class,AccountCancelApplicationsRequest,bean/ecommerce/account_cancel_applications_request.rs
weixin-java-pay,com/github/binarywang/wxpay/bean/ecommerce/AccountCancelApplicationsResult.java,class,AccountCancelApplicationsResult,bean/ecommerce/account_cancel_applications_result.rs
weixin-java-pay,com/github/binarywang/wxpay/bean/ecommerce/ApplymentsRequest.java,class,ApplymentsRequest,bean/ecommerce/applyments_request.rs
weixin-java-pay,com/github/binarywang/wxpay/bean/ecommerce/ApplymentsResult.java,class,ApplymentsResult,bean/ecommerce/applyments_result.rs
weixin-java-pay,com/github/binarywang/wxpay/bean/ecommerce/ApplymentsStatusResult.java,class,ApplymentsStatusResult,bean/ecommerce/applyments_status_result.rs
weixin-java-pay,com/github/binarywang/wxpay/bean/ecommerce/FinishOrderRequest.java,class,FinishOrderRequest,bean/ecommerce/finish_order_request.rs
weixin-java-pay,com/github/binarywang/wxpay/bean/ecommerce/FundBalanceResult.java,class,FundBalanceResult,bean/ecommerce/fund_balance_result.rs
weixin-java-pay,com/github/binarywang/wxpay/bean/ecommerce/FundBillRequest.java,class,FundBillRequest,bean/ecommerce/fund_bill_request.rs
weixin-java-pay,com/github/binarywang/wxpay/bean/ecommerce/FundBillResult.java,class,FundBillResult,bean/ecommerce/fund_bill_result.rs
weixin-java-pay,com/github/binarywang/wxpay/bean/ecommerce/NotifyResponse.java,class,NotifyResponse,bean/ecommerce/notify_response.rs
weixin-java-pay,com/github/binarywang/wxpay/bean/ecommerce/ProfitSharingOrdersUnSplitAmountRequest.java,class,ProfitSharingOrdersUnSplitAmountRequest,bean/ecommerce/profit_sharing_orders_un_split_amount_request.rs
weixin-java-pay,com/github/binarywang/wxpay/bean/ecommerce/ProfitSharingOrdersUnSplitAmountResult.java,class,ProfitSharingOrdersUnSplitAmountResult,bean/ecommerce/profit_sharing_orders_un_split_amount_result.rs
weixin-java-pay,com/github/binarywang/wxpay/bean/ecommerce/ProfitSharingQueryRequest.java,class,ProfitSharingQueryRequest,bean/ecommerce/profit_sharing_query_request.rs
weixin-java-pay,com/github/binarywang/wxpay/bean/ecommerce/ProfitSharingReceiverRequest.java,class,ProfitSharingReceiverRequest,bean/ecommerce/profit_sharing_receiver_request.rs
weixin-java-pay,com/github/binarywang/wxpay/bean/ecommerce/ProfitSharingReceiverResult.java,class,ProfitSharingReceiverResult,bean/ecommerce/profit_sharing_receiver_result.rs
weixin-java-pay,com/github/binarywang/wxpay/bean/ecommerce/ProfitSharingRequest.java,class,ProfitSharingRequest,bean/ecommerce/profit_sharing_request.rs
weixin-java-pay,com/github/binarywang/wxpay/bean/ecommerce/ProfitSharingResult.java,class,ProfitSharingResult,bean/ecommerce/profit_sharing_result.rs
weixin-java-pay,com/github/binarywang/wxpay/bean/ecommerce/RefundNotifyResult.java,class,RefundNotifyResult,bean/ecommerce/refund_notify_result.rs
weixin-java-pay,com/github/binarywang/wxpay/bean/ecommerce/RefundQueryResult.java,class,RefundQueryResult,bean/ecommerce/refund_query_result.rs
weixin-java-pay,com/github/binarywang/wxpay/bean/ecommerce/RefundsRequest.java,class,RefundsRequest,bean/ecommerce/refunds_request.rs
weixin-java-pay,com/github/binarywang/wxpay/bean/ecommerce/RefundsResult.java,class,RefundsResult,bean/ecommerce/refunds_result.rs
weixin-java-pay,com/github/binarywang/wxpay/bean/ecommerce/ReturnAdvanceResult.java,class,ReturnAdvanceResult,bean/ecommerce/return_advance_result.rs
weixin-java-pay,com/github/binarywang/wxpay/bean/ecommerce/ReturnOrdersQueryRequest.java,class,ReturnOrdersQueryRequest,bean/ecommerce/return_orders_query_request.rs
weixin-java-pay,com/github/binarywang/wxpay/bean/ecommerce/ReturnOrdersRequest.java,class,ReturnOrdersRequest,bean/ecommerce/return_orders_request.rs
weixin-java-pay,com/github/binarywang/wxpay/bean/ecommerce/ReturnOrdersResult.java,class,ReturnOrdersResult,bean/ecommerce/return_orders_result.rs
weixin-java-pay,com/github/binarywang/wxpay/bean/ecommerce/SettlementRequest.java,class,SettlementRequest,bean/ecommerce/settlement_request.rs
weixin-java-pay,com/github/binarywang/wxpay/bean/ecommerce/SettlementResult.java,class,SettlementResult,bean/ecommerce/settlement_result.rs
weixin-java-pay,com/github/binarywang/wxpay/bean/ecommerce/SpWithdrawRequest.java,class,SpWithdrawRequest,bean/ecommerce/sp_withdraw_request.rs
weixin-java-pay,com/github/binarywang/wxpay/bean/ecommerce/SpWithdrawResult.java,class,SpWithdrawResult,bean/ecommerce/sp_withdraw_result.rs
weixin-java-pay,com/github/binarywang/wxpay/bean/ecommerce/SpWithdrawStatusResult.java,class,SpWithdrawStatusResult,bean/ecommerce/sp_withdraw_status_result.rs
weixin-java-pay,com/github/binarywang/wxpay/bean/ecommerce/SubDayEndBalanceWithdrawRequest.java,class,SubDayEndBalanceWithdrawRequest,bean/ecommerce/sub_day_end_balance_withdraw_request.rs
weixin-java-pay,com/github/binarywang/wxpay/bean/ecommerce/SubDayEndBalanceWithdrawResult.java,class,SubDayEndBalanceWithdrawResult,bean/ecommerce/sub_day_end_balance_withdraw_result.rs
weixin-java-pay,com/github/binarywang/wxpay/bean/ecommerce/SubDayEndBalanceWithdrawStatusResult.java,class,SubDayEndBalanceWithdrawStatusResult,bean/ecommerce/sub_day_end_balance_withdraw_status_result.rs
weixin-java-pay,com/github/binarywang/wxpay/bean/ecommerce/SubWithdrawRequest.java,class,SubWithdrawRequest,bean/ecommerce/sub_withdraw_request.rs
weixin-java-pay,com/github/binarywang/wxpay/bean/ecommerce/SubWithdrawResult.java,class,SubWithdrawResult,bean/ecommerce/sub_withdraw_result.rs
weixin-java-pay,com/github/binarywang/wxpay/bean/ecommerce/SubWithdrawStatusResult.java,class,SubWithdrawStatusResult,bean/ecommerce/sub_withdraw_status_result.rs
weixin-java-pay,com/github/binarywang/wxpay/bean/ecommerce/SubsidiesCancelRequest.java,class,SubsidiesCancelRequest,bean/ecommerce/subsidies_cancel_request.rs
weixin-java-pay,com/github/binarywang/wxpay/bean/ecommerce/SubsidiesCancelResult.java,class,SubsidiesCancelResult,bean/ecommerce/subsidies_cancel_result.rs
weixin-java-pay,com/github/binarywang/wxpay/bean/ecommerce/SubsidiesCreateRequest.java,class,SubsidiesCreateRequest,bean/ecommerce/subsidies_create_request.rs
weixin-java-pay,com/github/binarywang/wxpay/bean/ecommerce/SubsidiesCreateResult.java,class,SubsidiesCreateResult,bean/ecommerce/subsidies_create_result.rs
weixin-java-pay,com/github/binarywang/wxpay/bean/ecommerce/SubsidiesReturnRequest.java,class,SubsidiesReturnRequest,bean/ecommerce/subsidies_return_request.rs
weixin-java-pay,com/github/binarywang/wxpay/bean/ecommerce/SubsidiesReturnResult.java,class,SubsidiesReturnResult,bean/ecommerce/subsidies_return_result.rs
weixin-java-pay,com/github/binarywang/wxpay/bean/ecommerce/TradeBillRequest.java,class,TradeBillRequest,bean/ecommerce/trade_bill_request.rs
weixin-java-pay,com/github/binarywang/wxpay/bean/ecommerce/TradeBillResult.java,class,TradeBillResult,bean/ecommerce/trade_bill_result.rs
weixin-java-pay,com/github/binarywang/wxpay/bean/ecommerce/WithdrawNotifyResult.java,class,WithdrawNotifyResult,bean/ecommerce/withdraw_notify_result.rs
weixin-java-pay,com/github/binarywang/wxpay/bean/ecommerce/enums/FundBillTypeEnum.java,enum,FundBillTypeEnum,ecommerce/enums/fund_bill_type_enum.rs
weixin-java-pay,com/github/binarywang/wxpay/bean/ecommerce/enums/SpAccountTypeEnum.java,enum,SpAccountTypeEnum,ecommerce/enums/sp_account_type_enum.rs
weixin-java-pay,com/github/binarywang/wxpay/bean/entpay/EntPayBankQueryRequest.java,class,EntPayBankQueryRequest,bean/entpay/ent_pay_bank_query_request.rs
weixin-java-pay,com/github/binarywang/wxpay/bean/entpay/EntPayBankQueryResult.java,class,EntPayBankQueryResult,bean/entpay/ent_pay_bank_query_result.rs
weixin-java-pay,com/github/binarywang/wxpay/bean/entpay/EntPayBankRequest.java,class,EntPayBankRequest,bean/entpay/ent_pay_bank_request.rs
weixin-java-pay,com/github/binarywang/wxpay/bean/entpay/EntPayBankResult.java,class,EntPayBankResult,bean/entpay/ent_pay_bank_result.rs
weixin-java-pay,com/github/binarywang/wxpay/bean/entpay/EntPayQueryRequest.java,class,EntPayQueryRequest,bean/entpay/ent_pay_query_request.rs
weixin-java-pay,com/github/binarywang/wxpay/bean/entpay/EntPayQueryResult.java,class,EntPayQueryResult,bean/entpay/ent_pay_query_result.rs
weixin-java-pay,com/github/binarywang/wxpay/bean/entpay/EntPayRedpackQueryRequest.java,class,EntPayRedpackQueryRequest,bean/entpay/ent_pay_redpack_query_request.rs
weixin-java-pay,com/github/binarywang/wxpay/bean/entpay/EntPayRedpackQueryResult.java,class,EntPayRedpackQueryResult,bean/entpay/ent_pay_redpack_query_result.rs
weixin-java-pay,com/github/binarywang/wxpay/bean/entpay/EntPayRedpackRequest.java,class,EntPayRedpackRequest,bean/entpay/ent_pay_redpack_request.rs
weixin-java-pay,com/github/binarywang/wxpay/bean/entpay/EntPayRedpackResult.java,class,EntPayRedpackResult,bean/entpay/ent_pay_redpack_result.rs
weixin-java-pay,com/github/binarywang/wxpay/bean/entpay/EntPayRequest.java,class,EntPayRequest,bean/entpay/ent_pay_request.rs
weixin-java-pay,com/github/binarywang/wxpay/bean/entpay/EntPayResult.java,class,EntPayResult,bean/entpay/ent_pay_result.rs
weixin-java-pay,com/github/binarywang/wxpay/bean/entpay/GetPublicKeyResult.java,class,GetPublicKeyResult,bean/entpay/get_public_key_result.rs
weixin-java-pay,com/github/binarywang/wxpay/bean/entwxpay/EntWxEmpPayRequest.java,class,EntWxEmpPayRequest,bean/entwxpay/ent_wx_emp_pay_request.rs
weixin-java-pay,com/github/binarywang/wxpay/bean/marketing/BusiFavorCallbacksRequest.java,class,BusiFavorCallbacksRequest,bean/marketing/busi_favor_callbacks_request.rs
weixin-java-pay,com/github/binarywang/wxpay/bean/marketing/BusiFavorCallbacksResult.java,class,BusiFavorCallbacksResult,bean/marketing/busi_favor_callbacks_result.rs
weixin-java-pay,com/github/binarywang/wxpay/bean/marketing/BusiFavorCouponCodeRequest.java,class,BusiFavorCouponCodeRequest,bean/marketing/busi_favor_coupon_code_request.rs
weixin-java-pay,com/github/binarywang/wxpay/bean/marketing/BusiFavorCouponCodeResult.java,class,BusiFavorCouponCodeResult,bean/marketing/busi_favor_coupon_code_result.rs
weixin-java-pay,com/github/binarywang/wxpay/bean/marketing/BusiFavorCouponsAssociateRequest.java,class,BusiFavorCouponsAssociateRequest,bean/marketing/busi_favor_coupons_associate_request.rs
weixin-java-pay,com/github/binarywang/wxpay/bean/marketing/BusiFavorCouponsAssociateResult.java,class,BusiFavorCouponsAssociateResult,bean/marketing/busi_favor_coupons_associate_result.rs
weixin-java-pay,com/github/binarywang/wxpay/bean/marketing/BusiFavorCouponsDeactivateRequest.java,class,BusiFavorCouponsDeactivateRequest,bean/marketing/busi_favor_coupons_deactivate_request.rs
weixin-java-pay,com/github/binarywang/wxpay/bean/marketing/BusiFavorCouponsDeactivateResult.java,class,BusiFavorCouponsDeactivateResult,bean/marketing/busi_favor_coupons_deactivate_result.rs
weixin-java-pay,com/github/binarywang/wxpay/bean/marketing/BusiFavorCouponsReturnRequest.java,class,BusiFavorCouponsReturnRequest,bean/marketing/busi_favor_coupons_return_request.rs
weixin-java-pay,com/github/binarywang/wxpay/bean/marketing/BusiFavorCouponsReturnResult.java,class,BusiFavorCouponsReturnResult,bean/marketing/busi_favor_coupons_return_result.rs
weixin-java-pay,com/github/binarywang/wxpay/bean/marketing/BusiFavorCouponsUrlRequest.java,class,BusiFavorCouponsUrlRequest,bean/marketing/busi_favor_coupons_url_request.rs
weixin-java-pay,com/github/binarywang/wxpay/bean/marketing/BusiFavorCouponsUseRequest.java,class,BusiFavorCouponsUseRequest,bean/marketing/busi_favor_coupons_use_request.rs
weixin-java-pay,com/github/binarywang/wxpay/bean/marketing/BusiFavorCouponsUseResult.java,class,BusiFavorCouponsUseResult,bean/marketing/busi_favor_coupons_use_result.rs
weixin-java-pay,com/github/binarywang/wxpay/bean/marketing/BusiFavorNotifyRequest.java,class,BusiFavorNotifyRequest,bean/marketing/busi_favor_notify_request.rs
weixin-java-pay,com/github/binarywang/wxpay/bean/marketing/BusiFavorNotifyResult.java,class,BusiFavorNotifyResult,bean/marketing/busi_favor_notify_result.rs
weixin-java-pay,com/github/binarywang/wxpay/bean/marketing/BusiFavorQueryOneUserCouponsRequest.java,class,BusiFavorQueryOneUserCouponsRequest,bean/marketing/busi_favor_query_one_user_coupons_request.rs
weixin-java-pay,com/github/binarywang/wxpay/bean/marketing/BusiFavorQueryOneUserCouponsResult.java,class,BusiFavorQueryOneUserCouponsResult,bean/marketing/busi_favor_query_one_user_coupons_result.rs
weixin-java-pay,com/github/binarywang/wxpay/bean/marketing/BusiFavorQueryUserCouponsRequest.java,class,BusiFavorQueryUserCouponsRequest,bean/marketing/busi_favor_query_user_coupons_request.rs
weixin-java-pay,com/github/binarywang/wxpay/bean/marketing/BusiFavorQueryUserCouponsResult.java,class,BusiFavorQueryUserCouponsResult,bean/marketing/busi_favor_query_user_coupons_result.rs
weixin-java-pay,com/github/binarywang/wxpay/bean/marketing/BusiFavorStocksBudgetRequest.java,class,BusiFavorStocksBudgetRequest,bean/marketing/busi_favor_stocks_budget_request.rs
weixin-java-pay,com/github/binarywang/wxpay/bean/marketing/BusiFavorStocksBudgetResult.java,class,BusiFavorStocksBudgetResult,bean/marketing/busi_favor_stocks_budget_result.rs
weixin-java-pay,com/github/binarywang/wxpay/bean/marketing/BusiFavorStocksCreateRequest.java,class,BusiFavorStocksCreateRequest,bean/marketing/busi_favor_stocks_create_request.rs
weixin-java-pay,com/github/binarywang/wxpay/bean/marketing/BusiFavorStocksCreateResult.java,class,BusiFavorStocksCreateResult,bean/marketing/busi_favor_stocks_create_result.rs
weixin-java-pay,com/github/binarywang/wxpay/bean/marketing/BusiFavorStocksGetResult.java,class,BusiFavorStocksGetResult,bean/marketing/busi_favor_stocks_get_result.rs
weixin-java-pay,com/github/binarywang/wxpay/bean/marketing/BusiFavorStocksUserGetResult.java,class,BusiFavorStocksUserGetResult,bean/marketing/busi_favor_stocks_user_get_result.rs
weixin-java-pay,com/github/binarywang/wxpay/bean/marketing/BusiFavorSubsidyRequest.java,class,BusiFavorSubsidyRequest,bean/marketing/busi_favor_subsidy_request.rs
weixin-java-pay,com/github/binarywang/wxpay/bean/marketing/BusiFavorSubsidyResult.java,class,BusiFavorSubsidyResult,bean/marketing/busi_favor_subsidy_result.rs
weixin-java-pay,com/github/binarywang/wxpay/bean/marketing/FavorCallbacksSaveRequest.java,class,FavorCallbacksSaveRequest,bean/marketing/favor_callbacks_save_request.rs
weixin-java-pay,com/github/binarywang/wxpay/bean/marketing/FavorCallbacksSaveResult.java,class,FavorCallbacksSaveResult,bean/marketing/favor_callbacks_save_result.rs
weixin-java-pay,com/github/binarywang/wxpay/bean/marketing/FavorCouponsCreateRequest.java,class,FavorCouponsCreateRequest,bean/marketing/favor_coupons_create_request.rs
weixin-java-pay,com/github/binarywang/wxpay/bean/marketing/FavorCouponsCreateResult.java,class,FavorCouponsCreateResult,bean/marketing/favor_coupons_create_result.rs
weixin-java-pay,com/github/binarywang/wxpay/bean/marketing/FavorCouponsGetResult.java,class,FavorCouponsGetResult,bean/marketing/favor_coupons_get_result.rs
weixin-java-pay,com/github/binarywang/wxpay/bean/marketing/FavorCouponsQueryRequest.java,class,FavorCouponsQueryRequest,bean/marketing/favor_coupons_query_request.rs
weixin-java-pay,com/github/binarywang/wxpay/bean/marketing/FavorCouponsQueryResult.java,class,FavorCouponsQueryResult,bean/marketing/favor_coupons_query_result.rs
weixin-java-pay,com/github/binarywang/wxpay/bean/marketing/FavorCouponsUseResult.java,class,FavorCouponsUseResult,bean/marketing/favor_coupons_use_result.rs
weixin-java-pay,com/github/binarywang/wxpay/bean/marketing/FavorStocksCreateRequest.java,class,FavorStocksCreateRequest,bean/marketing/favor_stocks_create_request.rs
weixin-java-pay,com/github/binarywang/wxpay/bean/marketing/FavorStocksCreateResult.java,class,FavorStocksCreateResult,bean/marketing/favor_stocks_create_result.rs
weixin-java-pay,com/github/binarywang/wxpay/bean/marketing/FavorStocksFlowGetResult.java,class,FavorStocksFlowGetResult,bean/marketing/favor_stocks_flow_get_result.rs
weixin-java-pay,com/github/binarywang/wxpay/bean/marketing/FavorStocksGetResult.java,class,FavorStocksGetResult,bean/marketing/favor_stocks_get_result.rs
weixin-java-pay,com/github/binarywang/wxpay/bean/marketing/FavorStocksItemsGetResult.java,class,FavorStocksItemsGetResult,bean/marketing/favor_stocks_items_get_result.rs
weixin-java-pay,com/github/binarywang/wxpay/bean/marketing/FavorStocksMerchantsGetResult.java,class,FavorStocksMerchantsGetResult,bean/marketing/favor_stocks_merchants_get_result.rs
weixin-java-pay,com/github/binarywang/wxpay/bean/marketing/FavorStocksPauseResult.java,class,FavorStocksPauseResult,bean/marketing/favor_stocks_pause_result.rs
weixin-java-pay,com/github/binarywang/wxpay/bean/marketing/FavorStocksQueryRequest.java,class,FavorStocksQueryRequest,bean/marketing/favor_stocks_query_request.rs
weixin-java-pay,com/github/binarywang/wxpay/bean/marketing/FavorStocksQueryResult.java,class,FavorStocksQueryResult,bean/marketing/favor_stocks_query_result.rs
weixin-java-pay,com/github/binarywang/wxpay/bean/marketing/FavorStocksRestartResult.java,class,FavorStocksRestartResult,bean/marketing/favor_stocks_restart_result.rs
weixin-java-pay,com/github/binarywang/wxpay/bean/marketing/FavorStocksSetRequest.java,class,FavorStocksSetRequest,bean/marketing/favor_stocks_set_request.rs
weixin-java-pay,com/github/binarywang/wxpay/bean/marketing/FavorStocksStartResult.java,class,FavorStocksStartResult,bean/marketing/favor_stocks_start_result.rs
weixin-java-pay,com/github/binarywang/wxpay/bean/marketing/UseNotifyData.java,class,UseNotifyData,bean/marketing/use_notify_data.rs
weixin-java-pay,com/github/binarywang/wxpay/bean/marketing/busifavor/AvailableWeek.java,class,AvailableWeek,marketing/busifavor/available_week.rs
weixin-java-pay,com/github/binarywang/wxpay/bean/marketing/busifavor/CouponAvailableTime.java,class,CouponAvailableTime,marketing/busifavor/coupon_available_time.rs
weixin-java-pay,com/github/binarywang/wxpay/bean/marketing/busifavor/CouponUseRule.java,class,CouponUseRule,marketing/busifavor/coupon_use_rule.rs
weixin-java-pay,com/github/binarywang/wxpay/bean/marketing/busifavor/CustomEntrance.java,class,CustomEntrance,marketing/busifavor/custom_entrance.rs
weixin-java-pay,com/github/binarywang/wxpay/bean/marketing/busifavor/DiscountCoupon.java,class,DiscountCoupon,marketing/busifavor/discount_coupon.rs
weixin-java-pay,com/github/binarywang/wxpay/bean/marketing/busifavor/DisplayPatternInfo.java,class,DisplayPatternInfo,marketing/busifavor/display_pattern_info.rs
weixin-java-pay,com/github/binarywang/wxpay/bean/marketing/busifavor/ExchangeCoupon.java,class,ExchangeCoupon,marketing/busifavor/exchange_coupon.rs
weixin-java-pay,com/github/binarywang/wxpay/bean/marketing/busifavor/FixedNormalCoupon.java,class,FixedNormalCoupon,marketing/busifavor/fixed_normal_coupon.rs
weixin-java-pay,com/github/binarywang/wxpay/bean/marketing/busifavor/IrregularyAvaliableTime.java,class,IrregularyAvaliableTime,marketing/busifavor/irregulary_avaliable_time.rs
weixin-java-pay,com/github/binarywang/wxpay/bean/marketing/busifavor/NotifyConfig.java,class,NotifyConfig,marketing/busifavor/notify_config.rs
weixin-java-pay,com/github/binarywang/wxpay/bean/marketing/busifavor/StockSendRule.java,class,StockSendRule,marketing/busifavor/stock_send_rule.rs
weixin-java-pay,com/github/binarywang/wxpay/bean/marketing/enums/BackgroundColorEnum.java,enum,BackgroundColorEnum,marketing/enums/background_color_enum.rs
weixin-java-pay,com/github/binarywang/wxpay/bean/marketing/enums/JumpTargetEnum.java,enum,JumpTargetEnum,marketing/enums/jump_target_enum.rs
weixin-java-pay,com/github/binarywang/wxpay/bean/marketing/enums/StockTypeEnum.java,enum,StockTypeEnum,marketing/enums/stock_type_enum.rs
weixin-java-pay,com/github/binarywang/wxpay/bean/marketing/enums/TradeTypeEnum.java,enum,TradeTypeEnum,marketing/enums/trade_type_enum.rs
weixin-java-pay,com/github/binarywang/wxpay/bean/marketing/payroll/AuthRecordRequest.java,class,AuthRecordRequest,marketing/payroll/auth_record_request.rs
weixin-java-pay,com/github/binarywang/wxpay/bean/marketing/payroll/AuthRecordResult.java,class,AuthRecordResult,marketing/payroll/auth_record_result.rs
weixin-java-pay,com/github/binarywang/wxpay/bean/marketing/payroll/AuthenticationsResult.java,class,AuthenticationsResult,marketing/payroll/authentications_result.rs
weixin-java-pay,com/github/binarywang/wxpay/bean/marketing/payroll/MerchantIncomeRecordsRequest.java,class,MerchantIncomeRecordsRequest,marketing/payroll/merchant_income_records_request.rs
weixin-java-pay,com/github/binarywang/wxpay/bean/marketing/payroll/MerchantIncomeRecordsResult.java,class,MerchantIncomeRecordsResult,marketing/payroll/merchant_income_records_result.rs
weixin-java-pay,com/github/binarywang/wxpay/bean/marketing/payroll/PartnerIncomeRecordsRequest.java,class,PartnerIncomeRecordsRequest,marketing/payroll/partner_income_records_request.rs
weixin-java-pay,com/github/binarywang/wxpay/bean/marketing/payroll/PartnerIncomeRecordsResult.java,class,PartnerIncomeRecordsResult,marketing/payroll/partner_income_records_result.rs
weixin-java-pay,com/github/binarywang/wxpay/bean/marketing/payroll/PayrollTransferBatchesRequest.java,class,PayrollTransferBatchesRequest,marketing/payroll/payroll_transfer_batches_request.rs
weixin-java-pay,com/github/binarywang/wxpay/bean/marketing/payroll/PayrollTransferBatchesResult.java,class,PayrollTransferBatchesResult,marketing/payroll/payroll_transfer_batches_result.rs
weixin-java-pay,com/github/binarywang/wxpay/bean/marketing/payroll/PreOrderRequest.java,class,PreOrderRequest,marketing/payroll/pre_order_request.rs
weixin-java-pay,com/github/binarywang/wxpay/bean/marketing/payroll/PreOrderResult.java,class,PreOrderResult,marketing/payroll/pre_order_result.rs
weixin-java-pay,com/github/binarywang/wxpay/bean/marketing/payroll/PreOrderWithAuthRequest.java,class,PreOrderWithAuthRequest,marketing/payroll/pre_order_with_auth_request.rs
weixin-java-pay,com/github/binarywang/wxpay/bean/marketing/payroll/PreOrderWithAuthResult.java,class,PreOrderWithAuthResult,marketing/payroll/pre_order_with_auth_result.rs
weixin-java-pay,com/github/binarywang/wxpay/bean/marketing/payroll/RelationsRequest.java,class,RelationsRequest,marketing/payroll/relations_request.rs
weixin-java-pay,com/github/binarywang/wxpay/bean/marketing/payroll/RelationsResult.java,class,RelationsResult,marketing/payroll/relations_result.rs
weixin-java-pay,com/github/binarywang/wxpay/bean/marketing/payroll/SubFundFlowBillResult.java,class,SubFundFlowBillResult,marketing/payroll/sub_fund_flow_bill_result.rs
weixin-java-pay,com/github/binarywang/wxpay/bean/marketing/payroll/TokensRequest.java,class,TokensRequest,marketing/payroll/tokens_request.rs
weixin-java-pay,com/github/binarywang/wxpay/bean/marketing/payroll/TokensResult.java,class,TokensResult,marketing/payroll/tokens_result.rs
weixin-java-pay,com/github/binarywang/wxpay/bean/marketing/transfer/BatchDetailsRequest.java,class,BatchDetailsRequest,marketing/transfer/batch_details_request.rs
weixin-java-pay,com/github/binarywang/wxpay/bean/marketing/transfer/BatchDetailsResult.java,class,BatchDetailsResult,marketing/transfer/batch_details_result.rs
weixin-java-pay,com/github/binarywang/wxpay/bean/marketing/transfer/BatchNumberRequest.java,class,BatchNumberRequest,marketing/transfer/batch_number_request.rs
weixin-java-pay,com/github/binarywang/wxpay/bean/marketing/transfer/BatchNumberResult.java,class,BatchNumberResult,marketing/transfer/batch_number_result.rs
weixin-java-pay,com/github/binarywang/wxpay/bean/marketing/transfer/BillReceiptResult.java,class,BillReceiptResult,marketing/transfer/bill_receipt_result.rs
weixin-java-pay,com/github/binarywang/wxpay/bean/marketing/transfer/DownloadRequest.java,class,DownloadRequest,marketing/transfer/download_request.rs
weixin-java-pay,com/github/binarywang/wxpay/bean/marketing/transfer/ElectronicReceiptsRequest.java,class,ElectronicReceiptsRequest,marketing/transfer/electronic_receipts_request.rs
weixin-java-pay,com/github/binarywang/wxpay/bean/marketing/transfer/ElectronicReceiptsResult.java,class,ElectronicReceiptsResult,marketing/transfer/electronic_receipts_result.rs
weixin-java-pay,com/github/binarywang/wxpay/bean/marketing/transfer/MerchantBatchRequest.java,class,MerchantBatchRequest,marketing/transfer/merchant_batch_request.rs
weixin-java-pay,com/github/binarywang/wxpay/bean/marketing/transfer/PartnerTransferRequest.java,class,PartnerTransferRequest,marketing/transfer/partner_transfer_request.rs
weixin-java-pay,com/github/binarywang/wxpay/bean/marketing/transfer/PartnerTransferResult.java,class,PartnerTransferResult,marketing/transfer/partner_transfer_result.rs
weixin-java-pay,com/github/binarywang/wxpay/bean/marketing/transfer/ReceiptBillRequest.java,class,ReceiptBillRequest,marketing/transfer/receipt_bill_request.rs
weixin-java-pay,com/github/binarywang/wxpay/bean/media/ImageUploadResult.java,class,ImageUploadResult,bean/media/image_upload_result.rs
weixin-java-pay,com/github/binarywang/wxpay/bean/media/MarketingImageUploadResult.java,class,MarketingImageUploadResult,bean/media/marketing_image_upload_result.rs
weixin-java-pay,com/github/binarywang/wxpay/bean/media/VideoUploadResult.java,class,VideoUploadResult,bean/media/video_upload_result.rs
weixin-java-pay,com/github/binarywang/wxpay/bean/merchantlimitation/MerchantLimitationResult.java,class,MerchantLimitationResult,bean/merchantlimitation/merchant_limitation_result.rs
weixin-java-pay,com/github/binarywang/wxpay/bean/merchanttransfer/BatchesQueryResult.java,class,BatchesQueryResult,bean/merchanttransfer/batches_query_result.rs
weixin-java-pay,com/github/binarywang/wxpay/bean/merchanttransfer/DetailElectronicBillRequest.java,class,DetailElectronicBillRequest,bean/merchanttransfer/detail_electronic_bill_request.rs
weixin-java-pay,com/github/binarywang/wxpay/bean/merchanttransfer/DetailElectronicBillResult.java,class,DetailElectronicBillResult,bean/merchanttransfer/detail_electronic_bill_result.rs
weixin-java-pay,com/github/binarywang/wxpay/bean/merchanttransfer/DetailsQueryResult.java,class,DetailsQueryResult,bean/merchanttransfer/details_query_result.rs
weixin-java-pay,com/github/binarywang/wxpay/bean/merchanttransfer/ElectronicBillApplyRequest.java,class,ElectronicBillApplyRequest,bean/merchanttransfer/electronic_bill_apply_request.rs
weixin-java-pay,com/github/binarywang/wxpay/bean/merchanttransfer/ElectronicBillResult.java,class,ElectronicBillResult,bean/merchanttransfer/electronic_bill_result.rs
weixin-java-pay,com/github/binarywang/wxpay/bean/merchanttransfer/MerchantBatchesQueryRequest.java,class,MerchantBatchesQueryRequest,bean/merchanttransfer/merchant_batches_query_request.rs
weixin-java-pay,com/github/binarywang/wxpay/bean/merchanttransfer/MerchantDetailsQueryRequest.java,class,MerchantDetailsQueryRequest,bean/merchanttransfer/merchant_details_query_request.rs
weixin-java-pay,com/github/binarywang/wxpay/bean/merchanttransfer/TransferCreateRequest.java,class,TransferCreateRequest,bean/merchanttransfer/transfer_create_request.rs
weixin-java-pay,com/github/binarywang/wxpay/bean/merchanttransfer/TransferCreateResult.java,class,TransferCreateResult,bean/merchanttransfer/transfer_create_result.rs
weixin-java-pay,com/github/binarywang/wxpay/bean/merchanttransfer/WxBatchesQueryRequest.java,class,WxBatchesQueryRequest,bean/merchanttransfer/wx_batches_query_request.rs
weixin-java-pay,com/github/binarywang/wxpay/bean/merchanttransfer/WxDetailsQueryRequest.java,class,WxDetailsQueryRequest,bean/merchanttransfer/wx_details_query_request.rs
weixin-java-pay,com/github/binarywang/wxpay/bean/mipay/MedInsOrdersRequest.java,class,MedInsOrdersRequest,bean/mipay/med_ins_orders_request.rs
weixin-java-pay,com/github/binarywang/wxpay/bean/mipay/MedInsOrdersResult.java,class,MedInsOrdersResult,bean/mipay/med_ins_orders_result.rs
weixin-java-pay,com/github/binarywang/wxpay/bean/mipay/MedInsRefundNotifyRequest.java,class,MedInsRefundNotifyRequest,bean/mipay/med_ins_refund_notify_request.rs
weixin-java-pay,com/github/binarywang/wxpay/bean/mipay/enums/CashAddTypeEnum.java,enum,CashAddTypeEnum,mipay/enums/cash_add_type_enum.rs
weixin-java-pay,com/github/binarywang/wxpay/bean/mipay/enums/CashReduceTypeEnum.java,enum,CashReduceTypeEnum,mipay/enums/cash_reduce_type_enum.rs
weixin-java-pay,com/github/binarywang/wxpay/bean/mipay/enums/MedInsPayStatusEnum.java,enum,MedInsPayStatusEnum,mipay/enums/med_ins_pay_status_enum.rs
weixin-java-pay,com/github/binarywang/wxpay/bean/mipay/enums/MixPayStatusEnum.java,enum,MixPayStatusEnum,mipay/enums/mix_pay_status_enum.rs
weixin-java-pay,com/github/binarywang/wxpay/bean/mipay/enums/MixPayTypeEnum.java,enum,MixPayTypeEnum,mipay/enums/mix_pay_type_enum.rs
weixin-java-pay,com/github/binarywang/wxpay/bean/mipay/enums/OrderTypeEnum.java,enum,OrderTypeEnum,mipay/enums/order_type_enum.rs
weixin-java-pay,com/github/binarywang/wxpay/bean/mipay/enums/SelfPayStatusEnum.java,enum,SelfPayStatusEnum,mipay/enums/self_pay_status_enum.rs
weixin-java-pay,com/github/binarywang/wxpay/bean/mipay/enums/UserCardTypeEnum.java,enum,UserCardTypeEnum,mipay/enums/user_card_type_enum.rs
weixin-java-pay,com/github/binarywang/wxpay/bean/notify/CombineNotifyResult.java,class,CombineNotifyResult,bean/notify/combine_notify_result.rs
weixin-java-pay,com/github/binarywang/wxpay/bean/notify/ComplaintNotifyResult.java,class,ComplaintNotifyResult,bean/notify/complaint_notify_result.rs
weixin-java-pay,com/github/binarywang/wxpay/bean/notify/MerchantViolationNotifyResult.java,class,MerchantViolationNotifyResult,bean/notify/merchant_violation_notify_result.rs
weixin-java-pay,com/github/binarywang/wxpay/bean/notify/MiPayNotifyV3Result.java,class,MiPayNotifyV3Result,bean/notify/mi_pay_notify_v3_result.rs
weixin-java-pay,com/github/binarywang/wxpay/bean/notify/OriginNotifyResponse.java,class,OriginNotifyResponse,bean/notify/origin_notify_response.rs
weixin-java-pay,com/github/binarywang/wxpay/bean/notify/PartnerSubscribeNotifyResult.java,class,PartnerSubscribeNotifyResult,bean/notify/partner_subscribe_notify_result.rs
weixin-java-pay,com/github/binarywang/wxpay/bean/notify/SignatureHeader.java,class,SignatureHeader,bean/notify/signature_header.rs
weixin-java-pay,com/github/binarywang/wxpay/bean/notify/WxPayBaseNotifyV3Result.java,interface,WxPayBaseNotifyV3Result,bean/notify/wx_pay_base_notify_v3_result.rs
weixin-java-pay,com/github/binarywang/wxpay/bean/notify/WxPayNotifyResponse.java,class,WxPayNotifyResponse,bean/notify/wx_pay_notify_response.rs
weixin-java-pay,com/github/binarywang/wxpay/bean/notify/WxPayNotifyV3Response.java,class,WxPayNotifyV3Response,bean/notify/wx_pay_notify_v3_response.rs
weixin-java-pay,com/github/binarywang/wxpay/bean/notify/WxPayNotifyV3Result.java,class,WxPayNotifyV3Result,bean/notify/wx_pay_notify_v3_result.rs
weixin-java-pay,com/github/binarywang/wxpay/bean/notify/WxPayOrderNotifyCoupon.java,class,WxPayOrderNotifyCoupon,bean/notify/wx_pay_order_notify_coupon.rs
weixin-java-pay,com/github/binarywang/wxpay/bean/notify/WxPayOrderNotifyResult.java,class,WxPayOrderNotifyResult,bean/notify/wx_pay_order_notify_result.rs
weixin-java-pay,com/github/binarywang/wxpay/bean/notify/WxPayPartnerNotifyV3Result.java,class,WxPayPartnerNotifyV3Result,bean/notify/wx_pay_partner_notify_v3_result.rs
weixin-java-pay,com/github/binarywang/wxpay/bean/notify/WxPayPartnerRefundNotifyV3Result.java,class,WxPayPartnerRefundNotifyV3Result,bean/notify/wx_pay_partner_refund_notify_v3_result.rs
weixin-java-pay,com/github/binarywang/wxpay/bean/notify/WxPayRefundNotifyResult.java,class,WxPayRefundNotifyResult,bean/notify/wx_pay_refund_notify_result.rs
weixin-java-pay,com/github/binarywang/wxpay/bean/notify/WxPayRefundNotifyV3Result.java,class,WxPayRefundNotifyV3Result,bean/notify/wx_pay_refund_notify_v3_result.rs
weixin-java-pay,com/github/binarywang/wxpay/bean/notify/WxPayTransferBatchesNotifyV3Result.java,class,WxPayTransferBatchesNotifyV3Result,bean/notify/wx_pay_transfer_batches_notify_v3_result.rs
weixin-java-pay,com/github/binarywang/wxpay/bean/notify/WxScanPayNotifyResult.java,class,WxScanPayNotifyResult,bean/notify/wx_scan_pay_notify_result.rs
weixin-java-pay,com/github/binarywang/wxpay/bean/order/WxPayAppOrderResult.java,class,WxPayAppOrderResult,bean/order/wx_pay_app_order_result.rs
weixin-java-pay,com/github/binarywang/wxpay/bean/order/WxPayMpOrderResult.java,class,WxPayMpOrderResult,bean/order/wx_pay_mp_order_result.rs
weixin-java-pay,com/github/binarywang/wxpay/bean/order/WxPayMwebOrderResult.java,class,WxPayMwebOrderResult,bean/order/wx_pay_mweb_order_result.rs
weixin-java-pay,com/github/binarywang/wxpay/bean/order/WxPayNativeOrderResult.java,class,WxPayNativeOrderResult,bean/order/wx_pay_native_order_result.rs
weixin-java-pay,com/github/binarywang/wxpay/bean/payscore/Detail.java,class,Detail,bean/payscore/detail.rs
weixin-java-pay,com/github/binarywang/wxpay/bean/payscore/Device.java,class,Device,bean/payscore/device.rs
weixin-java-pay,com/github/binarywang/wxpay/bean/payscore/GoodsDetail.java,class,GoodsDetail,bean/payscore/goods_detail.rs
weixin-java-pay,com/github/binarywang/wxpay/bean/payscore/Location.java,class,Location,bean/payscore/location.rs
weixin-java-pay,com/github/binarywang/wxpay/bean/payscore/PartnerUserSignPlanDetail.java,class,PartnerUserSignPlanDetail,bean/payscore/partner_user_sign_plan_detail.rs
weixin-java-pay,com/github/binarywang/wxpay/bean/payscore/PartnerUserSignPlanEntity.java,class,PartnerUserSignPlanEntity,bean/payscore/partner_user_sign_plan_entity.rs
weixin-java-pay,com/github/binarywang/wxpay/bean/payscore/PayScoreNotifyData.java,class,PayScoreNotifyData,bean/payscore/pay_score_notify_data.rs
weixin-java-pay,com/github/binarywang/wxpay/bean/payscore/PayScorePlanDetail.java,class,PayScorePlanDetail,bean/payscore/pay_score_plan_detail.rs
weixin-java-pay,com/github/binarywang/wxpay/bean/payscore/PayScorePlanDetailRequest.java,class,PayScorePlanDetailRequest,bean/payscore/pay_score_plan_detail_request.rs
weixin-java-pay,com/github/binarywang/wxpay/bean/payscore/PayScorePlanDetailResult.java,class,PayScorePlanDetailResult,bean/payscore/pay_score_plan_detail_result.rs
weixin-java-pay,com/github/binarywang/wxpay/bean/payscore/PostDiscount.java,class,PostDiscount,bean/payscore/post_discount.rs
weixin-java-pay,com/github/binarywang/wxpay/bean/payscore/PostPayment.java,class,PostPayment,bean/payscore/post_payment.rs
weixin-java-pay,com/github/binarywang/wxpay/bean/payscore/PromotionDetail.java,class,PromotionDetail,bean/payscore/promotion_detail.rs
weixin-java-pay,com/github/binarywang/wxpay/bean/payscore/RiskFund.java,class,RiskFund,bean/payscore/risk_fund.rs
weixin-java-pay,com/github/binarywang/wxpay/bean/payscore/SyncDetail.java,class,SyncDetail,bean/payscore/sync_detail.rs
weixin-java-pay,com/github/binarywang/wxpay/bean/payscore/TimeRange.java,class,TimeRange,bean/payscore/time_range.rs
weixin-java-pay,com/github/binarywang/wxpay/bean/payscore/UserAuthorizationStatusNotifyResult.java,class,UserAuthorizationStatusNotifyResult,bean/payscore/user_authorization_status_notify_result.rs
weixin-java-pay,com/github/binarywang/wxpay/bean/payscore/UserSignPlanDetailMerchatNo.java,class,UserSignPlanDetailMerchatNo,bean/payscore/user_sign_plan_detail_merchat_no.rs
weixin-java-pay,com/github/binarywang/wxpay/bean/payscore/WxPartnerPayScoreRequest.java,class,WxPartnerPayScoreRequest,bean/payscore/wx_partner_pay_score_request.rs
weixin-java-pay,com/github/binarywang/wxpay/bean/payscore/WxPartnerPayScoreResult.java,class,WxPartnerPayScoreResult,bean/payscore/wx_partner_pay_score_result.rs
weixin-java-pay,com/github/binarywang/wxpay/bean/payscore/WxPartnerPayScoreSignPlanRequest.java,class,WxPartnerPayScoreSignPlanRequest,bean/payscore/wx_partner_pay_score_sign_plan_request.rs
weixin-java-pay,com/github/binarywang/wxpay/bean/payscore/WxPartnerPayScoreSignPlanResult.java,class,WxPartnerPayScoreSignPlanResult,bean/payscore/wx_partner_pay_score_sign_plan_result.rs
weixin-java-pay,com/github/binarywang/wxpay/bean/payscore/WxPartnerPayScoreUserSignPlanResult.java,class,WxPartnerPayScoreUserSignPlanResult,bean/payscore/wx_partner_pay_score_user_sign_plan_result.rs
weixin-java-pay,com/github/binarywang/wxpay/bean/payscore/WxPartnerUserAuthorizationStatusNotifyResult.java,class,WxPartnerUserAuthorizationStatusNotifyResult,bean/payscore/wx_partner_user_authorization_status_notify_result.rs
weixin-java-pay,com/github/binarywang/wxpay/bean/payscore/WxPayScoreRequest.java,class,WxPayScoreRequest,bean/payscore/wx_pay_score_request.rs
weixin-java-pay,com/github/binarywang/wxpay/bean/payscore/WxPayScoreResult.java,class,WxPayScoreResult,bean/payscore/wx_pay_score_result.rs
weixin-java-pay,com/github/binarywang/wxpay/bean/payscore/enums/SignPlanServiceOrderPlanDetailStateEnum.java,enum,SignPlanServiceOrderPlanDetailStateEnum,payscore/enums/sign_plan_service_order_plan_detail_state_enum.rs
weixin-java-pay,com/github/binarywang/wxpay/bean/payscore/enums/SignPlanServiceOrderStateEnum.java,enum,SignPlanServiceOrderStateEnum,payscore/enums/sign_plan_service_order_state_enum.rs
weixin-java-pay,com/github/binarywang/wxpay/bean/payscore/enums/UserSignPlanCancelSignTypeEnum.java,enum,UserSignPlanCancelSignTypeEnum,payscore/enums/user_sign_plan_cancel_sign_type_enum.rs
weixin-java-pay,com/github/binarywang/wxpay/bean/profitsharing/Receiver.java,class,Receiver,bean/profitsharing/receiver.rs
weixin-java-pay,com/github/binarywang/wxpay/bean/profitsharing/ReceiverList.java,class,ReceiverList,bean/profitsharing/receiver_list.rs
weixin-java-pay,com/github/binarywang/wxpay/bean/profitsharing/notify/ProfitSharingNotifyV3Response.java,class,ProfitSharingNotifyV3Response,profitsharing/notify/profit_sharing_notify_v3_response.rs
weixin-java-pay,com/github/binarywang/wxpay/bean/profitsharing/notify/ProfitSharingNotifyV3Result.java,class,ProfitSharingNotifyV3Result,profitsharing/notify/profit_sharing_notify_v3_result.rs
weixin-java-pay,com/github/binarywang/wxpay/bean/profitsharing/request/ProfitSharingBillV3Request.java,class,ProfitSharingBillV3Request,profitsharing/request/profit_sharing_bill_v3_request.rs
weixin-java-pay,com/github/binarywang/wxpay/bean/profitsharing/request/ProfitSharingMerchantRatioQueryRequest.java,class,ProfitSharingMerchantRatioQueryRequest,profitsharing/request/profit_sharing_merchant_ratio_query_request.rs
weixin-java-pay,com/github/binarywang/wxpay/bean/profitsharing/request/ProfitSharingOrderAmountQueryRequest.java,class,ProfitSharingOrderAmountQueryRequest,profitsharing/request/profit_sharing_order_amount_query_request.rs
weixin-java-pay,com/github/binarywang/wxpay/bean/profitsharing/request/ProfitSharingQueryRequest.java,class,ProfitSharingQueryRequest,profitsharing/request/profit_sharing_query_request.rs
weixin-java-pay,com/github/binarywang/wxpay/bean/profitsharing/request/ProfitSharingQueryV3Request.java,class,ProfitSharingQueryV3Request,profitsharing/request/profit_sharing_query_v3_request.rs
weixin-java-pay,com/github/binarywang/wxpay/bean/profitsharing/request/ProfitSharingReceiverRequest.java,class,ProfitSharingReceiverRequest,profitsharing/request/profit_sharing_receiver_request.rs
weixin-java-pay,com/github/binarywang/wxpay/bean/profitsharing/request/ProfitSharingReceiverV3Request.java,class,ProfitSharingReceiverV3Request,profitsharing/request/profit_sharing_receiver_v3_request.rs
weixin-java-pay,com/github/binarywang/wxpay/bean/profitsharing/request/ProfitSharingRequest.java,class,ProfitSharingRequest,profitsharing/request/profit_sharing_request.rs
weixin-java-pay,com/github/binarywang/wxpay/bean/profitsharing/request/ProfitSharingReturnQueryRequest.java,class,ProfitSharingReturnQueryRequest,profitsharing/request/profit_sharing_return_query_request.rs
weixin-java-pay,com/github/binarywang/wxpay/bean/profitsharing/request/ProfitSharingReturnRequest.java,class,ProfitSharingReturnRequest,profitsharing/request/profit_sharing_return_request.rs
weixin-java-pay,com/github/binarywang/wxpay/bean/profitsharing/request/ProfitSharingReturnV3Request.java,class,ProfitSharingReturnV3Request,profitsharing/request/profit_sharing_return_v3_request.rs
weixin-java-pay,com/github/binarywang/wxpay/bean/profitsharing/request/ProfitSharingUnfreezeRequest.java,class,ProfitSharingUnfreezeRequest,profitsharing/request/profit_sharing_unfreeze_request.rs
weixin-java-pay,com/github/binarywang/wxpay/bean/profitsharing/request/ProfitSharingUnfreezeV3Request.java,class,ProfitSharingUnfreezeV3Request,profitsharing/request/profit_sharing_unfreeze_v3_request.rs
weixin-java-pay,com/github/binarywang/wxpay/bean/profitsharing/request/ProfitSharingV3Request.java,class,ProfitSharingV3Request,profitsharing/request/profit_sharing_v3_request.rs
weixin-java-pay,com/github/binarywang/wxpay/bean/profitsharing/result/ProfitSharingBillV3Result.java,class,ProfitSharingBillV3Result,profitsharing/result/profit_sharing_bill_v3_result.rs
weixin-java-pay,com/github/binarywang/wxpay/bean/profitsharing/result/ProfitSharingMerchantRatioQueryResult.java,class,ProfitSharingMerchantRatioQueryResult,profitsharing/result/profit_sharing_merchant_ratio_query_result.rs
weixin-java-pay,com/github/binarywang/wxpay/bean/profitsharing/result/ProfitSharingMerchantRatioQueryV3Result.java,class,ProfitSharingMerchantRatioQueryV3Result,profitsharing/result/profit_sharing_merchant_ratio_query_v3_result.rs
weixin-java-pay,com/github/binarywang/wxpay/bean/profitsharing/result/ProfitSharingOrderAmountQueryResult.java,class,ProfitSharingOrderAmountQueryResult,profitsharing/result/profit_sharing_order_amount_query_result.rs
weixin-java-pay,com/github/binarywang/wxpay/bean/profitsharing/result/ProfitSharingOrderAmountQueryV3Result.java,class,ProfitSharingOrderAmountQueryV3Result,profitsharing/result/profit_sharing_order_amount_query_v3_result.rs
weixin-java-pay,com/github/binarywang/wxpay/bean/profitsharing/result/ProfitSharingQueryResult.java,class,ProfitSharingQueryResult,profitsharing/result/profit_sharing_query_result.rs
weixin-java-pay,com/github/binarywang/wxpay/bean/profitsharing/result/ProfitSharingReceiverResult.java,class,ProfitSharingReceiverResult,profitsharing/result/profit_sharing_receiver_result.rs
weixin-java-pay,com/github/binarywang/wxpay/bean/profitsharing/result/ProfitSharingReceiverV3Result.java,class,ProfitSharingReceiverV3Result,profitsharing/result/profit_sharing_receiver_v3_result.rs
weixin-java-pay,com/github/binarywang/wxpay/bean/profitsharing/result/ProfitSharingResult.java,class,ProfitSharingResult,profitsharing/result/profit_sharing_result.rs
weixin-java-pay,com/github/binarywang/wxpay/bean/profitsharing/result/ProfitSharingReturnResult.java,class,ProfitSharingReturnResult,profitsharing/result/profit_sharing_return_result.rs
weixin-java-pay,com/github/binarywang/wxpay/bean/profitsharing/result/ProfitSharingReturnV3Result.java,class,ProfitSharingReturnV3Result,profitsharing/result/profit_sharing_return_v3_result.rs
weixin-java-pay,com/github/binarywang/wxpay/bean/profitsharing/result/ProfitSharingUnfreezeV3Result.java,class,ProfitSharingUnfreezeV3Result,profitsharing/result/profit_sharing_unfreeze_v3_result.rs
weixin-java-pay,com/github/binarywang/wxpay/bean/profitsharing/result/ProfitSharingV3Result.java,class,ProfitSharingV3Result,profitsharing/result/profit_sharing_v3_result.rs
weixin-java-pay,com/github/binarywang/wxpay/bean/realname/RealNameRequest.java,class,RealNameRequest,bean/realname/real_name_request.rs
weixin-java-pay,com/github/binarywang/wxpay/bean/realname/RealNameResult.java,class,RealNameResult,bean/realname/real_name_result.rs
weixin-java-pay,com/github/binarywang/wxpay/bean/request/BaseWxPayRequest.java,class,BaseWxPayRequest,bean/request/base_wx_pay_request.rs
weixin-java-pay,com/github/binarywang/wxpay/bean/request/CombineCloseRequest.java,class,CombineCloseRequest,bean/request/combine_close_request.rs
weixin-java-pay,com/github/binarywang/wxpay/bean/request/CombineTransactionsRequest.java,class,CombineTransactionsRequest,bean/request/combine_transactions_request.rs
weixin-java-pay,com/github/binarywang/wxpay/bean/request/WxDepositConsumeRequest.java,class,WxDepositConsumeRequest,bean/request/wx_deposit_consume_request.rs
weixin-java-pay,com/github/binarywang/wxpay/bean/request/WxDepositOrderQueryRequest.java,class,WxDepositOrderQueryRequest,bean/request/wx_deposit_order_query_request.rs
weixin-java-pay,com/github/binarywang/wxpay/bean/request/WxDepositRefundRequest.java,class,WxDepositRefundRequest,bean/request/wx_deposit_refund_request.rs
weixin-java-pay,com/github/binarywang/wxpay/bean/request/WxDepositUnfreezeRequest.java,class,WxDepositUnfreezeRequest,bean/request/wx_deposit_unfreeze_request.rs
weixin-java-pay,com/github/binarywang/wxpay/bean/request/WxDepositUnifiedOrderRequest.java,class,WxDepositUnifiedOrderRequest,bean/request/wx_deposit_unified_order_request.rs
weixin-java-pay,com/github/binarywang/wxpay/bean/request/WxH5EntrustRequest.java,class,WxH5EntrustRequest,bean/request/wx_h5_entrust_request.rs
weixin-java-pay,com/github/binarywang/wxpay/bean/request/WxMaEntrustRequest.java,class,WxMaEntrustRequest,bean/request/wx_ma_entrust_request.rs
weixin-java-pay,com/github/binarywang/wxpay/bean/request/WxMpEntrustRequest.java,class,WxMpEntrustRequest,bean/request/wx_mp_entrust_request.rs
weixin-java-pay,com/github/binarywang/wxpay/bean/request/WxPayApplyFundFlowBillV3Request.java,class,WxPayApplyFundFlowBillV3Request,bean/request/wx_pay_apply_fund_flow_bill_v3_request.rs
weixin-java-pay,com/github/binarywang/wxpay/bean/request/WxPayApplyTradeBillV3Request.java,class,WxPayApplyTradeBillV3Request,bean/request/wx_pay_apply_trade_bill_v3_request.rs
weixin-java-pay,com/github/binarywang/wxpay/bean/request/WxPayAuthcode2OpenidRequest.java,class,WxPayAuthcode2OpenidRequest,bean/request/wx_pay_authcode2_openid_request.rs
weixin-java-pay,com/github/binarywang/wxpay/bean/request/WxPayCodepayRequest.java,class,WxPayCodepayRequest,bean/request/wx_pay_codepay_request.rs
weixin-java-pay,com/github/binarywang/wxpay/bean/request/WxPayDefaultRequest.java,class,WxPayDefaultRequest,bean/request/wx_pay_default_request.rs
weixin-java-pay,com/github/binarywang/wxpay/bean/request/WxPayDownloadBillRequest.java,class,WxPayDownloadBillRequest,bean/request/wx_pay_download_bill_request.rs
weixin-java-pay,com/github/binarywang/wxpay/bean/request/WxPayDownloadFundFlowRequest.java,class,WxPayDownloadFundFlowRequest,bean/request/wx_pay_download_fund_flow_request.rs
weixin-java-pay,com/github/binarywang/wxpay/bean/request/WxPayEntrustRequest.java,class,WxPayEntrustRequest,bean/request/wx_pay_entrust_request.rs
weixin-java-pay,com/github/binarywang/wxpay/bean/request/WxPayFaceAuthInfoRequest.java,class,WxPayFaceAuthInfoRequest,bean/request/wx_pay_face_auth_info_request.rs
weixin-java-pay,com/github/binarywang/wxpay/bean/request/WxPayFacepayRequest.java,class,WxPayFacepayRequest,bean/request/wx_pay_facepay_request.rs
weixin-java-pay,com/github/binarywang/wxpay/bean/request/WxPayMicropayRequest.java,class,WxPayMicropayRequest,bean/request/wx_pay_micropay_request.rs
weixin-java-pay,com/github/binarywang/wxpay/bean/request/WxPayOrderCloseRequest.java,class,WxPayOrderCloseRequest,bean/request/wx_pay_order_close_request.rs
weixin-java-pay,com/github/binarywang/wxpay/bean/request/WxPayOrderCloseV3Request.java,class,WxPayOrderCloseV3Request,bean/request/wx_pay_order_close_v3_request.rs
weixin-java-pay,com/github/binarywang/wxpay/bean/request/WxPayOrderQueryRequest.java,class,WxPayOrderQueryRequest,bean/request/wx_pay_order_query_request.rs
weixin-java-pay,com/github/binarywang/wxpay/bean/request/WxPayOrderQueryV3Request.java,class,WxPayOrderQueryV3Request,bean/request/wx_pay_order_query_v3_request.rs
weixin-java-pay,com/github/binarywang/wxpay/bean/request/WxPayOrderReverseRequest.java,class,WxPayOrderReverseRequest,bean/request/wx_pay_order_reverse_request.rs
weixin-java-pay,com/github/binarywang/wxpay/bean/request/WxPayOrderReverseV3Request.java,class,WxPayOrderReverseV3Request,bean/request/wx_pay_order_reverse_v3_request.rs
weixin-java-pay,com/github/binarywang/wxpay/bean/request/WxPayPartnerOrderCloseV3Request.java,class,WxPayPartnerOrderCloseV3Request,bean/request/wx_pay_partner_order_close_v3_request.rs
weixin-java-pay,com/github/binarywang/wxpay/bean/request/WxPayPartnerOrderQueryV3Request.java,class,WxPayPartnerOrderQueryV3Request,bean/request/wx_pay_partner_order_query_v3_request.rs
weixin-java-pay,com/github/binarywang/wxpay/bean/request/WxPayPartnerRefundV3Request.java,class,WxPayPartnerRefundV3Request,bean/request/wx_pay_partner_refund_v3_request.rs
weixin-java-pay,com/github/binarywang/wxpay/bean/request/WxPayPartnerUnifiedOrderV3Request.java,class,WxPayPartnerUnifiedOrderV3Request,bean/request/wx_pay_partner_unified_order_v3_request.rs
weixin-java-pay,com/github/binarywang/wxpay/bean/request/WxPayQueryCommentRequest.java,class,WxPayQueryCommentRequest,bean/request/wx_pay_query_comment_request.rs
weixin-java-pay,com/github/binarywang/wxpay/bean/request/WxPayQueryExchangeRateRequest.java,class,WxPayQueryExchangeRateRequest,bean/request/wx_pay_query_exchange_rate_request.rs
weixin-java-pay,com/github/binarywang/wxpay/bean/request/WxPayRedpackQueryRequest.java,class,WxPayRedpackQueryRequest,bean/request/wx_pay_redpack_query_request.rs
weixin-java-pay,com/github/binarywang/wxpay/bean/request/WxPayRefundQueryRequest.java,class,WxPayRefundQueryRequest,bean/request/wx_pay_refund_query_request.rs
weixin-java-pay,com/github/binarywang/wxpay/bean/request/WxPayRefundQueryV3Request.java,class,WxPayRefundQueryV3Request,bean/request/wx_pay_refund_query_v3_request.rs
weixin-java-pay,com/github/binarywang/wxpay/bean/request/WxPayRefundRequest.java,class,WxPayRefundRequest,bean/request/wx_pay_refund_request.rs
weixin-java-pay,com/github/binarywang/wxpay/bean/request/WxPayRefundV3Request.java,class,WxPayRefundV3Request,bean/request/wx_pay_refund_v3_request.rs
weixin-java-pay,com/github/binarywang/wxpay/bean/request/WxPayReportRequest.java,class,WxPayReportRequest,bean/request/wx_pay_report_request.rs
weixin-java-pay,com/github/binarywang/wxpay/bean/request/WxPaySendMiniProgramRedpackRequest.java,class,WxPaySendMiniProgramRedpackRequest,bean/request/wx_pay_send_mini_program_redpack_request.rs
weixin-java-pay,com/github/binarywang/wxpay/bean/request/WxPaySendRedpackRequest.java,class,WxPaySendRedpackRequest,bean/request/wx_pay_send_redpack_request.rs
weixin-java-pay,com/github/binarywang/wxpay/bean/request/WxPayShorturlRequest.java,class,WxPayShorturlRequest,bean/request/wx_pay_shorturl_request.rs
weixin-java-pay,com/github/binarywang/wxpay/bean/request/WxPayUnifiedOrderRequest.java,class,WxPayUnifiedOrderRequest,bean/request/wx_pay_unified_order_request.rs
weixin-java-pay,com/github/binarywang/wxpay/bean/request/WxPayUnifiedOrderV3GlobalRequest.java,class,WxPayUnifiedOrderV3GlobalRequest,bean/request/wx_pay_unified_order_v3_global_request.rs
weixin-java-pay,com/github/binarywang/wxpay/bean/request/WxPayUnifiedOrderV3Request.java,class,WxPayUnifiedOrderV3Request,bean/request/wx_pay_unified_order_v3_request.rs
weixin-java-pay,com/github/binarywang/wxpay/bean/request/WxPreWithholdRequest.java,class,WxPreWithholdRequest,bean/request/wx_pre_withhold_request.rs
weixin-java-pay,com/github/binarywang/wxpay/bean/request/WxSignQueryRequest.java,class,WxSignQueryRequest,bean/request/wx_sign_query_request.rs
weixin-java-pay,com/github/binarywang/wxpay/bean/request/WxTerminatedContractRequest.java,class,WxTerminatedContractRequest,bean/request/wx_terminated_contract_request.rs
weixin-java-pay,com/github/binarywang/wxpay/bean/request/WxWithholdOrderQueryRequest.java,class,WxWithholdOrderQueryRequest,bean/request/wx_withhold_order_query_request.rs
weixin-java-pay,com/github/binarywang/wxpay/bean/request/WxWithholdRequest.java,class,WxWithholdRequest,bean/request/wx_withhold_request.rs
weixin-java-pay,com/github/binarywang/wxpay/bean/result/BaseWxPayResult.java,class,BaseWxPayResult,bean/result/base_wx_pay_result.rs
weixin-java-pay,com/github/binarywang/wxpay/bean/result/BaseWxPayV3Result.java,class,BaseWxPayV3Result,bean/result/base_wx_pay_v3_result.rs
weixin-java-pay,com/github/binarywang/wxpay/bean/result/CombineQueryResult.java,class,CombineQueryResult,bean/result/combine_query_result.rs
weixin-java-pay,com/github/binarywang/wxpay/bean/result/CombineTransactionsResult.java,class,CombineTransactionsResult,bean/result/combine_transactions_result.rs
weixin-java-pay,com/github/binarywang/wxpay/bean/result/WxDepositConsumeResult.java,class,WxDepositConsumeResult,bean/result/wx_deposit_consume_result.rs
weixin-java-pay,com/github/binarywang/wxpay/bean/result/WxDepositOrderQueryResult.java,class,WxDepositOrderQueryResult,bean/result/wx_deposit_order_query_result.rs
weixin-java-pay,com/github/binarywang/wxpay/bean/result/WxDepositRefundResult.java,class,WxDepositRefundResult,bean/result/wx_deposit_refund_result.rs
weixin-java-pay,com/github/binarywang/wxpay/bean/result/WxDepositUnfreezeResult.java,class,WxDepositUnfreezeResult,bean/result/wx_deposit_unfreeze_result.rs
weixin-java-pay,com/github/binarywang/wxpay/bean/result/WxDepositUnifiedOrderResult.java,class,WxDepositUnifiedOrderResult,bean/result/wx_deposit_unified_order_result.rs
weixin-java-pay,com/github/binarywang/wxpay/bean/result/WxH5EntrustResult.java,class,WxH5EntrustResult,bean/result/wx_h5_entrust_result.rs
weixin-java-pay,com/github/binarywang/wxpay/bean/result/WxPayApplyBillV3Result.java,class,WxPayApplyBillV3Result,bean/result/wx_pay_apply_bill_v3_result.rs
weixin-java-pay,com/github/binarywang/wxpay/bean/result/WxPayAuthcode2OpenidResult.java,class,WxPayAuthcode2OpenidResult,bean/result/wx_pay_authcode2_openid_result.rs
weixin-java-pay,com/github/binarywang/wxpay/bean/result/WxPayBillInfo.java,class,WxPayBillInfo,bean/result/wx_pay_bill_info.rs
weixin-java-pay,com/github/binarywang/wxpay/bean/result/WxPayBillResult.java,class,WxPayBillResult,bean/result/wx_pay_bill_result.rs
weixin-java-pay,com/github/binarywang/wxpay/bean/result/WxPayCodepayResult.java,class,WxPayCodepayResult,bean/result/wx_pay_codepay_result.rs
weixin-java-pay,com/github/binarywang/wxpay/bean/result/WxPayCommonResult.java,class,WxPayCommonResult,bean/result/wx_pay_common_result.rs
weixin-java-pay,com/github/binarywang/wxpay/bean/result/WxPayEntrustResult.java,class,WxPayEntrustResult,bean/result/wx_pay_entrust_result.rs
weixin-java-pay,com/github/binarywang/wxpay/bean/result/WxPayFaceAuthInfoResult.java,class,WxPayFaceAuthInfoResult,bean/result/wx_pay_face_auth_info_result.rs
weixin-java-pay,com/github/binarywang/wxpay/bean/result/WxPayFacepayResult.java,class,WxPayFacepayResult,bean/result/wx_pay_facepay_result.rs
weixin-java-pay,com/github/binarywang/wxpay/bean/result/WxPayFundFlowBaseResult.java,class,WxPayFundFlowBaseResult,bean/result/wx_pay_fund_flow_base_result.rs
weixin-java-pay,com/github/binarywang/wxpay/bean/result/WxPayFundFlowResult.java,class,WxPayFundFlowResult,bean/result/wx_pay_fund_flow_result.rs
weixin-java-pay,com/github/binarywang/wxpay/bean/result/WxPayMicropayResult.java,class,WxPayMicropayResult,bean/result/wx_pay_micropay_result.rs
weixin-java-pay,com/github/binarywang/wxpay/bean/result/WxPayOrderCloseResult.java,class,WxPayOrderCloseResult,bean/result/wx_pay_order_close_result.rs
weixin-java-pay,com/github/binarywang/wxpay/bean/result/WxPayOrderQueryResult.java,class,WxPayOrderQueryResult,bean/result/wx_pay_order_query_result.rs
weixin-java-pay,com/github/binarywang/wxpay/bean/result/WxPayOrderQueryV3Result.java,class,WxPayOrderQueryV3Result,bean/result/wx_pay_order_query_v3_result.rs
weixin-java-pay,com/github/binarywang/wxpay/bean/result/WxPayOrderReverseResult.java,class,WxPayOrderReverseResult,bean/result/wx_pay_order_reverse_result.rs
weixin-java-pay,com/github/binarywang/wxpay/bean/result/WxPayOrderReverseV3Result.java,class,WxPayOrderReverseV3Result,bean/result/wx_pay_order_reverse_v3_result.rs
weixin-java-pay,com/github/binarywang/wxpay/bean/result/WxPayPartnerOrderQueryV3Result.java,class,WxPayPartnerOrderQueryV3Result,bean/result/wx_pay_partner_order_query_v3_result.rs
weixin-java-pay,com/github/binarywang/wxpay/bean/result/WxPayQueryExchangeRateResult.java,class,WxPayQueryExchangeRateResult,bean/result/wx_pay_query_exchange_rate_result.rs
weixin-java-pay,com/github/binarywang/wxpay/bean/result/WxPayRedpackQueryResult.java,class,WxPayRedpackQueryResult,bean/result/wx_pay_redpack_query_result.rs
weixin-java-pay,com/github/binarywang/wxpay/bean/result/WxPayRefundCouponInfo.java,class,WxPayRefundCouponInfo,bean/result/wx_pay_refund_coupon_info.rs
weixin-java-pay,com/github/binarywang/wxpay/bean/result/WxPayRefundPromotionDetail.java,class,WxPayRefundPromotionDetail,bean/result/wx_pay_refund_promotion_detail.rs
weixin-java-pay,com/github/binarywang/wxpay/bean/result/WxPayRefundQueryResult.java,class,WxPayRefundQueryResult,bean/result/wx_pay_refund_query_result.rs
weixin-java-pay,com/github/binarywang/wxpay/bean/result/WxPayRefundQueryV3Result.java,class,WxPayRefundQueryV3Result,bean/result/wx_pay_refund_query_v3_result.rs
weixin-java-pay,com/github/binarywang/wxpay/bean/result/WxPayRefundResult.java,class,WxPayRefundResult,bean/result/wx_pay_refund_result.rs
weixin-java-pay,com/github/binarywang/wxpay/bean/result/WxPayRefundV3Result.java,class,WxPayRefundV3Result,bean/result/wx_pay_refund_v3_result.rs
weixin-java-pay,com/github/binarywang/wxpay/bean/result/WxPaySandboxSignKeyResult.java,class,WxPaySandboxSignKeyResult,bean/result/wx_pay_sandbox_sign_key_result.rs
weixin-java-pay,com/github/binarywang/wxpay/bean/result/WxPaySendMiniProgramRedpackResult.java,class,WxPaySendMiniProgramRedpackResult,bean/result/wx_pay_send_mini_program_redpack_result.rs
weixin-java-pay,com/github/binarywang/wxpay/bean/result/WxPaySendRedpackResult.java,class,WxPaySendRedpackResult,bean/result/wx_pay_send_redpack_result.rs
weixin-java-pay,com/github/binarywang/wxpay/bean/result/WxPayShorturlResult.java,class,WxPayShorturlResult,bean/result/wx_pay_shorturl_result.rs
weixin-java-pay,com/github/binarywang/wxpay/bean/result/WxPayUnifiedOrderResult.java,class,WxPayUnifiedOrderResult,bean/result/wx_pay_unified_order_result.rs
weixin-java-pay,com/github/binarywang/wxpay/bean/result/WxPayUnifiedOrderV3Result.java,class,WxPayUnifiedOrderV3Result,bean/result/wx_pay_unified_order_v3_result.rs
weixin-java-pay,com/github/binarywang/wxpay/bean/result/WxSignQueryResult.java,class,WxSignQueryResult,bean/result/wx_sign_query_result.rs
weixin-java-pay,com/github/binarywang/wxpay/bean/result/WxSignStatusNotifyResult.java,class,WxSignStatusNotifyResult,bean/result/wx_sign_status_notify_result.rs
weixin-java-pay,com/github/binarywang/wxpay/bean/result/WxTerminationContractResult.java,class,WxTerminationContractResult,bean/result/wx_termination_contract_result.rs
weixin-java-pay,com/github/binarywang/wxpay/bean/result/WxWithholdNotifyResult.java,class,WxWithholdNotifyResult,bean/result/wx_withhold_notify_result.rs
weixin-java-pay,com/github/binarywang/wxpay/bean/result/WxWithholdOrderQueryResult.java,class,WxWithholdOrderQueryResult,bean/result/wx_withhold_order_query_result.rs
weixin-java-pay,com/github/binarywang/wxpay/bean/result/WxWithholdResult.java,class,WxWithholdResult,bean/result/wx_withhold_result.rs
weixin-java-pay,com/github/binarywang/wxpay/bean/result/enums/GlobalTradeTypeEnum.java,enum,GlobalTradeTypeEnum,result/enums/global_trade_type_enum.rs
weixin-java-pay,com/github/binarywang/wxpay/bean/result/enums/TradeTypeEnum.java,enum,TradeTypeEnum,result/enums/trade_type_enum.rs
weixin-java-pay,com/github/binarywang/wxpay/bean/subscriptionbilling/BillingPlan.java,class,BillingPlan,bean/subscriptionbilling/billing_plan.rs
weixin-java-pay,com/github/binarywang/wxpay/bean/subscriptionbilling/SubscriptionAmount.java,class,SubscriptionAmount,bean/subscriptionbilling/subscription_amount.rs
weixin-java-pay,com/github/binarywang/wxpay/bean/subscriptionbilling/SubscriptionCancelRequest.java,class,SubscriptionCancelRequest,bean/subscriptionbilling/subscription_cancel_request.rs
weixin-java-pay,com/github/binarywang/wxpay/bean/subscriptionbilling/SubscriptionCancelResult.java,class,SubscriptionCancelResult,bean/subscriptionbilling/subscription_cancel_result.rs
weixin-java-pay,com/github/binarywang/wxpay/bean/subscriptionbilling/SubscriptionInstantBillingRequest.java,class,SubscriptionInstantBillingRequest,bean/subscriptionbilling/subscription_instant_billing_request.rs
weixin-java-pay,com/github/binarywang/wxpay/bean/subscriptionbilling/SubscriptionInstantBillingResult.java,class,SubscriptionInstantBillingResult,bean/subscriptionbilling/subscription_instant_billing_result.rs
weixin-java-pay,com/github/binarywang/wxpay/bean/subscriptionbilling/SubscriptionQueryResult.java,class,SubscriptionQueryResult,bean/subscriptionbilling/subscription_query_result.rs
weixin-java-pay,com/github/binarywang/wxpay/bean/subscriptionbilling/SubscriptionScheduleRequest.java,class,SubscriptionScheduleRequest,bean/subscriptionbilling/subscription_schedule_request.rs
weixin-java-pay,com/github/binarywang/wxpay/bean/subscriptionbilling/SubscriptionScheduleResult.java,class,SubscriptionScheduleResult,bean/subscriptionbilling/subscription_schedule_result.rs
weixin-java-pay,com/github/binarywang/wxpay/bean/subscriptionbilling/SubscriptionTransactionQueryRequest.java,class,SubscriptionTransactionQueryRequest,bean/subscriptionbilling/subscription_transaction_query_request.rs
weixin-java-pay,com/github/binarywang/wxpay/bean/subscriptionbilling/SubscriptionTransactionQueryResult.java,class,SubscriptionTransactionQueryResult,bean/subscriptionbilling/subscription_transaction_query_result.rs
weixin-java-pay,com/github/binarywang/wxpay/bean/transfer/BusinessOperationTransferQueryRequest.java,class,BusinessOperationTransferQueryRequest,bean/transfer/business_operation_transfer_query_request.rs
weixin-java-pay,com/github/binarywang/wxpay/bean/transfer/BusinessOperationTransferQueryResult.java,class,BusinessOperationTransferQueryResult,bean/transfer/business_operation_transfer_query_result.rs
weixin-java-pay,com/github/binarywang/wxpay/bean/transfer/BusinessOperationTransferRequest.java,class,BusinessOperationTransferRequest,bean/transfer/business_operation_transfer_request.rs
weixin-java-pay,com/github/binarywang/wxpay/bean/transfer/BusinessOperationTransferResult.java,class,BusinessOperationTransferResult,bean/transfer/business_operation_transfer_result.rs
weixin-java-pay,com/github/binarywang/wxpay/bean/transfer/QueryTransferBatchesRequest.java,class,QueryTransferBatchesRequest,bean/transfer/query_transfer_batches_request.rs
weixin-java-pay,com/github/binarywang/wxpay/bean/transfer/QueryTransferBatchesResult.java,class,QueryTransferBatchesResult,bean/transfer/query_transfer_batches_result.rs
weixin-java-pay,com/github/binarywang/wxpay/bean/transfer/ReservationTransferBatchGetResult.java,class,ReservationTransferBatchGetResult,bean/transfer/reservation_transfer_batch_get_result.rs
weixin-java-pay,com/github/binarywang/wxpay/bean/transfer/ReservationTransferBatchRequest.java,class,ReservationTransferBatchRequest,bean/transfer/reservation_transfer_batch_request.rs
weixin-java-pay,com/github/binarywang/wxpay/bean/transfer/ReservationTransferBatchResult.java,class,ReservationTransferBatchResult,bean/transfer/reservation_transfer_batch_result.rs
weixin-java-pay,com/github/binarywang/wxpay/bean/transfer/ReservationTransferNotifyResult.java,class,ReservationTransferNotifyResult,bean/transfer/reservation_transfer_notify_result.rs
weixin-java-pay,com/github/binarywang/wxpay/bean/transfer/TransferBatchDetailResult.java,class,TransferBatchDetailResult,bean/transfer/transfer_batch_detail_result.rs
weixin-java-pay,com/github/binarywang/wxpay/bean/transfer/TransferBatchesRequest.java,class,TransferBatchesRequest,bean/transfer/transfer_batches_request.rs
weixin-java-pay,com/github/binarywang/wxpay/bean/transfer/TransferBatchesResult.java,class,TransferBatchesResult,bean/transfer/transfer_batches_result.rs
weixin-java-pay,com/github/binarywang/wxpay/bean/transfer/TransferBillsCancelResult.java,class,TransferBillsCancelResult,bean/transfer/transfer_bills_cancel_result.rs
weixin-java-pay,com/github/binarywang/wxpay/bean/transfer/TransferBillsGetResult.java,class,TransferBillsGetResult,bean/transfer/transfer_bills_get_result.rs
weixin-java-pay,com/github/binarywang/wxpay/bean/transfer/TransferBillsNotifyResult.java,class,TransferBillsNotifyResult,bean/transfer/transfer_bills_notify_result.rs
weixin-java-pay,com/github/binarywang/wxpay/bean/transfer/TransferBillsRequest.java,class,TransferBillsRequest,bean/transfer/transfer_bills_request.rs
weixin-java-pay,com/github/binarywang/wxpay/bean/transfer/TransferBillsResult.java,class,TransferBillsResult,bean/transfer/transfer_bills_result.rs
weixin-java-pay,com/github/binarywang/wxpay/bean/transfer/TransferNotifyResult.java,class,TransferNotifyResult,bean/transfer/transfer_notify_result.rs
weixin-java-pay,com/github/binarywang/wxpay/bean/transfer/UserAuthorizationStatusResult.java,class,UserAuthorizationStatusResult,bean/transfer/user_authorization_status_result.rs
weixin-java-pay,com/github/binarywang/wxpay/config/HttpClientBuilderCustomizer.java,interface,HttpClientBuilderCustomizer,config/http_client_builder_customizer.rs
weixin-java-pay,com/github/binarywang/wxpay/config/VerifierBuilder.java,class,VerifierBuilder,config/verifier_builder.rs
weixin-java-pay,com/github/binarywang/wxpay/config/WxPayConfig.java,class,WxPayConfig,config/wx_pay_config.rs
weixin-java-pay,com/github/binarywang/wxpay/config/WxPayConfigHolder.java,class,WxPayConfigHolder,config/wx_pay_config_holder.rs
weixin-java-pay,com/github/binarywang/wxpay/config/WxPayHttpProxy.java,class,WxPayHttpProxy,config/wx_pay_http_proxy.rs
weixin-java-pay,com/github/binarywang/wxpay/constant/WxPayConstants.java,class,WxPayConstants,constant/wx_pay_constants.rs
weixin-java-pay,com/github/binarywang/wxpay/constant/WxPayErrorCode.java,class,WxPayErrorCode,constant/wx_pay_error_code.rs
weixin-java-pay,com/github/binarywang/wxpay/converter/WxPayOrderNotifyResultConverter.java,class,WxPayOrderNotifyResultConverter,converter/wx_pay_order_notify_result_converter.rs
weixin-java-pay,com/github/binarywang/wxpay/example/BusinessOperationTransferExample.java,class,BusinessOperationTransferExample,example/business_operation_transfer_example.rs
weixin-java-pay,com/github/binarywang/wxpay/example/NewTransferApiExample.java,class,NewTransferApiExample,example/new_transfer_api_example.rs
weixin-java-pay,com/github/binarywang/wxpay/exception/WxPayException.java,class,WxPayException,exception/wx_pay_exception.rs
weixin-java-pay,com/github/binarywang/wxpay/exception/WxSignTestException.java,class,WxSignTestException,exception/wx_sign_test_exception.rs
weixin-java-pay,com/github/binarywang/wxpay/service/Apply4SubjectConfirmService.java,interface,Apply4SubjectConfirmService,service/apply4_subject_confirm_service.rs
weixin-java-pay,com/github/binarywang/wxpay/service/Applyment4SubService.java,interface,Applyment4SubService,service/applyment4_sub_service.rs
weixin-java-pay,com/github/binarywang/wxpay/service/BankService.java,interface,BankService,service/bank_service.rs
weixin-java-pay,com/github/binarywang/wxpay/service/BrandMerchantTransferService.java,interface,BrandMerchantTransferService,service/brand_merchant_transfer_service.rs
weixin-java-pay,com/github/binarywang/wxpay/service/BusinessCircleService.java,interface,BusinessCircleService,service/business_circle_service.rs
weixin-java-pay,com/github/binarywang/wxpay/service/BusinessOperationTransferService.java,interface,BusinessOperationTransferService,service/business_operation_transfer_service.rs
weixin-java-pay,com/github/binarywang/wxpay/service/ComplaintService.java,interface,ComplaintService,service/complaint_service.rs
weixin-java-pay,com/github/binarywang/wxpay/service/CustomDeclarationService.java,interface,CustomDeclarationService,service/custom_declaration_service.rs
weixin-java-pay,com/github/binarywang/wxpay/service/EcommerceService.java,interface,EcommerceService,service/ecommerce_service.rs
weixin-java-pay,com/github/binarywang/wxpay/service/EntPayService.java,interface,EntPayService,service/ent_pay_service.rs
weixin-java-pay,com/github/binarywang/wxpay/service/MarketingBusiFavorService.java,interface,MarketingBusiFavorService,service/marketing_busi_favor_service.rs
weixin-java-pay,com/github/binarywang/wxpay/service/MarketingFavorService.java,interface,MarketingFavorService,service/marketing_favor_service.rs
weixin-java-pay,com/github/binarywang/wxpay/service/MarketingMediaService.java,interface,MarketingMediaService,service/marketing_media_service.rs
weixin-java-pay,com/github/binarywang/wxpay/service/MerchantLimitationService.java,interface,MerchantLimitationService,service/merchant_limitation_service.rs
weixin-java-pay,com/github/binarywang/wxpay/service/MerchantMediaService.java,interface,MerchantMediaService,service/merchant_media_service.rs
weixin-java-pay,com/github/binarywang/wxpay/service/MerchantTransferService.java,interface,MerchantTransferService,service/merchant_transfer_service.rs
weixin-java-pay,com/github/binarywang/wxpay/service/MiPayService.java,interface,MiPayService,service/mi_pay_service.rs
weixin-java-pay,com/github/binarywang/wxpay/service/PartnerPayScoreService.java,interface,PartnerPayScoreService,service/partner_pay_score_service.rs
weixin-java-pay,com/github/binarywang/wxpay/service/PartnerPayScoreSignPlanService.java,interface,PartnerPayScoreSignPlanService,service/partner_pay_score_sign_plan_service.rs
weixin-java-pay,com/github/binarywang/wxpay/service/PartnerTransferService.java,interface,PartnerTransferService,service/partner_transfer_service.rs
weixin-java-pay,com/github/binarywang/wxpay/service/PayScoreService.java,interface,PayScoreService,service/pay_score_service.rs
weixin-java-pay,com/github/binarywang/wxpay/service/PayrollService.java,interface,PayrollService,service/payroll_service.rs
weixin-java-pay,com/github/binarywang/wxpay/service/ProfitSharingService.java,interface,ProfitSharingService,service/profit_sharing_service.rs
weixin-java-pay,com/github/binarywang/wxpay/service/RealNameService.java,interface,RealNameService,service/real_name_service.rs
weixin-java-pay,com/github/binarywang/wxpay/service/RedpackService.java,interface,RedpackService,service/redpack_service.rs
weixin-java-pay,com/github/binarywang/wxpay/service/SubscriptionBillingService.java,interface,SubscriptionBillingService,service/subscription_billing_service.rs
weixin-java-pay,com/github/binarywang/wxpay/service/TransferService.java,interface,TransferService,service/transfer_service.rs
weixin-java-pay,com/github/binarywang/wxpay/service/WxDepositService.java,interface,WxDepositService,service/wx_deposit_service.rs
weixin-java-pay,com/github/binarywang/wxpay/service/WxEntrustPapService.java,interface,WxEntrustPapService,service/wx_entrust_pap_service.rs
weixin-java-pay,com/github/binarywang/wxpay/service/WxPayService.java,interface,WxPayService,service/wx_pay_service.rs
weixin-java-pay,com/github/binarywang/wxpay/service/impl/Apply4SubjectConfirmServiceImpl.java,class,Apply4SubjectConfirmServiceImpl,service/impl/apply4_subject_confirm_service_impl.rs
weixin-java-pay,com/github/binarywang/wxpay/service/impl/Applyment4SubServiceImpl.java,class,Applyment4SubServiceImpl,service/impl/applyment4_sub_service_impl.rs
weixin-java-pay,com/github/binarywang/wxpay/service/impl/BankServiceImpl.java,class,BankServiceImpl,service/impl/bank_service_impl.rs
weixin-java-pay,com/github/binarywang/wxpay/service/impl/BaseWxPayServiceImpl.java,class,BaseWxPayServiceImpl,service/impl/base_wx_pay_service_impl.rs
weixin-java-pay,com/github/binarywang/wxpay/service/impl/BrandMerchantTransferServiceImpl.java,class,BrandMerchantTransferServiceImpl,service/impl/brand_merchant_transfer_service_impl.rs
weixin-java-pay,com/github/binarywang/wxpay/service/impl/BusinessCircleServiceImpl.java,class,BusinessCircleServiceImpl,service/impl/business_circle_service_impl.rs
weixin-java-pay,com/github/binarywang/wxpay/service/impl/BusinessOperationTransferServiceImpl.java,class,BusinessOperationTransferServiceImpl,service/impl/business_operation_transfer_service_impl.rs
weixin-java-pay,com/github/binarywang/wxpay/service/impl/ComplaintServiceImpl.java,class,ComplaintServiceImpl,service/impl/complaint_service_impl.rs
weixin-java-pay,com/github/binarywang/wxpay/service/impl/CustomDeclarationServiceImpl.java,class,CustomDeclarationServiceImpl,service/impl/custom_declaration_service_impl.rs
weixin-java-pay,com/github/binarywang/wxpay/service/impl/EcommerceServiceImpl.java,class,EcommerceServiceImpl,service/impl/ecommerce_service_impl.rs
weixin-java-pay,com/github/binarywang/wxpay/service/impl/EntPayServiceImpl.java,class,EntPayServiceImpl,service/impl/ent_pay_service_impl.rs
weixin-java-pay,com/github/binarywang/wxpay/service/impl/MarketingBusiFavorServiceImpl.java,class,MarketingBusiFavorServiceImpl,service/impl/marketing_busi_favor_service_impl.rs
weixin-java-pay,com/github/binarywang/wxpay/service/impl/MarketingFavorServiceImpl.java,class,MarketingFavorServiceImpl,service/impl/marketing_favor_service_impl.rs
weixin-java-pay,com/github/binarywang/wxpay/service/impl/MarketingMediaServiceImpl.java,class,MarketingMediaServiceImpl,service/impl/marketing_media_service_impl.rs
weixin-java-pay,com/github/binarywang/wxpay/service/impl/MerchantLimitationServiceImpl.java,class,MerchantLimitationServiceImpl,service/impl/merchant_limitation_service_impl.rs
weixin-java-pay,com/github/binarywang/wxpay/service/impl/MerchantMediaServiceImpl.java,class,MerchantMediaServiceImpl,service/impl/merchant_media_service_impl.rs
weixin-java-pay,com/github/binarywang/wxpay/service/impl/MerchantTransferServiceImpl.java,class,MerchantTransferServiceImpl,service/impl/merchant_transfer_service_impl.rs
weixin-java-pay,com/github/binarywang/wxpay/service/impl/MiPayServiceImpl.java,class,MiPayServiceImpl,service/impl/mi_pay_service_impl.rs
weixin-java-pay,com/github/binarywang/wxpay/service/impl/PartnerPayScoreServiceImpl.java,class,PartnerPayScoreServiceImpl,service/impl/partner_pay_score_service_impl.rs
weixin-java-pay,com/github/binarywang/wxpay/service/impl/PartnerPayScoreSignPlanServiceImpl.java,class,PartnerPayScoreSignPlanServiceImpl,service/impl/partner_pay_score_sign_plan_service_impl.rs
weixin-java-pay,com/github/binarywang/wxpay/service/impl/PartnerTransferServiceImpl.java,class,PartnerTransferServiceImpl,service/impl/partner_transfer_service_impl.rs
weixin-java-pay,com/github/binarywang/wxpay/service/impl/PayScoreServiceImpl.java,class,PayScoreServiceImpl,service/impl/pay_score_service_impl.rs
weixin-java-pay,com/github/binarywang/wxpay/service/impl/PayrollServiceImpl.java,class,PayrollServiceImpl,service/impl/payroll_service_impl.rs
weixin-java-pay,com/github/binarywang/wxpay/service/impl/ProfitSharingServiceImpl.java,class,ProfitSharingServiceImpl,service/impl/profit_sharing_service_impl.rs
weixin-java-pay,com/github/binarywang/wxpay/service/impl/RealNameServiceImpl.java,class,RealNameServiceImpl,service/impl/real_name_service_impl.rs
weixin-java-pay,com/github/binarywang/wxpay/service/impl/RedpackServiceImpl.java,class,RedpackServiceImpl,service/impl/redpack_service_impl.rs
weixin-java-pay,com/github/binarywang/wxpay/service/impl/SubscriptionBillingServiceImpl.java,class,SubscriptionBillingServiceImpl,service/impl/subscription_billing_service_impl.rs
weixin-java-pay,com/github/binarywang/wxpay/service/impl/TransferServiceImpl.java,class,TransferServiceImpl,service/impl/transfer_service_impl.rs
weixin-java-pay,com/github/binarywang/wxpay/service/impl/WxDepositServiceImpl.java,class,WxDepositServiceImpl,service/impl/wx_deposit_service_impl.rs
weixin-java-pay,com/github/binarywang/wxpay/service/impl/WxEntrustPapServiceImpl.java,class,WxEntrustPapServiceImpl,service/impl/wx_entrust_pap_service_impl.rs
weixin-java-pay,com/github/binarywang/wxpay/service/impl/WxPayServiceApacheHttpImpl.java,class,WxPayServiceApacheHttpImpl,service/impl/wx_pay_service_apache_http_impl.rs
weixin-java-pay,com/github/binarywang/wxpay/service/impl/WxPayServiceHttpComponentsImpl.java,class,WxPayServiceHttpComponentsImpl,service/impl/wx_pay_service_http_components_impl.rs
weixin-java-pay,com/github/binarywang/wxpay/service/impl/WxPayServiceImpl.java,class,WxPayServiceImpl,service/impl/wx_pay_service_impl.rs
weixin-java-pay,com/github/binarywang/wxpay/service/impl/WxPayServiceJoddHttpImpl.java,class,WxPayServiceJoddHttpImpl,service/impl/wx_pay_service_jodd_http_impl.rs
weixin-java-pay,com/github/binarywang/wxpay/util/HttpProxyUtils.java,class,HttpProxyUtils,util/http_proxy_utils.rs
weixin-java-pay,com/github/binarywang/wxpay/util/RequestUtils.java,class,RequestUtils,util/request_utils.rs
weixin-java-pay,com/github/binarywang/wxpay/util/ResourcesUtils.java,class,ResourcesUtils,util/resources_utils.rs
weixin-java-pay,com/github/binarywang/wxpay/util/SignUtils.java,class,SignUtils,util/sign_utils.rs
weixin-java-pay,com/github/binarywang/wxpay/util/XmlConfig.java,class,XmlConfig,util/xml_config.rs
weixin-java-pay,com/github/binarywang/wxpay/util/ZipUtils.java,class,ZipUtils,util/zip_utils.rs
weixin-java-pay,com/github/binarywang/wxpay/v3/Credentials.java,interface,Credentials,v3/credentials.rs
weixin-java-pay,com/github/binarywang/wxpay/v3/SignatureExec.java,class,SignatureExec,v3/signature_exec.rs
weixin-java-pay,com/github/binarywang/wxpay/v3/SpecEncrypt.java,annotation,SpecEncrypt,v3/spec_encrypt.rs
weixin-java-pay,com/github/binarywang/wxpay/v3/Validator.java,interface,Validator,v3/validator.rs
weixin-java-pay,com/github/binarywang/wxpay/v3/WechatPayUploadHttpPost.java,class,WechatPayUploadHttpPost,v3/wechat_pay_upload_http_post.rs
weixin-java-pay,com/github/binarywang/wxpay/v3/WxPayV3DownloadHttpGet.java,class,WxPayV3DownloadHttpGet,v3/wx_pay_v3_download_http_get.rs
weixin-java-pay,com/github/binarywang/wxpay/v3/WxPayV3HttpClientBuilder.java,class,WxPayV3HttpClientBuilder,v3/wx_pay_v3_http_client_builder.rs
weixin-java-pay,com/github/binarywang/wxpay/v3/auth/AutoUpdateCertificatesVerifier.java,class,AutoUpdateCertificatesVerifier,v3/auth/auto_update_certificates_verifier.rs
weixin-java-pay,com/github/binarywang/wxpay/v3/auth/CertificatesVerifier.java,class,CertificatesVerifier,v3/auth/certificates_verifier.rs
weixin-java-pay,com/github/binarywang/wxpay/v3/auth/PrivateKeySigner.java,class,PrivateKeySigner,v3/auth/private_key_signer.rs
weixin-java-pay,com/github/binarywang/wxpay/v3/auth/PublicCertificateVerifier.java,class,PublicCertificateVerifier,v3/auth/public_certificate_verifier.rs
weixin-java-pay,com/github/binarywang/wxpay/v3/auth/Signer.java,interface,Signer,v3/auth/signer.rs
weixin-java-pay,com/github/binarywang/wxpay/v3/auth/Verifier.java,interface,Verifier,v3/auth/verifier.rs
weixin-java-pay,com/github/binarywang/wxpay/v3/auth/WxPayCredentials.java,class,WxPayCredentials,v3/auth/wx_pay_credentials.rs
weixin-java-pay,com/github/binarywang/wxpay/v3/auth/WxPayValidator.java,class,WxPayValidator,v3/auth/wx_pay_validator.rs
weixin-java-pay,com/github/binarywang/wxpay/v3/auth/X509PublicCertificate.java,class,X509PublicCertificate,v3/auth/x509_public_certificate.rs
weixin-java-pay,com/github/binarywang/wxpay/v3/util/AesUtils.java,class,AesUtils,v3/util/aes_utils.rs
weixin-java-pay,com/github/binarywang/wxpay/v3/util/PemUtils.java,class,PemUtils,v3/util/pem_utils.rs
weixin-java-pay,com/github/binarywang/wxpay/v3/util/RsaCryptoUtil.java,class,RsaCryptoUtil,v3/util/rsa_crypto_util.rs
weixin-java-pay,com/github/binarywang/wxpay/v3/util/SignUtils.java,class,SignUtils,v3/util/sign_utils.rs
weixin-java-cp,me/chanjar/weixin/cp/api/WxCpAgentService.java,interface,WxCpAgentService,api/wx_cp_agent_service.rs
weixin-java-cp,me/chanjar/weixin/cp/api/WxCpAgentWorkBenchService.java,interface,WxCpAgentWorkBenchService,api/wx_cp_agent_work_bench_service.rs
weixin-java-cp,me/chanjar/weixin/cp/api/WxCpChatService.java,interface,WxCpChatService,api/wx_cp_chat_service.rs
weixin-java-cp,me/chanjar/weixin/cp/api/WxCpCorpGroupService.java,interface,WxCpCorpGroupService,api/wx_cp_corp_group_service.rs
weixin-java-cp,me/chanjar/weixin/cp/api/WxCpDepartmentService.java,interface,WxCpDepartmentService,api/wx_cp_department_service.rs
weixin-java-cp,me/chanjar/weixin/cp/api/WxCpExportService.java,interface,WxCpExportService,api/wx_cp_export_service.rs
weixin-java-cp,me/chanjar/weixin/cp/api/WxCpExternalContactService.java,interface,WxCpExternalContactService,api/wx_cp_external_contact_service.rs
weixin-java-cp,me/chanjar/weixin/cp/api/WxCpGroupRobotService.java,interface,WxCpGroupRobotService,api/wx_cp_group_robot_service.rs
weixin-java-cp,me/chanjar/weixin/cp/api/WxCpHrService.java,interface,WxCpHrService,api/wx_cp_hr_service.rs
weixin-java-cp,me/chanjar/weixin/cp/api/WxCpIntelligentRobotService.java,interface,WxCpIntelligentRobotService,api/wx_cp_intelligent_robot_service.rs
weixin-java-cp,me/chanjar/weixin/cp/api/WxCpKfService.java,interface,WxCpKfService,api/wx_cp_kf_service.rs
weixin-java-cp,me/chanjar/weixin/cp/api/WxCpLivingService.java,interface,WxCpLivingService,api/wx_cp_living_service.rs
weixin-java-cp,me/chanjar/weixin/cp/api/WxCpMediaService.java,interface,WxCpMediaService,api/wx_cp_media_service.rs
weixin-java-cp,me/chanjar/weixin/cp/api/WxCpMeetingService.java,interface,WxCpMeetingService,api/wx_cp_meeting_service.rs
weixin-java-cp,me/chanjar/weixin/cp/api/WxCpMenuService.java,interface,WxCpMenuService,api/wx_cp_menu_service.rs
weixin-java-cp,me/chanjar/weixin/cp/api/WxCpMessageService.java,interface,WxCpMessageService,api/wx_cp_message_service.rs
weixin-java-cp,me/chanjar/weixin/cp/api/WxCpMsgAuditService.java,interface,WxCpMsgAuditService,api/wx_cp_msg_audit_service.rs
weixin-java-cp,me/chanjar/weixin/cp/api/WxCpOAuth2Service.java,interface,WxCpOAuth2Service,api/wx_cp_o_auth2_service.rs
weixin-java-cp,me/chanjar/weixin/cp/api/WxCpOaAgentService.java,interface,WxCpOaAgentService,api/wx_cp_oa_agent_service.rs
weixin-java-cp,me/chanjar/weixin/cp/api/WxCpOaCalendarService.java,interface,WxCpOaCalendarService,api/wx_cp_oa_calendar_service.rs
weixin-java-cp,me/chanjar/weixin/cp/api/WxCpOaMailService.java,interface,WxCpOaMailService,api/wx_cp_oa_mail_service.rs
weixin-java-cp,me/chanjar/weixin/cp/api/WxCpOaMeetingRoomService.java,interface,WxCpOaMeetingRoomService,api/wx_cp_oa_meeting_room_service.rs
weixin-java-cp,me/chanjar/weixin/cp/api/WxCpOaScheduleService.java,interface,WxCpOaScheduleService,api/wx_cp_oa_schedule_service.rs
weixin-java-cp,me/chanjar/weixin/cp/api/WxCpOaService.java,interface,WxCpOaService,api/wx_cp_oa_service.rs
weixin-java-cp,me/chanjar/weixin/cp/api/WxCpOaWeDocService.java,interface,WxCpOaWeDocService,api/wx_cp_oa_we_doc_service.rs
weixin-java-cp,me/chanjar/weixin/cp/api/WxCpOaWeDriveService.java,interface,WxCpOaWeDriveService,api/wx_cp_oa_we_drive_service.rs
weixin-java-cp,me/chanjar/weixin/cp/api/WxCpSchoolHealthService.java,interface,WxCpSchoolHealthService,api/wx_cp_school_health_service.rs
weixin-java-cp,me/chanjar/weixin/cp/api/WxCpSchoolService.java,interface,WxCpSchoolService,api/wx_cp_school_service.rs
weixin-java-cp,me/chanjar/weixin/cp/api/WxCpSchoolUserService.java,interface,WxCpSchoolUserService,api/wx_cp_school_user_service.rs
weixin-java-cp,me/chanjar/weixin/cp/api/WxCpService.java,interface,WxCpService,api/wx_cp_service.rs
weixin-java-cp,me/chanjar/weixin/cp/api/WxCpTagService.java,interface,WxCpTagService,api/wx_cp_tag_service.rs
weixin-java-cp,me/chanjar/weixin/cp/api/WxCpTaskCardService.java,interface,WxCpTaskCardService,api/wx_cp_task_card_service.rs
weixin-java-cp,me/chanjar/weixin/cp/api/WxCpUserService.java,interface,WxCpUserService,api/wx_cp_user_service.rs
weixin-java-cp,me/chanjar/weixin/cp/api/impl/BaseWxCpServiceImpl.java,class,BaseWxCpServiceImpl,api/impl/base_wx_cp_service_impl.rs
weixin-java-cp,me/chanjar/weixin/cp/api/impl/WxCpAgentServiceImpl.java,class,WxCpAgentServiceImpl,api/impl/wx_cp_agent_service_impl.rs
weixin-java-cp,me/chanjar/weixin/cp/api/impl/WxCpAgentWorkBenchServiceImpl.java,class,WxCpAgentWorkBenchServiceImpl,api/impl/wx_cp_agent_work_bench_service_impl.rs
weixin-java-cp,me/chanjar/weixin/cp/api/impl/WxCpChatServiceImpl.java,class,WxCpChatServiceImpl,api/impl/wx_cp_chat_service_impl.rs
weixin-java-cp,me/chanjar/weixin/cp/api/impl/WxCpCorpGroupServiceImpl.java,class,WxCpCorpGroupServiceImpl,api/impl/wx_cp_corp_group_service_impl.rs
weixin-java-cp,me/chanjar/weixin/cp/api/impl/WxCpDepartmentServiceImpl.java,class,WxCpDepartmentServiceImpl,api/impl/wx_cp_department_service_impl.rs
weixin-java-cp,me/chanjar/weixin/cp/api/impl/WxCpExportServiceImpl.java,class,WxCpExportServiceImpl,api/impl/wx_cp_export_service_impl.rs
weixin-java-cp,me/chanjar/weixin/cp/api/impl/WxCpExternalContactServiceImpl.java,class,WxCpExternalContactServiceImpl,api/impl/wx_cp_external_contact_service_impl.rs
weixin-java-cp,me/chanjar/weixin/cp/api/impl/WxCpGroupRobotServiceImpl.java,class,WxCpGroupRobotServiceImpl,api/impl/wx_cp_group_robot_service_impl.rs
weixin-java-cp,me/chanjar/weixin/cp/api/impl/WxCpHrServiceImpl.java,class,WxCpHrServiceImpl,api/impl/wx_cp_hr_service_impl.rs
weixin-java-cp,me/chanjar/weixin/cp/api/impl/WxCpIntelligentRobotServiceImpl.java,class,WxCpIntelligentRobotServiceImpl,api/impl/wx_cp_intelligent_robot_service_impl.rs
weixin-java-cp,me/chanjar/weixin/cp/api/impl/WxCpKfServiceImpl.java,class,WxCpKfServiceImpl,api/impl/wx_cp_kf_service_impl.rs
weixin-java-cp,me/chanjar/weixin/cp/api/impl/WxCpLivingServiceImpl.java,class,WxCpLivingServiceImpl,api/impl/wx_cp_living_service_impl.rs
weixin-java-cp,me/chanjar/weixin/cp/api/impl/WxCpMediaServiceImpl.java,class,WxCpMediaServiceImpl,api/impl/wx_cp_media_service_impl.rs
weixin-java-cp,me/chanjar/weixin/cp/api/impl/WxCpMeetingServiceImpl.java,class,WxCpMeetingServiceImpl,api/impl/wx_cp_meeting_service_impl.rs
weixin-java-cp,me/chanjar/weixin/cp/api/impl/WxCpMenuServiceImpl.java,class,WxCpMenuServiceImpl,api/impl/wx_cp_menu_service_impl.rs
weixin-java-cp,me/chanjar/weixin/cp/api/impl/WxCpMessageServiceImpl.java,class,WxCpMessageServiceImpl,api/impl/wx_cp_message_service_impl.rs
weixin-java-cp,me/chanjar/weixin/cp/api/impl/WxCpMsgAuditServiceImpl.java,class,WxCpMsgAuditServiceImpl,api/impl/wx_cp_msg_audit_service_impl.rs
weixin-java-cp,me/chanjar/weixin/cp/api/impl/WxCpOAuth2ServiceImpl.java,class,WxCpOAuth2ServiceImpl,api/impl/wx_cp_o_auth2_service_impl.rs
weixin-java-cp,me/chanjar/weixin/cp/api/impl/WxCpOMailServiceImpl.java,class,WxCpOMailServiceImpl,api/impl/wx_cp_o_mail_service_impl.rs
weixin-java-cp,me/chanjar/weixin/cp/api/impl/WxCpOaAgentServiceImpl.java,class,WxCpOaAgentServiceImpl,api/impl/wx_cp_oa_agent_service_impl.rs
weixin-java-cp,me/chanjar/weixin/cp/api/impl/WxCpOaCalendarServiceImpl.java,class,WxCpOaCalendarServiceImpl,api/impl/wx_cp_oa_calendar_service_impl.rs
weixin-java-cp,me/chanjar/weixin/cp/api/impl/WxCpOaMeetingRoomServiceImpl.java,class,WxCpOaMeetingRoomServiceImpl,api/impl/wx_cp_oa_meeting_room_service_impl.rs
weixin-java-cp,me/chanjar/weixin/cp/api/impl/WxCpOaOaScheduleServiceImpl.java,class,WxCpOaOaScheduleServiceImpl,api/impl/wx_cp_oa_oa_schedule_service_impl.rs
weixin-java-cp,me/chanjar/weixin/cp/api/impl/WxCpOaServiceImpl.java,class,WxCpOaServiceImpl,api/impl/wx_cp_oa_service_impl.rs
weixin-java-cp,me/chanjar/weixin/cp/api/impl/WxCpOaWeDocServiceImpl.java,class,WxCpOaWeDocServiceImpl,api/impl/wx_cp_oa_we_doc_service_impl.rs
weixin-java-cp,me/chanjar/weixin/cp/api/impl/WxCpOaWeDriveServiceImpl.java,class,WxCpOaWeDriveServiceImpl,api/impl/wx_cp_oa_we_drive_service_impl.rs
weixin-java-cp,me/chanjar/weixin/cp/api/impl/WxCpSchoolHealthServiceImpl.java,class,WxCpSchoolHealthServiceImpl,api/impl/wx_cp_school_health_service_impl.rs
weixin-java-cp,me/chanjar/weixin/cp/api/impl/WxCpSchoolServiceImpl.java,class,WxCpSchoolServiceImpl,api/impl/wx_cp_school_service_impl.rs
weixin-java-cp,me/chanjar/weixin/cp/api/impl/WxCpSchoolUserServiceImpl.java,class,WxCpSchoolUserServiceImpl,api/impl/wx_cp_school_user_service_impl.rs
weixin-java-cp,me/chanjar/weixin/cp/api/impl/WxCpServiceApacheHttpClientImpl.java,class,WxCpServiceApacheHttpClientImpl,api/impl/wx_cp_service_apache_http_client_impl.rs
weixin-java-cp,me/chanjar/weixin/cp/api/impl/WxCpServiceHttpComponentsImpl.java,class,WxCpServiceHttpComponentsImpl,api/impl/wx_cp_service_http_components_impl.rs
weixin-java-cp,me/chanjar/weixin/cp/api/impl/WxCpServiceImpl.java,class,WxCpServiceImpl,api/impl/wx_cp_service_impl.rs
weixin-java-cp,me/chanjar/weixin/cp/api/impl/WxCpServiceJoddHttpImpl.java,class,WxCpServiceJoddHttpImpl,api/impl/wx_cp_service_jodd_http_impl.rs
weixin-java-cp,me/chanjar/weixin/cp/api/impl/WxCpServiceOkHttpImpl.java,class,WxCpServiceOkHttpImpl,api/impl/wx_cp_service_ok_http_impl.rs
weixin-java-cp,me/chanjar/weixin/cp/api/impl/WxCpServiceOnTpImpl.java,class,WxCpServiceOnTpImpl,api/impl/wx_cp_service_on_tp_impl.rs
weixin-java-cp,me/chanjar/weixin/cp/api/impl/WxCpTagServiceImpl.java,class,WxCpTagServiceImpl,api/impl/wx_cp_tag_service_impl.rs
weixin-java-cp,me/chanjar/weixin/cp/api/impl/WxCpTaskCardServiceImpl.java,class,WxCpTaskCardServiceImpl,api/impl/wx_cp_task_card_service_impl.rs
weixin-java-cp,me/chanjar/weixin/cp/api/impl/WxCpUserServiceImpl.java,class,WxCpUserServiceImpl,api/impl/wx_cp_user_service_impl.rs
weixin-java-cp,me/chanjar/weixin/cp/bean/Gender.java,enum,Gender,bean/gender.rs
weixin-java-cp,me/chanjar/weixin/cp/bean/WxCpAgent.java,class,WxCpAgent,bean/wx_cp_agent.rs
weixin-java-cp,me/chanjar/weixin/cp/bean/WxCpAgentJsapiSignature.java,class,WxCpAgentJsapiSignature,bean/wx_cp_agent_jsapi_signature.rs
weixin-java-cp,me/chanjar/weixin/cp/bean/WxCpAgentWorkBench.java,class,WxCpAgentWorkBench,bean/wx_cp_agent_work_bench.rs
weixin-java-cp,me/chanjar/weixin/cp/bean/WxCpBaseResp.java,class,WxCpBaseResp,bean/wx_cp_base_resp.rs
weixin-java-cp,me/chanjar/weixin/cp/bean/WxCpChat.java,class,WxCpChat,bean/wx_cp_chat.rs
weixin-java-cp,me/chanjar/weixin/cp/bean/WxCpDepart.java,class,WxCpDepart,bean/wx_cp_depart.rs
weixin-java-cp,me/chanjar/weixin/cp/bean/WxCpInviteResult.java,class,WxCpInviteResult,bean/wx_cp_invite_result.rs
weixin-java-cp,me/chanjar/weixin/cp/bean/WxCpMaJsCode2SessionResult.java,class,WxCpMaJsCode2SessionResult,bean/wx_cp_ma_js_code2_session_result.rs
weixin-java-cp,me/chanjar/weixin/cp/bean/WxCpOauth2UserInfo.java,class,WxCpOauth2UserInfo,bean/wx_cp_oauth2_user_info.rs
weixin-java-cp,me/chanjar/weixin/cp/bean/WxCpOpenUseridToUserid.java,class,WxCpOpenUseridToUserid,bean/wx_cp_open_userid_to_userid.rs
weixin-java-cp,me/chanjar/weixin/cp/bean/WxCpOpenUseridToUseridResult.java,class,WxCpOpenUseridToUseridResult,bean/wx_cp_open_userid_to_userid_result.rs
weixin-java-cp,me/chanjar/weixin/cp/bean/WxCpProviderToken.java,class,WxCpProviderToken,bean/wx_cp_provider_token.rs
weixin-java-cp,me/chanjar/weixin/cp/bean/WxCpTag.java,class,WxCpTag,bean/wx_cp_tag.rs
weixin-java-cp,me/chanjar/weixin/cp/bean/WxCpTagAddOrRemoveUsersResult.java,class,WxCpTagAddOrRemoveUsersResult,bean/wx_cp_tag_add_or_remove_users_result.rs
weixin-java-cp,me/chanjar/weixin/cp/bean/WxCpTagGetResult.java,class,WxCpTagGetResult,bean/wx_cp_tag_get_result.rs
weixin-java-cp,me/chanjar/weixin/cp/bean/WxCpTaskCardUpdateResult.java,class,WxCpTaskCardUpdateResult,bean/wx_cp_task_card_update_result.rs
weixin-java-cp,me/chanjar/weixin/cp/bean/WxCpTpAdmin.java,class,WxCpTpAdmin,bean/wx_cp_tp_admin.rs
weixin-java-cp,me/chanjar/weixin/cp/bean/WxCpTpAppQrcode.java,class,WxCpTpAppQrcode,bean/wx_cp_tp_app_qrcode.rs
weixin-java-cp,me/chanjar/weixin/cp/bean/WxCpTpAuthInfo.java,class,WxCpTpAuthInfo,bean/wx_cp_tp_auth_info.rs
weixin-java-cp,me/chanjar/weixin/cp/bean/WxCpTpContactSearch.java,class,WxCpTpContactSearch,bean/wx_cp_tp_contact_search.rs
weixin-java-cp,me/chanjar/weixin/cp/bean/WxCpTpContactSearchResp.java,class,WxCpTpContactSearchResp,bean/wx_cp_tp_contact_search_resp.rs
weixin-java-cp,me/chanjar/weixin/cp/bean/WxCpTpConvertTmpExternalUserIdResult.java,class,WxCpTpConvertTmpExternalUserIdResult,bean/wx_cp_tp_convert_tmp_external_user_id_result.rs
weixin-java-cp,me/chanjar/weixin/cp/bean/WxCpTpCorp.java,class,WxCpTpCorp,bean/wx_cp_tp_corp.rs
weixin-java-cp,me/chanjar/weixin/cp/bean/WxCpTpCorpId2OpenCorpId.java,class,WxCpTpCorpId2OpenCorpId,bean/wx_cp_tp_corp_id2_open_corp_id.rs
weixin-java-cp,me/chanjar/weixin/cp/bean/WxCpTpCustomizedAppDetail.java,class,WxCpTpCustomizedAppDetail,bean/wx_cp_tp_customized_app_detail.rs
weixin-java-cp,me/chanjar/weixin/cp/bean/WxCpTpDepart.java,class,WxCpTpDepart,bean/wx_cp_tp_depart.rs
weixin-java-cp,me/chanjar/weixin/cp/bean/WxCpTpOpenKfIdConvertResult.java,class,WxCpTpOpenKfIdConvertResult,bean/wx_cp_tp_open_kf_id_convert_result.rs
weixin-java-cp,me/chanjar/weixin/cp/bean/WxCpTpPermanentCodeInfo.java,class,WxCpTpPermanentCodeInfo,bean/wx_cp_tp_permanent_code_info.rs
weixin-java-cp,me/chanjar/weixin/cp/bean/WxCpTpPreauthCode.java,class,WxCpTpPreauthCode,bean/wx_cp_tp_preauth_code.rs
weixin-java-cp,me/chanjar/weixin/cp/bean/WxCpTpProlongTryResult.java,class,WxCpTpProlongTryResult,bean/wx_cp_tp_prolong_try_result.rs
weixin-java-cp,me/chanjar/weixin/cp/bean/WxCpTpTag.java,class,WxCpTpTag,bean/wx_cp_tp_tag.rs
weixin-java-cp,me/chanjar/weixin/cp/bean/WxCpTpTagAddOrRemoveUsersResult.java,class,WxCpTpTagAddOrRemoveUsersResult,bean/wx_cp_tp_tag_add_or_remove_users_result.rs
weixin-java-cp,me/chanjar/weixin/cp/bean/WxCpTpTagGetResult.java,class,WxCpTpTagGetResult,bean/wx_cp_tp_tag_get_result.rs
weixin-java-cp,me/chanjar/weixin/cp/bean/WxCpTpTagIdListConvertResult.java,class,WxCpTpTagIdListConvertResult,bean/wx_cp_tp_tag_id_list_convert_result.rs
weixin-java-cp,me/chanjar/weixin/cp/bean/WxCpTpTemplateList.java,class,WxCpTpTemplateList,bean/wx_cp_tp_template_list.rs
weixin-java-cp,me/chanjar/weixin/cp/bean/WxCpTpUnionidToExternalUseridResult.java,class,WxCpTpUnionidToExternalUseridResult,bean/wx_cp_tp_unionid_to_external_userid_result.rs
weixin-java-cp,me/chanjar/weixin/cp/bean/WxCpTpUserDetail.java,class,WxCpTpUserDetail,bean/wx_cp_tp_user_detail.rs
weixin-java-cp,me/chanjar/weixin/cp/bean/WxCpTpUserInfo.java,class,WxCpTpUserInfo,bean/wx_cp_tp_user_info.rs
weixin-java-cp,me/chanjar/weixin/cp/bean/WxCpTpXmlPackage.java,class,WxCpTpXmlPackage,bean/wx_cp_tp_xml_package.rs
weixin-java-cp,me/chanjar/weixin/cp/bean/WxCpUser.java,class,WxCpUser,bean/wx_cp_user.rs
weixin-java-cp,me/chanjar/weixin/cp/bean/WxCpUserDetail.java,class,WxCpUserDetail,bean/wx_cp_user_detail.rs
weixin-java-cp,me/chanjar/weixin/cp/bean/WxCpUserExternalContactInfo.java,class,WxCpUserExternalContactInfo,bean/wx_cp_user_external_contact_info.rs
weixin-java-cp,me/chanjar/weixin/cp/bean/WxCpUseridToOpenUserid.java,class,WxCpUseridToOpenUserid,bean/wx_cp_userid_to_open_userid.rs
weixin-java-cp,me/chanjar/weixin/cp/bean/WxCpUseridToOpenUseridResult.java,class,WxCpUseridToOpenUseridResult,bean/wx_cp_userid_to_open_userid_result.rs
weixin-java-cp,me/chanjar/weixin/cp/bean/WxTpCustomizedAuthUrl.java,class,WxTpCustomizedAuthUrl,bean/wx_tp_customized_auth_url.rs
weixin-java-cp,me/chanjar/weixin/cp/bean/WxTpLoginInfo.java,class,WxTpLoginInfo,bean/wx_tp_login_info.rs
weixin-java-cp,me/chanjar/weixin/cp/bean/article/MpnewsArticle.java,class,MpnewsArticle,bean/article/mpnews_article.rs
weixin-java-cp,me/chanjar/weixin/cp/bean/article/NewArticle.java,class,NewArticle,bean/article/new_article.rs
weixin-java-cp,me/chanjar/weixin/cp/bean/corpgroup/WxCpCorpGroupCorp.java,class,WxCpCorpGroupCorp,bean/corpgroup/wx_cp_corp_group_corp.rs
weixin-java-cp,me/chanjar/weixin/cp/bean/corpgroup/WxCpCorpGroupCorpGetTokenReq.java,class,WxCpCorpGroupCorpGetTokenReq,bean/corpgroup/wx_cp_corp_group_corp_get_token_req.rs
weixin-java-cp,me/chanjar/weixin/cp/bean/corpgroup/WxCpCorpGroupCorpListAppShareInfoResp.java,class,WxCpCorpGroupCorpListAppShareInfoResp,bean/corpgroup/wx_cp_corp_group_corp_list_app_share_info_resp.rs
weixin-java-cp,me/chanjar/weixin/cp/bean/corpgroup/WxCpCorpGroupCorpToken.java,class,WxCpCorpGroupCorpToken,bean/corpgroup/wx_cp_corp_group_corp_token.rs
weixin-java-cp,me/chanjar/weixin/cp/bean/corpgroup/WxCpMaTransferSession.java,class,WxCpMaTransferSession,bean/corpgroup/wx_cp_ma_transfer_session.rs
weixin-java-cp,me/chanjar/weixin/cp/bean/export/WxCpExportRequest.java,class,WxCpExportRequest,bean/export/wx_cp_export_request.rs
weixin-java-cp,me/chanjar/weixin/cp/bean/export/WxCpExportResult.java,class,WxCpExportResult,bean/export/wx_cp_export_result.rs
weixin-java-cp,me/chanjar/weixin/cp/bean/external/WxCpAddMomentResult.java,class,WxCpAddMomentResult,bean/external/wx_cp_add_moment_result.rs
weixin-java-cp,me/chanjar/weixin/cp/bean/external/WxCpAddMomentTask.java,class,WxCpAddMomentTask,bean/external/wx_cp_add_moment_task.rs
weixin-java-cp,me/chanjar/weixin/cp/bean/external/WxCpContactWayInfo.java,class,WxCpContactWayInfo,bean/external/wx_cp_contact_way_info.rs
weixin-java-cp,me/chanjar/weixin/cp/bean/external/WxCpContactWayList.java,class,WxCpContactWayList,bean/external/wx_cp_contact_way_list.rs
weixin-java-cp,me/chanjar/weixin/cp/bean/external/WxCpContactWayResult.java,class,WxCpContactWayResult,bean/external/wx_cp_contact_way_result.rs
weixin-java-cp,me/chanjar/weixin/cp/bean/external/WxCpExternalUserIdList.java,class,WxCpExternalUserIdList,bean/external/wx_cp_external_user_id_list.rs
weixin-java-cp,me/chanjar/weixin/cp/bean/external/WxCpGetMomentComments.java,class,WxCpGetMomentComments,bean/external/wx_cp_get_moment_comments.rs
weixin-java-cp,me/chanjar/weixin/cp/bean/external/WxCpGetMomentCustomerList.java,class,WxCpGetMomentCustomerList,bean/external/wx_cp_get_moment_customer_list.rs
weixin-java-cp,me/chanjar/weixin/cp/bean/external/WxCpGetMomentList.java,class,WxCpGetMomentList,bean/external/wx_cp_get_moment_list.rs
weixin-java-cp,me/chanjar/weixin/cp/bean/external/WxCpGetMomentSendResult.java,class,WxCpGetMomentSendResult,bean/external/wx_cp_get_moment_send_result.rs
weixin-java-cp,me/chanjar/weixin/cp/bean/external/WxCpGetMomentTask.java,class,WxCpGetMomentTask,bean/external/wx_cp_get_moment_task.rs
weixin-java-cp,me/chanjar/weixin/cp/bean/external/WxCpGetMomentTaskResult.java,class,WxCpGetMomentTaskResult,bean/external/wx_cp_get_moment_task_result.rs
weixin-java-cp,me/chanjar/weixin/cp/bean/external/WxCpGroupJoinWayInfo.java,class,WxCpGroupJoinWayInfo,bean/external/wx_cp_group_join_way_info.rs
weixin-java-cp,me/chanjar/weixin/cp/bean/external/WxCpGroupJoinWayResult.java,class,WxCpGroupJoinWayResult,bean/external/wx_cp_group_join_way_result.rs
weixin-java-cp,me/chanjar/weixin/cp/bean/external/WxCpGroupWelcomeTemplateResult.java,class,WxCpGroupWelcomeTemplateResult,bean/external/wx_cp_group_welcome_template_result.rs
weixin-java-cp,me/chanjar/weixin/cp/bean/external/WxCpMsgTemplate.java,class,WxCpMsgTemplate,bean/external/wx_cp_msg_template.rs
weixin-java-cp,me/chanjar/weixin/cp/bean/external/WxCpMsgTemplateAddResult.java,class,WxCpMsgTemplateAddResult,bean/external/wx_cp_msg_template_add_result.rs
weixin-java-cp,me/chanjar/weixin/cp/bean/external/WxCpNewExternalUserIdList.java,class,WxCpNewExternalUserIdList,bean/external/wx_cp_new_external_user_id_list.rs
weixin-java-cp,me/chanjar/weixin/cp/bean/external/WxCpProductAlbumInfo.java,class,WxCpProductAlbumInfo,bean/external/wx_cp_product_album_info.rs
weixin-java-cp,me/chanjar/weixin/cp/bean/external/WxCpProductAlbumListResult.java,class,WxCpProductAlbumListResult,bean/external/wx_cp_product_album_list_result.rs
weixin-java-cp,me/chanjar/weixin/cp/bean/external/WxCpProductAlbumResult.java,class,WxCpProductAlbumResult,bean/external/wx_cp_product_album_result.rs
weixin-java-cp,me/chanjar/weixin/cp/bean/external/WxCpUpdateRemarkRequest.java,class,WxCpUpdateRemarkRequest,bean/external/wx_cp_update_remark_request.rs
weixin-java-cp,me/chanjar/weixin/cp/bean/external/WxCpUserExternalContactList.java,class,WxCpUserExternalContactList,bean/external/wx_cp_user_external_contact_list.rs
weixin-java-cp,me/chanjar/weixin/cp/bean/external/WxCpUserExternalGroupChatInfo.java,class,WxCpUserExternalGroupChatInfo,bean/external/wx_cp_user_external_group_chat_info.rs
weixin-java-cp,me/chanjar/weixin/cp/bean/external/WxCpUserExternalGroupChatList.java,class,WxCpUserExternalGroupChatList,bean/external/wx_cp_user_external_group_chat_list.rs
weixin-java-cp,me/chanjar/weixin/cp/bean/external/WxCpUserExternalGroupChatStatistic.java,class,WxCpUserExternalGroupChatStatistic,bean/external/wx_cp_user_external_group_chat_statistic.rs
weixin-java-cp,me/chanjar/weixin/cp/bean/external/WxCpUserExternalGroupChatTransferResp.java,class,WxCpUserExternalGroupChatTransferResp,bean/external/wx_cp_user_external_group_chat_transfer_resp.rs
weixin-java-cp,me/chanjar/weixin/cp/bean/external/WxCpUserExternalTagGroupInfo.java,class,WxCpUserExternalTagGroupInfo,bean/external/wx_cp_user_external_tag_group_info.rs
weixin-java-cp,me/chanjar/weixin/cp/bean/external/WxCpUserExternalTagGroupList.java,class,WxCpUserExternalTagGroupList,bean/external/wx_cp_user_external_tag_group_list.rs
weixin-java-cp,me/chanjar/weixin/cp/bean/external/WxCpUserExternalUnassignList.java,class,WxCpUserExternalUnassignList,bean/external/wx_cp_user_external_unassign_list.rs
weixin-java-cp,me/chanjar/weixin/cp/bean/external/WxCpUserExternalUserBehaviorStatistic.java,class,WxCpUserExternalUserBehaviorStatistic,bean/external/wx_cp_user_external_user_behavior_statistic.rs
weixin-java-cp,me/chanjar/weixin/cp/bean/external/WxCpUserTransferCustomerReq.java,class,WxCpUserTransferCustomerReq,bean/external/wx_cp_user_transfer_customer_req.rs
weixin-java-cp,me/chanjar/weixin/cp/bean/external/WxCpUserTransferCustomerResp.java,class,WxCpUserTransferCustomerResp,bean/external/wx_cp_user_transfer_customer_resp.rs
weixin-java-cp,me/chanjar/weixin/cp/bean/external/WxCpUserTransferResultResp.java,class,WxCpUserTransferResultResp,bean/external/wx_cp_user_transfer_result_resp.rs
weixin-java-cp,me/chanjar/weixin/cp/bean/external/WxCpUserWithExternalPermission.java,class,WxCpUserWithExternalPermission,bean/external/wx_cp_user_with_external_permission.rs
weixin-java-cp,me/chanjar/weixin/cp/bean/external/WxCpWelcomeMsg.java,class,WxCpWelcomeMsg,bean/external/wx_cp_welcome_msg.rs
weixin-java-cp,me/chanjar/weixin/cp/bean/external/acquisition/WxCpCustomerAcquisitionCreateResult.java,class,WxCpCustomerAcquisitionCreateResult,external/acquisition/wx_cp_customer_acquisition_create_result.rs
weixin-java-cp,me/chanjar/weixin/cp/bean/external/acquisition/WxCpCustomerAcquisitionCustomerList.java,class,WxCpCustomerAcquisitionCustomerList,external/acquisition/wx_cp_customer_acquisition_customer_list.rs
weixin-java-cp,me/chanjar/weixin/cp/bean/external/acquisition/WxCpCustomerAcquisitionInfo.java,class,WxCpCustomerAcquisitionInfo,external/acquisition/wx_cp_customer_acquisition_info.rs
weixin-java-cp,me/chanjar/weixin/cp/bean/external/acquisition/WxCpCustomerAcquisitionList.java,class,WxCpCustomerAcquisitionList,external/acquisition/wx_cp_customer_acquisition_list.rs
weixin-java-cp,me/chanjar/weixin/cp/bean/external/acquisition/WxCpCustomerAcquisitionQuota.java,class,WxCpCustomerAcquisitionQuota,external/acquisition/wx_cp_customer_acquisition_quota.rs
weixin-java-cp,me/chanjar/weixin/cp/bean/external/acquisition/WxCpCustomerAcquisitionRequest.java,class,WxCpCustomerAcquisitionRequest,external/acquisition/wx_cp_customer_acquisition_request.rs
weixin-java-cp,me/chanjar/weixin/cp/bean/external/acquisition/WxCpCustomerAcquisitionStatistic.java,class,WxCpCustomerAcquisitionStatistic,external/acquisition/wx_cp_customer_acquisition_statistic.rs
weixin-java-cp,me/chanjar/weixin/cp/bean/external/contact/ExternalContact.java,class,ExternalContact,external/contact/external_contact.rs
weixin-java-cp,me/chanjar/weixin/cp/bean/external/contact/FollowedUser.java,class,FollowedUser,external/contact/followed_user.rs
weixin-java-cp,me/chanjar/weixin/cp/bean/external/contact/WxCpExternalContactBatchInfo.java,class,WxCpExternalContactBatchInfo,external/contact/wx_cp_external_contact_batch_info.rs
weixin-java-cp,me/chanjar/weixin/cp/bean/external/contact/WxCpExternalContactInfo.java,class,WxCpExternalContactInfo,external/contact/wx_cp_external_contact_info.rs
weixin-java-cp,me/chanjar/weixin/cp/bean/external/contact/WxCpExternalContactListInfo.java,class,WxCpExternalContactListInfo,external/contact/wx_cp_external_contact_list_info.rs
weixin-java-cp,me/chanjar/weixin/cp/bean/external/contact/WxCpGroupMsgListResult.java,class,WxCpGroupMsgListResult,external/contact/wx_cp_group_msg_list_result.rs
weixin-java-cp,me/chanjar/weixin/cp/bean/external/contact/WxCpGroupMsgResult.java,class,WxCpGroupMsgResult,external/contact/wx_cp_group_msg_result.rs
weixin-java-cp,me/chanjar/weixin/cp/bean/external/contact/WxCpGroupMsgSendResult.java,class,WxCpGroupMsgSendResult,external/contact/wx_cp_group_msg_send_result.rs
weixin-java-cp,me/chanjar/weixin/cp/bean/external/contact/WxCpGroupMsgTaskResult.java,class,WxCpGroupMsgTaskResult,external/contact/wx_cp_group_msg_task_result.rs
weixin-java-cp,me/chanjar/weixin/cp/bean/external/interceptrule/ApplicableRange.java,class,ApplicableRange,external/interceptrule/applicable_range.rs
weixin-java-cp,me/chanjar/weixin/cp/bean/external/interceptrule/WxCpInterceptRule.java,class,WxCpInterceptRule,external/interceptrule/wx_cp_intercept_rule.rs
weixin-java-cp,me/chanjar/weixin/cp/bean/external/interceptrule/WxCpInterceptRuleAddRequest.java,class,WxCpInterceptRuleAddRequest,external/interceptrule/wx_cp_intercept_rule_add_request.rs
weixin-java-cp,me/chanjar/weixin/cp/bean/external/interceptrule/WxCpInterceptRuleAddResult.java,class,WxCpInterceptRuleAddResult,external/interceptrule/wx_cp_intercept_rule_add_result.rs
weixin-java-cp,me/chanjar/weixin/cp/bean/external/interceptrule/WxCpInterceptRuleInfo.java,class,WxCpInterceptRuleInfo,external/interceptrule/wx_cp_intercept_rule_info.rs
weixin-java-cp,me/chanjar/weixin/cp/bean/external/interceptrule/WxCpInterceptRuleList.java,class,WxCpInterceptRuleList,external/interceptrule/wx_cp_intercept_rule_list.rs
weixin-java-cp,me/chanjar/weixin/cp/bean/external/moment/CustomerItem.java,class,CustomerItem,external/moment/customer_item.rs
weixin-java-cp,me/chanjar/weixin/cp/bean/external/moment/ExternalContactList.java,class,ExternalContactList,external/moment/external_contact_list.rs
weixin-java-cp,me/chanjar/weixin/cp/bean/external/moment/MomentInfo.java,class,MomentInfo,external/moment/moment_info.rs
weixin-java-cp,me/chanjar/weixin/cp/bean/external/moment/SenderList.java,class,SenderList,external/moment/sender_list.rs
weixin-java-cp,me/chanjar/weixin/cp/bean/external/moment/VisibleRange.java,class,VisibleRange,external/moment/visible_range.rs
weixin-java-cp,me/chanjar/weixin/cp/bean/external/msg/Attachment.java,class,Attachment,external/msg/attachment.rs
weixin-java-cp,me/chanjar/weixin/cp/bean/external/msg/AttachmentBuilder.java,class,AttachmentBuilder,external/msg/attachment_builder.rs
weixin-java-cp,me/chanjar/weixin/cp/bean/external/msg/File.java,class,File,external/msg/file.rs
weixin-java-cp,me/chanjar/weixin/cp/bean/external/msg/Image.java,class,Image,external/msg/image.rs
weixin-java-cp,me/chanjar/weixin/cp/bean/external/msg/Link.java,class,Link,external/msg/link.rs
weixin-java-cp,me/chanjar/weixin/cp/bean/external/msg/Location.java,class,Location,external/msg/location.rs
weixin-java-cp,me/chanjar/weixin/cp/bean/external/msg/MiniProgram.java,class,MiniProgram,external/msg/mini_program.rs
weixin-java-cp,me/chanjar/weixin/cp/bean/external/msg/TagFilter.java,class,TagFilter,external/msg/tag_filter.rs
weixin-java-cp,me/chanjar/weixin/cp/bean/external/msg/TagList.java,class,TagList,external/msg/tag_list.rs
weixin-java-cp,me/chanjar/weixin/cp/bean/external/msg/Text.java,class,Text,external/msg/text.rs
weixin-java-cp,me/chanjar/weixin/cp/bean/external/msg/Video.java,class,Video,external/msg/video.rs
weixin-java-cp,me/chanjar/weixin/cp/bean/external/product/Attachment.java,class,Attachment,external/product/attachment.rs
weixin-java-cp,me/chanjar/weixin/cp/bean/external/product/Image.java,class,Image,external/product/image.rs
weixin-java-cp,me/chanjar/weixin/cp/bean/hr/WxCpHrEmployeeFieldData.java,class,WxCpHrEmployeeFieldData,bean/hr/wx_cp_hr_employee_field_data.rs
weixin-java-cp,me/chanjar/weixin/cp/bean/hr/WxCpHrEmployeeFieldDataResp.java,class,WxCpHrEmployeeFieldDataResp,bean/hr/wx_cp_hr_employee_field_data_resp.rs
weixin-java-cp,me/chanjar/weixin/cp/bean/hr/WxCpHrEmployeeFieldInfo.java,class,WxCpHrEmployeeFieldInfo,bean/hr/wx_cp_hr_employee_field_info.rs
weixin-java-cp,me/chanjar/weixin/cp/bean/hr/WxCpHrEmployeeFieldInfoResp.java,class,WxCpHrEmployeeFieldInfoResp,bean/hr/wx_cp_hr_employee_field_info_resp.rs
weixin-java-cp,me/chanjar/weixin/cp/bean/hr/WxCpHrEmployeeFieldValue.java,class,WxCpHrEmployeeFieldValue,bean/hr/wx_cp_hr_employee_field_value.rs
weixin-java-cp,me/chanjar/weixin/cp/bean/hr/WxCpHrFieldType.java,enum,WxCpHrFieldType,bean/hr/wx_cp_hr_field_type.rs
weixin-java-cp,me/chanjar/weixin/cp/bean/intelligentrobot/WxCpIntelligentRobot.java,class,WxCpIntelligentRobot,bean/intelligentrobot/wx_cp_intelligent_robot.rs
weixin-java-cp,me/chanjar/weixin/cp/bean/intelligentrobot/WxCpIntelligentRobotChatRequest.java,class,WxCpIntelligentRobotChatRequest,bean/intelligentrobot/wx_cp_intelligent_robot_chat_request.rs
weixin-java-cp,me/chanjar/weixin/cp/bean/intelligentrobot/WxCpIntelligentRobotChatResponse.java,class,WxCpIntelligentRobotChatResponse,bean/intelligentrobot/wx_cp_intelligent_robot_chat_response.rs
weixin-java-cp,me/chanjar/weixin/cp/bean/intelligentrobot/WxCpIntelligentRobotCreateRequest.java,class,WxCpIntelligentRobotCreateRequest,bean/intelligentrobot/wx_cp_intelligent_robot_create_request.rs
weixin-java-cp,me/chanjar/weixin/cp/bean/intelligentrobot/WxCpIntelligentRobotCreateResponse.java,class,WxCpIntelligentRobotCreateResponse,bean/intelligentrobot/wx_cp_intelligent_robot_create_response.rs
weixin-java-cp,me/chanjar/weixin/cp/bean/intelligentrobot/WxCpIntelligentRobotMessage.java,class,WxCpIntelligentRobotMessage,bean/intelligentrobot/wx_cp_intelligent_robot_message.rs
weixin-java-cp,me/chanjar/weixin/cp/bean/intelligentrobot/WxCpIntelligentRobotSendMessageRequest.java,class,WxCpIntelligentRobotSendMessageRequest,bean/intelligentrobot/wx_cp_intelligent_robot_send_message_request.rs
weixin-java-cp,me/chanjar/weixin/cp/bean/intelligentrobot/WxCpIntelligentRobotSendMessageResponse.java,class,WxCpIntelligentRobotSendMessageResponse,bean/intelligentrobot/wx_cp_intelligent_robot_send_message_response.rs
weixin-java-cp,me/chanjar/weixin/cp/bean/intelligentrobot/WxCpIntelligentRobotUpdateRequest.java,class,WxCpIntelligentRobotUpdateRequest,bean/intelligentrobot/wx_cp_intelligent_robot_update_request.rs
weixin-java-cp,me/chanjar/weixin/cp/bean/kf/WxCpKfAccountAdd.java,class,WxCpKfAccountAdd,bean/kf/wx_cp_kf_account_add.rs
weixin-java-cp,me/chanjar/weixin/cp/bean/kf/WxCpKfAccountAddResp.java,class,WxCpKfAccountAddResp,bean/kf/wx_cp_kf_account_add_resp.rs
weixin-java-cp,me/chanjar/weixin/cp/bean/kf/WxCpKfAccountDel.java,class,WxCpKfAccountDel,bean/kf/wx_cp_kf_account_del.rs
weixin-java-cp,me/chanjar/weixin/cp/bean/kf/WxCpKfAccountLink.java,class,WxCpKfAccountLink,bean/kf/wx_cp_kf_account_link.rs
weixin-java-cp,me/chanjar/weixin/cp/bean/kf/WxCpKfAccountLinkResp.java,class,WxCpKfAccountLinkResp,bean/kf/wx_cp_kf_account_link_resp.rs
weixin-java-cp,me/chanjar/weixin/cp/bean/kf/WxCpKfAccountListResp.java,class,WxCpKfAccountListResp,bean/kf/wx_cp_kf_account_list_resp.rs
weixin-java-cp,me/chanjar/weixin/cp/bean/kf/WxCpKfAccountUpd.java,class,WxCpKfAccountUpd,bean/kf/wx_cp_kf_account_upd.rs
weixin-java-cp,me/chanjar/weixin/cp/bean/kf/WxCpKfCustomerBatchGetResp.java,class,WxCpKfCustomerBatchGetResp,bean/kf/wx_cp_kf_customer_batch_get_resp.rs
weixin-java-cp,me/chanjar/weixin/cp/bean/kf/WxCpKfGetCorpStatisticRequest.java,class,WxCpKfGetCorpStatisticRequest,bean/kf/wx_cp_kf_get_corp_statistic_request.rs
weixin-java-cp,me/chanjar/weixin/cp/bean/kf/WxCpKfGetCorpStatisticResp.java,class,WxCpKfGetCorpStatisticResp,bean/kf/wx_cp_kf_get_corp_statistic_resp.rs
weixin-java-cp,me/chanjar/weixin/cp/bean/kf/WxCpKfGetServicerStatisticRequest.java,class,WxCpKfGetServicerStatisticRequest,bean/kf/wx_cp_kf_get_servicer_statistic_request.rs
weixin-java-cp,me/chanjar/weixin/cp/bean/kf/WxCpKfGetServicerStatisticResp.java,class,WxCpKfGetServicerStatisticResp,bean/kf/wx_cp_kf_get_servicer_statistic_resp.rs
weixin-java-cp,me/chanjar/weixin/cp/bean/kf/WxCpKfMsgListResp.java,class,WxCpKfMsgListResp,bean/kf/wx_cp_kf_msg_list_resp.rs
weixin-java-cp,me/chanjar/weixin/cp/bean/kf/WxCpKfMsgSendRequest.java,class,WxCpKfMsgSendRequest,bean/kf/wx_cp_kf_msg_send_request.rs
weixin-java-cp,me/chanjar/weixin/cp/bean/kf/WxCpKfMsgSendResp.java,class,WxCpKfMsgSendResp,bean/kf/wx_cp_kf_msg_send_resp.rs
weixin-java-cp,me/chanjar/weixin/cp/bean/kf/WxCpKfServiceStateResp.java,class,WxCpKfServiceStateResp,bean/kf/wx_cp_kf_service_state_resp.rs
weixin-java-cp,me/chanjar/weixin/cp/bean/kf/WxCpKfServiceStateTransResp.java,class,WxCpKfServiceStateTransResp,bean/kf/wx_cp_kf_service_state_trans_resp.rs
weixin-java-cp,me/chanjar/weixin/cp/bean/kf/WxCpKfServiceUpgradeConfigResp.java,class,WxCpKfServiceUpgradeConfigResp,bean/kf/wx_cp_kf_service_upgrade_config_resp.rs
weixin-java-cp,me/chanjar/weixin/cp/bean/kf/WxCpKfServicerListResp.java,class,WxCpKfServicerListResp,bean/kf/wx_cp_kf_servicer_list_resp.rs
weixin-java-cp,me/chanjar/weixin/cp/bean/kf/WxCpKfServicerOpResp.java,class,WxCpKfServicerOpResp,bean/kf/wx_cp_kf_servicer_op_resp.rs
weixin-java-cp,me/chanjar/weixin/cp/bean/kf/msg/WxCpKfBusinessCardMsg.java,class,WxCpKfBusinessCardMsg,kf/msg/wx_cp_kf_business_card_msg.rs
weixin-java-cp,me/chanjar/weixin/cp/bean/kf/msg/WxCpKfChannelsMsg.java,class,WxCpKfChannelsMsg,kf/msg/wx_cp_kf_channels_msg.rs
weixin-java-cp,me/chanjar/weixin/cp/bean/kf/msg/WxCpKfChannelsShopOrderMsg.java,class,WxCpKfChannelsShopOrderMsg,kf/msg/wx_cp_kf_channels_shop_order_msg.rs
weixin-java-cp,me/chanjar/weixin/cp/bean/kf/msg/WxCpKfChannelsShopProductMsg.java,class,WxCpKfChannelsShopProductMsg,kf/msg/wx_cp_kf_channels_shop_product_msg.rs
weixin-java-cp,me/chanjar/weixin/cp/bean/kf/msg/WxCpKfEventMsg.java,class,WxCpKfEventMsg,kf/msg/wx_cp_kf_event_msg.rs
weixin-java-cp,me/chanjar/weixin/cp/bean/kf/msg/WxCpKfLinkMsg.java,class,WxCpKfLinkMsg,kf/msg/wx_cp_kf_link_msg.rs
weixin-java-cp,me/chanjar/weixin/cp/bean/kf/msg/WxCpKfLocationMsg.java,class,WxCpKfLocationMsg,kf/msg/wx_cp_kf_location_msg.rs
weixin-java-cp,me/chanjar/weixin/cp/bean/kf/msg/WxCpKfMenuMsg.java,class,WxCpKfMenuMsg,kf/msg/wx_cp_kf_menu_msg.rs
weixin-java-cp,me/chanjar/weixin/cp/bean/kf/msg/WxCpKfMiniProgramMsg.java,class,WxCpKfMiniProgramMsg,kf/msg/wx_cp_kf_mini_program_msg.rs
weixin-java-cp,me/chanjar/weixin/cp/bean/kf/msg/WxCpKfResourceMsg.java,class,WxCpKfResourceMsg,kf/msg/wx_cp_kf_resource_msg.rs
weixin-java-cp,me/chanjar/weixin/cp/bean/kf/msg/WxCpKfTextMsg.java,class,WxCpKfTextMsg,kf/msg/wx_cp_kf_text_msg.rs
weixin-java-cp,me/chanjar/weixin/cp/bean/license/WxCpTpLicenseAccount.java,class,WxCpTpLicenseAccount,bean/license/wx_cp_tp_license_account.rs
weixin-java-cp,me/chanjar/weixin/cp/bean/license/WxCpTpLicenseAccountCount.java,class,WxCpTpLicenseAccountCount,bean/license/wx_cp_tp_license_account_count.rs
weixin-java-cp,me/chanjar/weixin/cp/bean/license/WxCpTpLicenseAccountDuration.java,class,WxCpTpLicenseAccountDuration,bean/license/wx_cp_tp_license_account_duration.rs
weixin-java-cp,me/chanjar/weixin/cp/bean/license/WxCpTpLicenseActiveAccount.java,class,WxCpTpLicenseActiveAccount,bean/license/wx_cp_tp_license_active_account.rs
weixin-java-cp,me/chanjar/weixin/cp/bean/license/WxCpTpLicenseActiveCodeInfo.java,class,WxCpTpLicenseActiveCodeInfo,bean/license/wx_cp_tp_license_active_code_info.rs
weixin-java-cp,me/chanjar/weixin/cp/bean/license/WxCpTpLicenseBaseAccount.java,class,WxCpTpLicenseBaseAccount,bean/license/wx_cp_tp_license_base_account.rs
weixin-java-cp,me/chanjar/weixin/cp/bean/license/WxCpTpLicenseCorpAccount.java,class,WxCpTpLicenseCorpAccount,bean/license/wx_cp_tp_license_corp_account.rs
weixin-java-cp,me/chanjar/weixin/cp/bean/license/WxCpTpLicenseInvalidAccount.java,class,WxCpTpLicenseInvalidAccount,bean/license/wx_cp_tp_license_invalid_account.rs
weixin-java-cp,me/chanjar/weixin/cp/bean/license/WxCpTpLicenseOrder.java,class,WxCpTpLicenseOrder,bean/license/wx_cp_tp_license_order.rs
weixin-java-cp,me/chanjar/weixin/cp/bean/license/WxCpTpLicenseSimpleOrder.java,class,WxCpTpLicenseSimpleOrder,bean/license/wx_cp_tp_license_simple_order.rs
weixin-java-cp,me/chanjar/weixin/cp/bean/license/WxCpTpLicenseTransfer.java,class,WxCpTpLicenseTransfer,bean/license/wx_cp_tp_license_transfer.rs
weixin-java-cp,me/chanjar/weixin/cp/bean/license/account/WxCpTpLicenseActiveInfoByUserResp.java,class,WxCpTpLicenseActiveInfoByUserResp,license/account/wx_cp_tp_license_active_info_by_user_resp.rs
weixin-java-cp,me/chanjar/weixin/cp/bean/license/account/WxCpTpLicenseBatchActiveResultResp.java,class,WxCpTpLicenseBatchActiveResultResp,license/account/wx_cp_tp_license_batch_active_result_resp.rs
weixin-java-cp,me/chanjar/weixin/cp/bean/license/account/WxCpTpLicenseBatchCodeInfoResp.java,class,WxCpTpLicenseBatchCodeInfoResp,license/account/wx_cp_tp_license_batch_code_info_resp.rs
weixin-java-cp,me/chanjar/weixin/cp/bean/license/account/WxCpTpLicenseBatchTransferResp.java,class,WxCpTpLicenseBatchTransferResp,license/account/wx_cp_tp_license_batch_transfer_resp.rs
weixin-java-cp,me/chanjar/weixin/cp/bean/license/account/WxCpTpLicenseCodeInfoResp.java,class,WxCpTpLicenseCodeInfoResp,license/account/wx_cp_tp_license_code_info_resp.rs
weixin-java-cp,me/chanjar/weixin/cp/bean/license/account/WxCpTpLicenseCorpAccountListResp.java,class,WxCpTpLicenseCorpAccountListResp,license/account/wx_cp_tp_license_corp_account_list_resp.rs
weixin-java-cp,me/chanjar/weixin/cp/bean/license/order/WxCpTpLicenseCreateOrderResp.java,class,WxCpTpLicenseCreateOrderResp,license/order/wx_cp_tp_license_create_order_resp.rs
weixin-java-cp,me/chanjar/weixin/cp/bean/license/order/WxCpTpLicenseNewOrderRequest.java,class,WxCpTpLicenseNewOrderRequest,license/order/wx_cp_tp_license_new_order_request.rs
weixin-java-cp,me/chanjar/weixin/cp/bean/license/order/WxCpTpLicenseOrderAccountListResp.java,class,WxCpTpLicenseOrderAccountListResp,license/order/wx_cp_tp_license_order_account_list_resp.rs
weixin-java-cp,me/chanjar/weixin/cp/bean/license/order/WxCpTpLicenseOrderInfoResp.java,class,WxCpTpLicenseOrderInfoResp,license/order/wx_cp_tp_license_order_info_resp.rs
weixin-java-cp,me/chanjar/weixin/cp/bean/license/order/WxCpTpLicenseOrderListResp.java,class,WxCpTpLicenseOrderListResp,license/order/wx_cp_tp_license_order_list_resp.rs
weixin-java-cp,me/chanjar/weixin/cp/bean/license/order/WxCpTpLicenseRenewOrderJobRequest.java,class,WxCpTpLicenseRenewOrderJobRequest,license/order/wx_cp_tp_license_renew_order_job_request.rs
weixin-java-cp,me/chanjar/weixin/cp/bean/license/order/WxCpTpLicenseRenewOrderJobResp.java,class,WxCpTpLicenseRenewOrderJobResp,license/order/wx_cp_tp_license_renew_order_job_resp.rs
weixin-java-cp,me/chanjar/weixin/cp/bean/license/order/WxCpTpLicenseRenewOrderRequest.java,class,WxCpTpLicenseRenewOrderRequest,license/order/wx_cp_tp_license_renew_order_request.rs
weixin-java-cp,me/chanjar/weixin/cp/bean/linkedcorp/WxCpLinkedCorpAgentPerm.java,class,WxCpLinkedCorpAgentPerm,bean/linkedcorp/wx_cp_linked_corp_agent_perm.rs
weixin-java-cp,me/chanjar/weixin/cp/bean/linkedcorp/WxCpLinkedCorpDepartment.java,class,WxCpLinkedCorpDepartment,bean/linkedcorp/wx_cp_linked_corp_department.rs
weixin-java-cp,me/chanjar/weixin/cp/bean/linkedcorp/WxCpLinkedCorpUser.java,class,WxCpLinkedCorpUser,bean/linkedcorp/wx_cp_linked_corp_user.rs
weixin-java-cp,me/chanjar/weixin/cp/bean/living/WxCpLivingCreateRequest.java,class,WxCpLivingCreateRequest,bean/living/wx_cp_living_create_request.rs
weixin-java-cp,me/chanjar/weixin/cp/bean/living/WxCpLivingInfo.java,class,WxCpLivingInfo,bean/living/wx_cp_living_info.rs
weixin-java-cp,me/chanjar/weixin/cp/bean/living/WxCpLivingModifyRequest.java,class,WxCpLivingModifyRequest,bean/living/wx_cp_living_modify_request.rs
weixin-java-cp,me/chanjar/weixin/cp/bean/living/WxCpLivingResult.java,class,WxCpLivingResult,bean/living/wx_cp_living_result.rs
weixin-java-cp,me/chanjar/weixin/cp/bean/living/WxCpLivingShareInfo.java,class,WxCpLivingShareInfo,bean/living/wx_cp_living_share_info.rs
weixin-java-cp,me/chanjar/weixin/cp/bean/living/WxCpWatchStat.java,class,WxCpWatchStat,bean/living/wx_cp_watch_stat.rs
weixin-java-cp,me/chanjar/weixin/cp/bean/media/MediaUploadByUrlReq.java,class,MediaUploadByUrlReq,bean/media/media_upload_by_url_req.rs
weixin-java-cp,me/chanjar/weixin/cp/bean/media/MediaUploadByUrlResult.java,class,MediaUploadByUrlResult,bean/media/media_upload_by_url_result.rs
weixin-java-cp,me/chanjar/weixin/cp/bean/message/TemplateCardMessage.java,class,TemplateCardMessage,bean/message/template_card_message.rs
weixin-java-cp,me/chanjar/weixin/cp/bean/message/WxCpAppChatMessage.java,class,WxCpAppChatMessage,bean/message/wx_cp_app_chat_message.rs
weixin-java-cp,me/chanjar/weixin/cp/bean/message/WxCpGroupRobotMessage.java,class,WxCpGroupRobotMessage,bean/message/wx_cp_group_robot_message.rs
weixin-java-cp,me/chanjar/weixin/cp/bean/message/WxCpLinkedCorpMessage.java,class,WxCpLinkedCorpMessage,bean/message/wx_cp_linked_corp_message.rs
weixin-java-cp,me/chanjar/weixin/cp/bean/message/WxCpLinkedCorpMessageSendResult.java,class,WxCpLinkedCorpMessageSendResult,bean/message/wx_cp_linked_corp_message_send_result.rs
weixin-java-cp,me/chanjar/weixin/cp/bean/message/WxCpMessage.java,class,WxCpMessage,bean/message/wx_cp_message.rs
weixin-java-cp,me/chanjar/weixin/cp/bean/message/WxCpMessageSendResult.java,class,WxCpMessageSendResult,bean/message/wx_cp_message_send_result.rs
weixin-java-cp,me/chanjar/weixin/cp/bean/message/WxCpMessageSendStatistics.java,class,WxCpMessageSendStatistics,bean/message/wx_cp_message_send_statistics.rs
weixin-java-cp,me/chanjar/weixin/cp/bean/message/WxCpSchoolContactMessage.java,class,WxCpSchoolContactMessage,bean/message/wx_cp_school_contact_message.rs
weixin-java-cp,me/chanjar/weixin/cp/bean/message/WxCpSchoolContactMessageSendResult.java,class,WxCpSchoolContactMessageSendResult,bean/message/wx_cp_school_contact_message_send_result.rs
weixin-java-cp,me/chanjar/weixin/cp/bean/message/WxCpTpXmlMessage.java,class,WxCpTpXmlMessage,bean/message/wx_cp_tp_xml_message.rs
weixin-java-cp,me/chanjar/weixin/cp/bean/message/WxCpXmlApprovalInfo.java,class,WxCpXmlApprovalInfo,bean/message/wx_cp_xml_approval_info.rs
weixin-java-cp,me/chanjar/weixin/cp/bean/message/WxCpXmlMessage.java,class,WxCpXmlMessage,bean/message/wx_cp_xml_message.rs
weixin-java-cp,me/chanjar/weixin/cp/bean/message/WxCpXmlOutEventMessage.java,class,WxCpXmlOutEventMessage,bean/message/wx_cp_xml_out_event_message.rs
weixin-java-cp,me/chanjar/weixin/cp/bean/message/WxCpXmlOutImageMessage.java,class,WxCpXmlOutImageMessage,bean/message/wx_cp_xml_out_image_message.rs
weixin-java-cp,me/chanjar/weixin/cp/bean/message/WxCpXmlOutMessage.java,class,WxCpXmlOutMessage,bean/message/wx_cp_xml_out_message.rs
weixin-java-cp,me/chanjar/weixin/cp/bean/message/WxCpXmlOutNewsMessage.java,class,WxCpXmlOutNewsMessage,bean/message/wx_cp_xml_out_news_message.rs
weixin-java-cp,me/chanjar/weixin/cp/bean/message/WxCpXmlOutTaskCardMessage.java,class,WxCpXmlOutTaskCardMessage,bean/message/wx_cp_xml_out_task_card_message.rs
weixin-java-cp,me/chanjar/weixin/cp/bean/message/WxCpXmlOutTextMessage.java,class,WxCpXmlOutTextMessage,bean/message/wx_cp_xml_out_text_message.rs
weixin-java-cp,me/chanjar/weixin/cp/bean/message/WxCpXmlOutUpdateBtnMessage.java,class,WxCpXmlOutUpdateBtnMessage,bean/message/wx_cp_xml_out_update_btn_message.rs
weixin-java-cp,me/chanjar/weixin/cp/bean/message/WxCpXmlOutVideoMessage.java,class,WxCpXmlOutVideoMessage,bean/message/wx_cp_xml_out_video_message.rs
weixin-java-cp,me/chanjar/weixin/cp/bean/message/WxCpXmlOutVoiceMessage.java,class,WxCpXmlOutVoiceMessage,bean/message/wx_cp_xml_out_voice_message.rs
weixin-java-cp,me/chanjar/weixin/cp/bean/messagebuilder/BaseBuilder.java,class,BaseBuilder,bean/messagebuilder/base_builder.rs
weixin-java-cp,me/chanjar/weixin/cp/bean/messagebuilder/FileBuilder.java,class,FileBuilder,bean/messagebuilder/file_builder.rs
weixin-java-cp,me/chanjar/weixin/cp/bean/messagebuilder/ImageBuilder.java,class,ImageBuilder,bean/messagebuilder/image_builder.rs
weixin-java-cp,me/chanjar/weixin/cp/bean/messagebuilder/MarkdownMsgBuilder.java,class,MarkdownMsgBuilder,bean/messagebuilder/markdown_msg_builder.rs
weixin-java-cp,me/chanjar/weixin/cp/bean/messagebuilder/MiniProgramNoticeMsgBuilder.java,class,MiniProgramNoticeMsgBuilder,bean/messagebuilder/mini_program_notice_msg_builder.rs
weixin-java-cp,me/chanjar/weixin/cp/bean/messagebuilder/MpnewsBuilder.java,class,MpnewsBuilder,bean/messagebuilder/mpnews_builder.rs
weixin-java-cp,me/chanjar/weixin/cp/bean/messagebuilder/NewsBuilder.java,class,NewsBuilder,bean/messagebuilder/news_builder.rs
weixin-java-cp,me/chanjar/weixin/cp/bean/messagebuilder/TaskCardBuilder.java,class,TaskCardBuilder,bean/messagebuilder/task_card_builder.rs
weixin-java-cp,me/chanjar/weixin/cp/bean/messagebuilder/TemplateCardBuilder.java,class,TemplateCardBuilder,bean/messagebuilder/template_card_builder.rs
weixin-java-cp,me/chanjar/weixin/cp/bean/messagebuilder/TextBuilder.java,class,TextBuilder,bean/messagebuilder/text_builder.rs
weixin-java-cp,me/chanjar/weixin/cp/bean/messagebuilder/TextCardBuilder.java,class,TextCardBuilder,bean/messagebuilder/text_card_builder.rs
weixin-java-cp,me/chanjar/weixin/cp/bean/messagebuilder/VideoBuilder.java,class,VideoBuilder,bean/messagebuilder/video_builder.rs
weixin-java-cp,me/chanjar/weixin/cp/bean/messagebuilder/VoiceBuilder.java,class,VoiceBuilder,bean/messagebuilder/voice_builder.rs
weixin-java-cp,me/chanjar/weixin/cp/bean/msgaudit/WxCpAgreeInfo.java,class,WxCpAgreeInfo,bean/msgaudit/wx_cp_agree_info.rs
weixin-java-cp,me/chanjar/weixin/cp/bean/msgaudit/WxCpChatDatas.java,class,WxCpChatDatas,bean/msgaudit/wx_cp_chat_datas.rs
weixin-java-cp,me/chanjar/weixin/cp/bean/msgaudit/WxCpChatModel.java,class,WxCpChatModel,bean/msgaudit/wx_cp_chat_model.rs
weixin-java-cp,me/chanjar/weixin/cp/bean/msgaudit/WxCpCheckAgreeRequest.java,class,WxCpCheckAgreeRequest,bean/msgaudit/wx_cp_check_agree_request.rs
weixin-java-cp,me/chanjar/weixin/cp/bean/msgaudit/WxCpFileItem.java,class,WxCpFileItem,bean/msgaudit/wx_cp_file_item.rs
weixin-java-cp,me/chanjar/weixin/cp/bean/msgaudit/WxCpGroupChat.java,class,WxCpGroupChat,bean/msgaudit/wx_cp_group_chat.rs
weixin-java-cp,me/chanjar/weixin/cp/bean/oa/SummaryInfo.java,class,SummaryInfo,bean/oa/summary_info.rs
weixin-java-cp,me/chanjar/weixin/cp/bean/oa/WxCpApprovalApplier.java,class,WxCpApprovalApplier,bean/oa/wx_cp_approval_applier.rs
weixin-java-cp,me/chanjar/weixin/cp/bean/oa/WxCpApprovalApplyData.java,class,WxCpApprovalApplyData,bean/oa/wx_cp_approval_apply_data.rs
weixin-java-cp,me/chanjar/weixin/cp/bean/oa/WxCpApprovalComment.java,class,WxCpApprovalComment,bean/oa/wx_cp_approval_comment.rs
weixin-java-cp,me/chanjar/weixin/cp/bean/oa/WxCpApprovalDetailResult.java,class,WxCpApprovalDetailResult,bean/oa/wx_cp_approval_detail_result.rs
weixin-java-cp,me/chanjar/weixin/cp/bean/oa/WxCpApprovalInfo.java,class,WxCpApprovalInfo,bean/oa/wx_cp_approval_info.rs
weixin-java-cp,me/chanjar/weixin/cp/bean/oa/WxCpApprovalInfoQueryFilter.java,class,WxCpApprovalInfoQueryFilter,bean/oa/wx_cp_approval_info_query_filter.rs
weixin-java-cp,me/chanjar/weixin/cp/bean/oa/WxCpApprovalRecord.java,class,WxCpApprovalRecord,bean/oa/wx_cp_approval_record.rs
weixin-java-cp,me/chanjar/weixin/cp/bean/oa/WxCpApprovalRecordDetail.java,class,WxCpApprovalRecordDetail,bean/oa/wx_cp_approval_record_detail.rs
weixin-java-cp,me/chanjar/weixin/cp/bean/oa/WxCpApproverAttr.java,enum,WxCpApproverAttr,bean/oa/wx_cp_approver_attr.rs
weixin-java-cp,me/chanjar/weixin/cp/bean/oa/WxCpCheckinData.java,class,WxCpCheckinData,bean/oa/wx_cp_checkin_data.rs
weixin-java-cp,me/chanjar/weixin/cp/bean/oa/WxCpCheckinDayData.java,class,WxCpCheckinDayData,bean/oa/wx_cp_checkin_day_data.rs
weixin-java-cp,me/chanjar/weixin/cp/bean/oa/WxCpCheckinGroupBase.java,class,WxCpCheckinGroupBase,bean/oa/wx_cp_checkin_group_base.rs
weixin-java-cp,me/chanjar/weixin/cp/bean/oa/WxCpCheckinMonthData.java,class,WxCpCheckinMonthData,bean/oa/wx_cp_checkin_month_data.rs
weixin-java-cp,me/chanjar/weixin/cp/bean/oa/WxCpCheckinOption.java,class,WxCpCheckinOption,bean/oa/wx_cp_checkin_option.rs
weixin-java-cp,me/chanjar/weixin/cp/bean/oa/WxCpCheckinSchedule.java,class,WxCpCheckinSchedule,bean/oa/wx_cp_checkin_schedule.rs
weixin-java-cp,me/chanjar/weixin/cp/bean/oa/WxCpCorpConfInfo.java,class,WxCpCorpConfInfo,bean/oa/wx_cp_corp_conf_info.rs
weixin-java-cp,me/chanjar/weixin/cp/bean/oa/WxCpCropCheckinOption.java,class,WxCpCropCheckinOption,bean/oa/wx_cp_crop_checkin_option.rs
weixin-java-cp,me/chanjar/weixin/cp/bean/oa/WxCpDialRecord.java,class,WxCpDialRecord,bean/oa/wx_cp_dial_record.rs
weixin-java-cp,me/chanjar/weixin/cp/bean/oa/WxCpGetApprovalData.java,class,WxCpGetApprovalData,bean/oa/wx_cp_get_approval_data.rs
weixin-java-cp,me/chanjar/weixin/cp/bean/oa/WxCpOaApplyEventRequest.java,class,WxCpOaApplyEventRequest,bean/oa/wx_cp_oa_apply_event_request.rs
weixin-java-cp,me/chanjar/weixin/cp/bean/oa/WxCpOaApprovalTemplate.java,class,WxCpOaApprovalTemplate,bean/oa/wx_cp_oa_approval_template.rs
weixin-java-cp,me/chanjar/weixin/cp/bean/oa/WxCpOaApprovalTemplateResult.java,class,WxCpOaApprovalTemplateResult,bean/oa/wx_cp_oa_approval_template_result.rs
weixin-java-cp,me/chanjar/weixin/cp/bean/oa/WxCpOaSchedule.java,class,WxCpOaSchedule,bean/oa/wx_cp_oa_schedule.rs
weixin-java-cp,me/chanjar/weixin/cp/bean/oa/WxCpOperator.java,class,WxCpOperator,bean/oa/wx_cp_operator.rs
weixin-java-cp,me/chanjar/weixin/cp/bean/oa/WxCpRecordSpStatus.java,enum,WxCpRecordSpStatus,bean/oa/wx_cp_record_sp_status.rs
weixin-java-cp,me/chanjar/weixin/cp/bean/oa/WxCpSetCheckinSchedule.java,class,WxCpSetCheckinSchedule,bean/oa/wx_cp_set_checkin_schedule.rs
weixin-java-cp,me/chanjar/weixin/cp/bean/oa/WxCpSpStatus.java,enum,WxCpSpStatus,bean/oa/wx_cp_sp_status.rs
weixin-java-cp,me/chanjar/weixin/cp/bean/oa/WxCpUserVacationQuota.java,class,WxCpUserVacationQuota,bean/oa/wx_cp_user_vacation_quota.rs
weixin-java-cp,me/chanjar/weixin/cp/bean/oa/applydata/ApplyDataContent.java,class,ApplyDataContent,oa/applydata/apply_data_content.rs
weixin-java-cp,me/chanjar/weixin/cp/bean/oa/applydata/ContentTitle.java,class,ContentTitle,oa/applydata/content_title.rs
weixin-java-cp,me/chanjar/weixin/cp/bean/oa/applydata/ContentValue.java,class,ContentValue,oa/applydata/content_value.rs
weixin-java-cp,me/chanjar/weixin/cp/bean/oa/calendar/WxCpOaCalendar.java,class,WxCpOaCalendar,oa/calendar/wx_cp_oa_calendar.rs
weixin-java-cp,me/chanjar/weixin/cp/bean/oa/doc/WxCpDocAdminListResult.java,class,WxCpDocAdminListResult,oa/doc/wx_cp_doc_admin_list_result.rs
weixin-java-cp,me/chanjar/weixin/cp/bean/oa/doc/WxCpDocAdminRequest.java,class,WxCpDocAdminRequest,oa/doc/wx_cp_doc_admin_request.rs
weixin-java-cp,me/chanjar/weixin/cp/bean/oa/doc/WxCpDocAuthInfo.java,class,WxCpDocAuthInfo,oa/doc/wx_cp_doc_auth_info.rs
weixin-java-cp,me/chanjar/weixin/cp/bean/oa/doc/WxCpDocCreateData.java,class,WxCpDocCreateData,oa/doc/wx_cp_doc_create_data.rs
weixin-java-cp,me/chanjar/weixin/cp/bean/oa/doc/WxCpDocCreateRequest.java,class,WxCpDocCreateRequest,oa/doc/wx_cp_doc_create_request.rs
weixin-java-cp,me/chanjar/weixin/cp/bean/oa/doc/WxCpDocData.java,class,WxCpDocData,oa/doc/wx_cp_doc_data.rs
weixin-java-cp,me/chanjar/weixin/cp/bean/oa/doc/WxCpDocGetDataRequest.java,class,WxCpDocGetDataRequest,oa/doc/wx_cp_doc_get_data_request.rs
weixin-java-cp,me/chanjar/weixin/cp/bean/oa/doc/WxCpDocImageUploadResult.java,class,WxCpDocImageUploadResult,oa/doc/wx_cp_doc_image_upload_result.rs
weixin-java-cp,me/chanjar/weixin/cp/bean/oa/doc/WxCpDocInfo.java,class,WxCpDocInfo,oa/doc/wx_cp_doc_info.rs
weixin-java-cp,me/chanjar/weixin/cp/bean/oa/doc/WxCpDocModifyJoinRuleRequest.java,class,WxCpDocModifyJoinRuleRequest,oa/doc/wx_cp_doc_modify_join_rule_request.rs
weixin-java-cp,me/chanjar/weixin/cp/bean/oa/doc/WxCpDocModifyMemberRequest.java,class,WxCpDocModifyMemberRequest,oa/doc/wx_cp_doc_modify_member_request.rs
weixin-java-cp,me/chanjar/weixin/cp/bean/oa/doc/WxCpDocModifyRequest.java,class,WxCpDocModifyRequest,oa/doc/wx_cp_doc_modify_request.rs
weixin-java-cp,me/chanjar/weixin/cp/bean/oa/doc/WxCpDocModifySafetySettingRequest.java,class,WxCpDocModifySafetySettingRequest,oa/doc/wx_cp_doc_modify_safety_setting_request.rs
weixin-java-cp,me/chanjar/weixin/cp/bean/oa/doc/WxCpDocModifySaftySettingRequest.java,class,WxCpDocModifySaftySettingRequest,oa/doc/wx_cp_doc_modify_safty_setting_request.rs
weixin-java-cp,me/chanjar/weixin/cp/bean/oa/doc/WxCpDocRenameRequest.java,class,WxCpDocRenameRequest,oa/doc/wx_cp_doc_rename_request.rs
weixin-java-cp,me/chanjar/weixin/cp/bean/oa/doc/WxCpDocShare.java,class,WxCpDocShare,oa/doc/wx_cp_doc_share.rs
weixin-java-cp,me/chanjar/weixin/cp/bean/oa/doc/WxCpDocShareRequest.java,class,WxCpDocShareRequest,oa/doc/wx_cp_doc_share_request.rs
weixin-java-cp,me/chanjar/weixin/cp/bean/oa/doc/WxCpDocSheetBatchUpdateRequest.java,class,WxCpDocSheetBatchUpdateRequest,oa/doc/wx_cp_doc_sheet_batch_update_request.rs
weixin-java-cp,me/chanjar/weixin/cp/bean/oa/doc/WxCpDocSheetBatchUpdateResponse.java,class,WxCpDocSheetBatchUpdateResponse,oa/doc/wx_cp_doc_sheet_batch_update_response.rs
weixin-java-cp,me/chanjar/weixin/cp/bean/oa/doc/WxCpDocSheetData.java,class,WxCpDocSheetData,oa/doc/wx_cp_doc_sheet_data.rs
weixin-java-cp,me/chanjar/weixin/cp/bean/oa/doc/WxCpDocSheetGetDataRequest.java,class,WxCpDocSheetGetDataRequest,oa/doc/wx_cp_doc_sheet_get_data_request.rs
weixin-java-cp,me/chanjar/weixin/cp/bean/oa/doc/WxCpDocSheetProperties.java,class,WxCpDocSheetProperties,oa/doc/wx_cp_doc_sheet_properties.rs
weixin-java-cp,me/chanjar/weixin/cp/bean/oa/doc/WxCpDocSmartSheetAuth.java,class,WxCpDocSmartSheetAuth,oa/doc/wx_cp_doc_smart_sheet_auth.rs
weixin-java-cp,me/chanjar/weixin/cp/bean/oa/doc/WxCpDocSmartSheetAuthRequest.java,class,WxCpDocSmartSheetAuthRequest,oa/doc/wx_cp_doc_smart_sheet_auth_request.rs
weixin-java-cp,me/chanjar/weixin/cp/bean/oa/doc/WxCpDocSmartSheetModifyAuthRequest.java,class,WxCpDocSmartSheetModifyAuthRequest,oa/doc/wx_cp_doc_smart_sheet_modify_auth_request.rs
weixin-java-cp,me/chanjar/weixin/cp/bean/oa/doc/WxCpDocSmartSheetRequest.java,class,WxCpDocSmartSheetRequest,oa/doc/wx_cp_doc_smart_sheet_request.rs
weixin-java-cp,me/chanjar/weixin/cp/bean/oa/doc/WxCpDocSmartSheetResult.java,class,WxCpDocSmartSheetResult,oa/doc/wx_cp_doc_smart_sheet_result.rs
weixin-java-cp,me/chanjar/weixin/cp/bean/oa/doc/WxCpFormAnswer.java,class,WxCpFormAnswer,oa/doc/wx_cp_form_answer.rs
weixin-java-cp,me/chanjar/weixin/cp/bean/oa/doc/WxCpFormAnswerRequest.java,class,WxCpFormAnswerRequest,oa/doc/wx_cp_form_answer_request.rs
weixin-java-cp,me/chanjar/weixin/cp/bean/oa/doc/WxCpFormCreateRequest.java,class,WxCpFormCreateRequest,oa/doc/wx_cp_form_create_request.rs
weixin-java-cp,me/chanjar/weixin/cp/bean/oa/doc/WxCpFormCreateResult.java,class,WxCpFormCreateResult,oa/doc/wx_cp_form_create_result.rs
weixin-java-cp,me/chanjar/weixin/cp/bean/oa/doc/WxCpFormInfo.java,class,WxCpFormInfo,oa/doc/wx_cp_form_info.rs
weixin-java-cp,me/chanjar/weixin/cp/bean/oa/doc/WxCpFormInfoResult.java,class,WxCpFormInfoResult,oa/doc/wx_cp_form_info_result.rs
weixin-java-cp,me/chanjar/weixin/cp/bean/oa/doc/WxCpFormModifyRequest.java,class,WxCpFormModifyRequest,oa/doc/wx_cp_form_modify_request.rs
weixin-java-cp,me/chanjar/weixin/cp/bean/oa/doc/WxCpFormStatistic.java,class,WxCpFormStatistic,oa/doc/wx_cp_form_statistic.rs
weixin-java-cp,me/chanjar/weixin/cp/bean/oa/doc/WxCpFormStatisticRequest.java,class,WxCpFormStatisticRequest,oa/doc/wx_cp_form_statistic_request.rs
weixin-java-cp,me/chanjar/weixin/cp/bean/oa/doc/WxCpFormStatisticResult.java,class,WxCpFormStatisticResult,oa/doc/wx_cp_form_statistic_result.rs
weixin-java-cp,me/chanjar/weixin/cp/bean/oa/mail/WxCpMailCommonSendRequest.java,class,WxCpMailCommonSendRequest,oa/mail/wx_cp_mail_common_send_request.rs
weixin-java-cp,me/chanjar/weixin/cp/bean/oa/mail/WxCpMailMeetingSendRequest.java,class,WxCpMailMeetingSendRequest,oa/mail/wx_cp_mail_meeting_send_request.rs
weixin-java-cp,me/chanjar/weixin/cp/bean/oa/mail/WxCpMailScheduleSendRequest.java,class,WxCpMailScheduleSendRequest,oa/mail/wx_cp_mail_schedule_send_request.rs
weixin-java-cp,me/chanjar/weixin/cp/bean/oa/meeting/WxCpMeeting.java,class,WxCpMeeting,oa/meeting/wx_cp_meeting.rs
weixin-java-cp,me/chanjar/weixin/cp/bean/oa/meeting/WxCpMeetingUpdateResult.java,class,WxCpMeetingUpdateResult,oa/meeting/wx_cp_meeting_update_result.rs
weixin-java-cp,me/chanjar/weixin/cp/bean/oa/meeting/WxCpUserMeetingIdResult.java,class,WxCpUserMeetingIdResult,oa/meeting/wx_cp_user_meeting_id_result.rs
weixin-java-cp,me/chanjar/weixin/cp/bean/oa/meetingroom/WxCpOaMeetingRoom.java,class,WxCpOaMeetingRoom,oa/meetingroom/wx_cp_oa_meeting_room.rs
weixin-java-cp,me/chanjar/weixin/cp/bean/oa/meetingroom/WxCpOaMeetingRoomBookByMeetingRequest.java,class,WxCpOaMeetingRoomBookByMeetingRequest,oa/meetingroom/wx_cp_oa_meeting_room_book_by_meeting_request.rs
weixin-java-cp,me/chanjar/weixin/cp/bean/oa/meetingroom/WxCpOaMeetingRoomBookByScheduleRequest.java,class,WxCpOaMeetingRoomBookByScheduleRequest,oa/meetingroom/wx_cp_oa_meeting_room_book_by_schedule_request.rs
weixin-java-cp,me/chanjar/weixin/cp/bean/oa/meetingroom/WxCpOaMeetingRoomBookRequest.java,class,WxCpOaMeetingRoomBookRequest,oa/meetingroom/wx_cp_oa_meeting_room_book_request.rs
weixin-java-cp,me/chanjar/weixin/cp/bean/oa/meetingroom/WxCpOaMeetingRoomBookResult.java,class,WxCpOaMeetingRoomBookResult,oa/meetingroom/wx_cp_oa_meeting_room_book_result.rs
weixin-java-cp,me/chanjar/weixin/cp/bean/oa/meetingroom/WxCpOaMeetingRoomBookingInfoByBookingIdRequest.java,class,WxCpOaMeetingRoomBookingInfoByBookingIdRequest,oa/meetingroom/wx_cp_oa_meeting_room_booking_info_by_booking_id_request.rs
weixin-java-cp,me/chanjar/weixin/cp/bean/oa/meetingroom/WxCpOaMeetingRoomBookingInfoByBookingIdResult.java,class,WxCpOaMeetingRoomBookingInfoByBookingIdResult,oa/meetingroom/wx_cp_oa_meeting_room_booking_info_by_booking_id_result.rs
weixin-java-cp,me/chanjar/weixin/cp/bean/oa/meetingroom/WxCpOaMeetingRoomBookingInfoRequest.java,class,WxCpOaMeetingRoomBookingInfoRequest,oa/meetingroom/wx_cp_oa_meeting_room_booking_info_request.rs
weixin-java-cp,me/chanjar/weixin/cp/bean/oa/meetingroom/WxCpOaMeetingRoomBookingInfoResult.java,class,WxCpOaMeetingRoomBookingInfoResult,oa/meetingroom/wx_cp_oa_meeting_room_booking_info_result.rs
weixin-java-cp,me/chanjar/weixin/cp/bean/oa/meetingroom/WxCpOaMeetingRoomCancelBookRequest.java,class,WxCpOaMeetingRoomCancelBookRequest,oa/meetingroom/wx_cp_oa_meeting_room_cancel_book_request.rs
weixin-java-cp,me/chanjar/weixin/cp/bean/oa/selfagent/WxCpOpenApprovalData.java,class,WxCpOpenApprovalData,oa/selfagent/wx_cp_open_approval_data.rs
weixin-java-cp,me/chanjar/weixin/cp/bean/oa/templatedata/TemplateConfig.java,class,TemplateConfig,oa/templatedata/template_config.rs
weixin-java-cp,me/chanjar/weixin/cp/bean/oa/templatedata/TemplateContent.java,class,TemplateContent,oa/templatedata/template_content.rs
weixin-java-cp,me/chanjar/weixin/cp/bean/oa/templatedata/TemplateControls.java,class,TemplateControls,oa/templatedata/template_controls.rs
weixin-java-cp,me/chanjar/weixin/cp/bean/oa/templatedata/TemplateDateRange.java,class,TemplateDateRange,oa/templatedata/template_date_range.rs
weixin-java-cp,me/chanjar/weixin/cp/bean/oa/templatedata/TemplateLocation.java,class,TemplateLocation,oa/templatedata/template_location.rs
weixin-java-cp,me/chanjar/weixin/cp/bean/oa/templatedata/TemplateOptions.java,class,TemplateOptions,oa/templatedata/template_options.rs
weixin-java-cp,me/chanjar/weixin/cp/bean/oa/templatedata/TemplateProperty.java,class,TemplateProperty,oa/templatedata/template_property.rs
weixin-java-cp,me/chanjar/weixin/cp/bean/oa/templatedata/TemplateTips.java,class,TemplateTips,oa/templatedata/template_tips.rs
weixin-java-cp,me/chanjar/weixin/cp/bean/oa/templatedata/TemplateTipsContent.java,class,TemplateTipsContent,oa/templatedata/template_tips_content.rs
weixin-java-cp,me/chanjar/weixin/cp/bean/oa/templatedata/TemplateTipsSubText.java,class,TemplateTipsSubText,oa/templatedata/template_tips_sub_text.rs
weixin-java-cp,me/chanjar/weixin/cp/bean/oa/templatedata/TemplateTipsSubTextContent.java,class,TemplateTipsSubTextContent,oa/templatedata/template_tips_sub_text_content.rs
weixin-java-cp,me/chanjar/weixin/cp/bean/oa/templatedata/TemplateTipsSubTextContentLink.java,class,TemplateTipsSubTextContentLink,oa/templatedata/template_tips_sub_text_content_link.rs
weixin-java-cp,me/chanjar/weixin/cp/bean/oa/templatedata/TemplateTipsSubTextContentPlainText.java,class,TemplateTipsSubTextContentPlainText,oa/templatedata/template_tips_sub_text_content_plain_text.rs
weixin-java-cp,me/chanjar/weixin/cp/bean/oa/templatedata/TemplateTipsText.java,class,TemplateTipsText,oa/templatedata/template_tips_text.rs
weixin-java-cp,me/chanjar/weixin/cp/bean/oa/templatedata/TemplateTitle.java,class,TemplateTitle,oa/templatedata/template_title.rs
weixin-java-cp,me/chanjar/weixin/cp/bean/oa/templatedata/TemplateVacationItem.java,class,TemplateVacationItem,oa/templatedata/template_vacation_item.rs
weixin-java-cp,me/chanjar/weixin/cp/bean/oa/templatedata/control/TemplateAttendance.java,class,TemplateAttendance,templatedata/control/template_attendance.rs
weixin-java-cp,me/chanjar/weixin/cp/bean/oa/templatedata/control/TemplateContact.java,class,TemplateContact,templatedata/control/template_contact.rs
weixin-java-cp,me/chanjar/weixin/cp/bean/oa/templatedata/control/TemplateDate.java,class,TemplateDate,templatedata/control/template_date.rs
weixin-java-cp,me/chanjar/weixin/cp/bean/oa/templatedata/control/TemplateSelector.java,class,TemplateSelector,templatedata/control/template_selector.rs
weixin-java-cp,me/chanjar/weixin/cp/bean/oa/templatedata/control/TemplateTable.java,class,TemplateTable,templatedata/control/template_table.rs
weixin-java-cp,me/chanjar/weixin/cp/bean/oa/templatedata/control/TemplateVacation.java,class,TemplateVacation,templatedata/control/template_vacation.rs
weixin-java-cp,me/chanjar/weixin/cp/bean/oa/wedrive/WxCpFileAclAddRequest.java,class,WxCpFileAclAddRequest,oa/wedrive/wx_cp_file_acl_add_request.rs
weixin-java-cp,me/chanjar/weixin/cp/bean/oa/wedrive/WxCpFileAclDelRequest.java,class,WxCpFileAclDelRequest,oa/wedrive/wx_cp_file_acl_del_request.rs
weixin-java-cp,me/chanjar/weixin/cp/bean/oa/wedrive/WxCpFileCreate.java,class,WxCpFileCreate,oa/wedrive/wx_cp_file_create.rs
weixin-java-cp,me/chanjar/weixin/cp/bean/oa/wedrive/WxCpFileDeleteRequest.java,class,WxCpFileDeleteRequest,oa/wedrive/wx_cp_file_delete_request.rs
weixin-java-cp,me/chanjar/weixin/cp/bean/oa/wedrive/WxCpFileDownload.java,class,WxCpFileDownload,oa/wedrive/wx_cp_file_download.rs
weixin-java-cp,me/chanjar/weixin/cp/bean/oa/wedrive/WxCpFileInfo.java,class,WxCpFileInfo,oa/wedrive/wx_cp_file_info.rs
weixin-java-cp,me/chanjar/weixin/cp/bean/oa/wedrive/WxCpFileList.java,class,WxCpFileList,oa/wedrive/wx_cp_file_list.rs
weixin-java-cp,me/chanjar/weixin/cp/bean/oa/wedrive/WxCpFileListRequest.java,class,WxCpFileListRequest,oa/wedrive/wx_cp_file_list_request.rs
weixin-java-cp,me/chanjar/weixin/cp/bean/oa/wedrive/WxCpFileMove.java,class,WxCpFileMove,oa/wedrive/wx_cp_file_move.rs
weixin-java-cp,me/chanjar/weixin/cp/bean/oa/wedrive/WxCpFileMoveRequest.java,class,WxCpFileMoveRequest,oa/wedrive/wx_cp_file_move_request.rs
weixin-java-cp,me/chanjar/weixin/cp/bean/oa/wedrive/WxCpFileRename.java,class,WxCpFileRename,oa/wedrive/wx_cp_file_rename.rs
weixin-java-cp,me/chanjar/weixin/cp/bean/oa/wedrive/WxCpFileShare.java,class,WxCpFileShare,oa/wedrive/wx_cp_file_share.rs
weixin-java-cp,me/chanjar/weixin/cp/bean/oa/wedrive/WxCpFileUpload.java,class,WxCpFileUpload,oa/wedrive/wx_cp_file_upload.rs
weixin-java-cp,me/chanjar/weixin/cp/bean/oa/wedrive/WxCpFileUploadRequest.java,class,WxCpFileUploadRequest,oa/wedrive/wx_cp_file_upload_request.rs
weixin-java-cp,me/chanjar/weixin/cp/bean/oa/wedrive/WxCpSpaceAclAddRequest.java,class,WxCpSpaceAclAddRequest,oa/wedrive/wx_cp_space_acl_add_request.rs
weixin-java-cp,me/chanjar/weixin/cp/bean/oa/wedrive/WxCpSpaceAclDelRequest.java,class,WxCpSpaceAclDelRequest,oa/wedrive/wx_cp_space_acl_del_request.rs
weixin-java-cp,me/chanjar/weixin/cp/bean/oa/wedrive/WxCpSpaceCreateData.java,class,WxCpSpaceCreateData,oa/wedrive/wx_cp_space_create_data.rs
weixin-java-cp,me/chanjar/weixin/cp/bean/oa/wedrive/WxCpSpaceCreateRequest.java,class,WxCpSpaceCreateRequest,oa/wedrive/wx_cp_space_create_request.rs
weixin-java-cp,me/chanjar/weixin/cp/bean/oa/wedrive/WxCpSpaceInfo.java,class,WxCpSpaceInfo,oa/wedrive/wx_cp_space_info.rs
weixin-java-cp,me/chanjar/weixin/cp/bean/oa/wedrive/WxCpSpaceRenameRequest.java,class,WxCpSpaceRenameRequest,oa/wedrive/wx_cp_space_rename_request.rs
weixin-java-cp,me/chanjar/weixin/cp/bean/oa/wedrive/WxCpSpaceSettingRequest.java,class,WxCpSpaceSettingRequest,oa/wedrive/wx_cp_space_setting_request.rs
weixin-java-cp,me/chanjar/weixin/cp/bean/oa/wedrive/WxCpSpaceShare.java,class,WxCpSpaceShare,oa/wedrive/wx_cp_space_share.rs
weixin-java-cp,me/chanjar/weixin/cp/bean/order/WxCpTpOrderDetails.java,class,WxCpTpOrderDetails,bean/order/wx_cp_tp_order_details.rs
weixin-java-cp,me/chanjar/weixin/cp/bean/order/WxCpTpOrderListGetResult.java,class,WxCpTpOrderListGetResult,bean/order/wx_cp_tp_order_list_get_result.rs
weixin-java-cp,me/chanjar/weixin/cp/bean/outxmlbuilder/BaseBuilder.java,class,BaseBuilder,bean/outxmlbuilder/base_builder.rs
weixin-java-cp,me/chanjar/weixin/cp/bean/outxmlbuilder/EventBuilder.java,class,EventBuilder,bean/outxmlbuilder/event_builder.rs
weixin-java-cp,me/chanjar/weixin/cp/bean/outxmlbuilder/ImageBuilder.java,class,ImageBuilder,bean/outxmlbuilder/image_builder.rs
weixin-java-cp,me/chanjar/weixin/cp/bean/outxmlbuilder/NewsBuilder.java,class,NewsBuilder,bean/outxmlbuilder/news_builder.rs
weixin-java-cp,me/chanjar/weixin/cp/bean/outxmlbuilder/TaskCardBuilder.java,class,TaskCardBuilder,bean/outxmlbuilder/task_card_builder.rs
weixin-java-cp,me/chanjar/weixin/cp/bean/outxmlbuilder/TextBuilder.java,class,TextBuilder,bean/outxmlbuilder/text_builder.rs
weixin-java-cp,me/chanjar/weixin/cp/bean/outxmlbuilder/UpdateButtonBuilder.java,class,UpdateButtonBuilder,bean/outxmlbuilder/update_button_builder.rs
weixin-java-cp,me/chanjar/weixin/cp/bean/outxmlbuilder/VideoBuilder.java,class,VideoBuilder,bean/outxmlbuilder/video_builder.rs
weixin-java-cp,me/chanjar/weixin/cp/bean/outxmlbuilder/VoiceBuilder.java,class,VoiceBuilder,bean/outxmlbuilder/voice_builder.rs
weixin-java-cp,me/chanjar/weixin/cp/bean/school/WxCpCustomizeHealthInfo.java,class,WxCpCustomizeHealthInfo,bean/school/wx_cp_customize_health_info.rs
weixin-java-cp,me/chanjar/weixin/cp/bean/school/WxCpPaymentResult.java,class,WxCpPaymentResult,bean/school/wx_cp_payment_result.rs
weixin-java-cp,me/chanjar/weixin/cp/bean/school/WxCpResultList.java,class,WxCpResultList,bean/school/wx_cp_result_list.rs
weixin-java-cp,me/chanjar/weixin/cp/bean/school/WxCpSchoolLivingInfo.java,class,WxCpSchoolLivingInfo,bean/school/wx_cp_school_living_info.rs
weixin-java-cp,me/chanjar/weixin/cp/bean/school/WxCpSchoolUnwatchStat.java,class,WxCpSchoolUnwatchStat,bean/school/wx_cp_school_unwatch_stat.rs
weixin-java-cp,me/chanjar/weixin/cp/bean/school/WxCpSchoolWatchStat.java,class,WxCpSchoolWatchStat,bean/school/wx_cp_school_watch_stat.rs
weixin-java-cp,me/chanjar/weixin/cp/bean/school/WxCpTrade.java,class,WxCpTrade,bean/school/wx_cp_trade.rs
weixin-java-cp,me/chanjar/weixin/cp/bean/school/health/WxCpGetHealthReportStat.java,class,WxCpGetHealthReportStat,school/health/wx_cp_get_health_report_stat.rs
weixin-java-cp,me/chanjar/weixin/cp/bean/school/health/WxCpGetReportAnswer.java,class,WxCpGetReportAnswer,school/health/wx_cp_get_report_answer.rs
weixin-java-cp,me/chanjar/weixin/cp/bean/school/health/WxCpGetReportJobIds.java,class,WxCpGetReportJobIds,school/health/wx_cp_get_report_job_ids.rs
weixin-java-cp,me/chanjar/weixin/cp/bean/school/health/WxCpGetReportJobInfo.java,class,WxCpGetReportJobInfo,school/health/wx_cp_get_report_job_info.rs
weixin-java-cp,me/chanjar/weixin/cp/bean/school/user/WxCpAllowScope.java,class,WxCpAllowScope,school/user/wx_cp_allow_scope.rs
weixin-java-cp,me/chanjar/weixin/cp/bean/school/user/WxCpBatchCreateParentRequest.java,class,WxCpBatchCreateParentRequest,school/user/wx_cp_batch_create_parent_request.rs
weixin-java-cp,me/chanjar/weixin/cp/bean/school/user/WxCpBatchCreateStudentRequest.java,class,WxCpBatchCreateStudentRequest,school/user/wx_cp_batch_create_student_request.rs
weixin-java-cp,me/chanjar/weixin/cp/bean/school/user/WxCpBatchDeleteStudentRequest.java,class,WxCpBatchDeleteStudentRequest,school/user/wx_cp_batch_delete_student_request.rs
weixin-java-cp,me/chanjar/weixin/cp/bean/school/user/WxCpBatchResultList.java,class,WxCpBatchResultList,school/user/wx_cp_batch_result_list.rs
weixin-java-cp,me/chanjar/weixin/cp/bean/school/user/WxCpBatchUpdateParentRequest.java,class,WxCpBatchUpdateParentRequest,school/user/wx_cp_batch_update_parent_request.rs
weixin-java-cp,me/chanjar/weixin/cp/bean/school/user/WxCpBatchUpdateStudentRequest.java,class,WxCpBatchUpdateStudentRequest,school/user/wx_cp_batch_update_student_request.rs
weixin-java-cp,me/chanjar/weixin/cp/bean/school/user/WxCpCreateDepartment.java,class,WxCpCreateDepartment,school/user/wx_cp_create_department.rs
weixin-java-cp,me/chanjar/weixin/cp/bean/school/user/WxCpCreateDepartmentRequest.java,class,WxCpCreateDepartmentRequest,school/user/wx_cp_create_department_request.rs
weixin-java-cp,me/chanjar/weixin/cp/bean/school/user/WxCpCreateParentRequest.java,class,WxCpCreateParentRequest,school/user/wx_cp_create_parent_request.rs
weixin-java-cp,me/chanjar/weixin/cp/bean/school/user/WxCpDepartmentList.java,class,WxCpDepartmentList,school/user/wx_cp_department_list.rs
weixin-java-cp,me/chanjar/weixin/cp/bean/school/user/WxCpExternalContact.java,class,WxCpExternalContact,school/user/wx_cp_external_contact.rs
weixin-java-cp,me/chanjar/weixin/cp/bean/school/user/WxCpListParentResult.java,class,WxCpListParentResult,school/user/wx_cp_list_parent_result.rs
weixin-java-cp,me/chanjar/weixin/cp/bean/school/user/WxCpSetUpgradeInfo.java,class,WxCpSetUpgradeInfo,school/user/wx_cp_set_upgrade_info.rs
weixin-java-cp,me/chanjar/weixin/cp/bean/school/user/WxCpSubscribeQrCode.java,class,WxCpSubscribeQrCode,school/user/wx_cp_subscribe_qr_code.rs
weixin-java-cp,me/chanjar/weixin/cp/bean/school/user/WxCpUpdateDepartmentRequest.java,class,WxCpUpdateDepartmentRequest,school/user/wx_cp_update_department_request.rs
weixin-java-cp,me/chanjar/weixin/cp/bean/school/user/WxCpUpdateParentRequest.java,class,WxCpUpdateParentRequest,school/user/wx_cp_update_parent_request.rs
weixin-java-cp,me/chanjar/weixin/cp/bean/school/user/WxCpUserListResult.java,class,WxCpUserListResult,school/user/wx_cp_user_list_result.rs
weixin-java-cp,me/chanjar/weixin/cp/bean/school/user/WxCpUserResult.java,class,WxCpUserResult,school/user/wx_cp_user_result.rs
weixin-java-cp,me/chanjar/weixin/cp/bean/taskcard/TaskCardButton.java,class,TaskCardButton,bean/taskcard/task_card_button.rs
weixin-java-cp,me/chanjar/weixin/cp/bean/templatecard/ActionMenuItem.java,class,ActionMenuItem,bean/templatecard/action_menu_item.rs
weixin-java-cp,me/chanjar/weixin/cp/bean/templatecard/CheckboxOption.java,class,CheckboxOption,bean/templatecard/checkbox_option.rs
weixin-java-cp,me/chanjar/weixin/cp/bean/templatecard/HorizontalContent.java,class,HorizontalContent,bean/templatecard/horizontal_content.rs
weixin-java-cp,me/chanjar/weixin/cp/bean/templatecard/MultipleSelect.java,class,MultipleSelect,bean/templatecard/multiple_select.rs
weixin-java-cp,me/chanjar/weixin/cp/bean/templatecard/QuoteArea.java,class,QuoteArea,bean/templatecard/quote_area.rs
weixin-java-cp,me/chanjar/weixin/cp/bean/templatecard/TemplateCardButton.java,class,TemplateCardButton,bean/templatecard/template_card_button.rs
weixin-java-cp,me/chanjar/weixin/cp/bean/templatecard/TemplateCardButtonSelection.java,class,TemplateCardButtonSelection,bean/templatecard/template_card_button_selection.rs
weixin-java-cp,me/chanjar/weixin/cp/bean/templatecard/TemplateCardButtonSelectionOption.java,class,TemplateCardButtonSelectionOption,bean/templatecard/template_card_button_selection_option.rs
weixin-java-cp,me/chanjar/weixin/cp/bean/templatecard/TemplateCardImageTextArea.java,class,TemplateCardImageTextArea,bean/templatecard/template_card_image_text_area.rs
weixin-java-cp,me/chanjar/weixin/cp/bean/templatecard/TemplateCardJump.java,class,TemplateCardJump,bean/templatecard/template_card_jump.rs
weixin-java-cp,me/chanjar/weixin/cp/bean/templatecard/VerticalContent.java,class,VerticalContent,bean/templatecard/vertical_content.rs
weixin-java-cp,me/chanjar/weixin/cp/bean/user/WxCpDeptUserResult.java,class,WxCpDeptUserResult,bean/user/wx_cp_dept_user_result.rs
weixin-java-cp,me/chanjar/weixin/cp/bean/workbench/WorkBenchKeyData.java,class,WorkBenchKeyData,bean/workbench/work_bench_key_data.rs
weixin-java-cp,me/chanjar/weixin/cp/bean/workbench/WorkBenchList.java,class,WorkBenchList,bean/workbench/work_bench_list.rs
weixin-java-cp,me/chanjar/weixin/cp/bean/workbench/WxCpSecondVerificationInfo.java,class,WxCpSecondVerificationInfo,bean/workbench/wx_cp_second_verification_info.rs
weixin-java-cp,me/chanjar/weixin/cp/config/WxCpConfigStorage.java,interface,WxCpConfigStorage,config/wx_cp_config_storage.rs
weixin-java-cp,me/chanjar/weixin/cp/config/WxCpCorpGroupConfigStorage.java,interface,WxCpCorpGroupConfigStorage,config/wx_cp_corp_group_config_storage.rs
weixin-java-cp,me/chanjar/weixin/cp/config/WxCpTpConfigStorage.java,interface,WxCpTpConfigStorage,config/wx_cp_tp_config_storage.rs
weixin-java-cp,me/chanjar/weixin/cp/config/impl/AbstractWxCpInRedisConfigImpl.java,class,AbstractWxCpInRedisConfigImpl,config/impl/abstract_wx_cp_in_redis_config_impl.rs
weixin-java-cp,me/chanjar/weixin/cp/config/impl/AbstractWxCpTpInRedisConfigImpl.java,class,AbstractWxCpTpInRedisConfigImpl,config/impl/abstract_wx_cp_tp_in_redis_config_impl.rs
weixin-java-cp,me/chanjar/weixin/cp/config/impl/WxCpCorpGroupDefaultConfigImpl.java,class,WxCpCorpGroupDefaultConfigImpl,config/impl/wx_cp_corp_group_default_config_impl.rs
weixin-java-cp,me/chanjar/weixin/cp/config/impl/WxCpCorpGroupRedissonConfigImpl.java,class,WxCpCorpGroupRedissonConfigImpl,config/impl/wx_cp_corp_group_redisson_config_impl.rs
weixin-java-cp,me/chanjar/weixin/cp/config/impl/WxCpDefaultConfigImpl.java,class,WxCpDefaultConfigImpl,config/impl/wx_cp_default_config_impl.rs
weixin-java-cp,me/chanjar/weixin/cp/config/impl/WxCpJedisConfigImpl.java,class,WxCpJedisConfigImpl,config/impl/wx_cp_jedis_config_impl.rs
weixin-java-cp,me/chanjar/weixin/cp/config/impl/WxCpRedisConfigImpl.java,class,WxCpRedisConfigImpl,config/impl/wx_cp_redis_config_impl.rs
weixin-java-cp,me/chanjar/weixin/cp/config/impl/WxCpRedisTemplateConfigImpl.java,class,WxCpRedisTemplateConfigImpl,config/impl/wx_cp_redis_template_config_impl.rs
weixin-java-cp,me/chanjar/weixin/cp/config/impl/WxCpRedissonConfigImpl.java,class,WxCpRedissonConfigImpl,config/impl/wx_cp_redisson_config_impl.rs
weixin-java-cp,me/chanjar/weixin/cp/config/impl/WxCpTpDefaultConfigImpl.java,class,WxCpTpDefaultConfigImpl,config/impl/wx_cp_tp_default_config_impl.rs
weixin-java-cp,me/chanjar/weixin/cp/config/impl/WxCpTpJedisConfigImpl.java,class,WxCpTpJedisConfigImpl,config/impl/wx_cp_tp_jedis_config_impl.rs
weixin-java-cp,me/chanjar/weixin/cp/config/impl/WxCpTpRedisTemplateConfigImpl.java,class,WxCpTpRedisTemplateConfigImpl,config/impl/wx_cp_tp_redis_template_config_impl.rs
weixin-java-cp,me/chanjar/weixin/cp/config/impl/WxCpTpRedissonConfigImpl.java,class,WxCpTpRedissonConfigImpl,config/impl/wx_cp_tp_redisson_config_impl.rs
weixin-java-cp,me/chanjar/weixin/cp/constant/WxCpApiPathConsts.java,interface,WxCpApiPathConsts,constant/wx_cp_api_path_consts.rs
weixin-java-cp,me/chanjar/weixin/cp/constant/WxCpConsts.java,class,WxCpConsts,constant/wx_cp_consts.rs
weixin-java-cp,me/chanjar/weixin/cp/constant/WxCpTpConsts.java,class,WxCpTpConsts,constant/wx_cp_tp_consts.rs
weixin-java-cp,me/chanjar/weixin/cp/corpgroup/service/WxCpCgService.java,interface,WxCpCgService,corpgroup/service/wx_cp_cg_service.rs
weixin-java-cp,me/chanjar/weixin/cp/corpgroup/service/WxCpLinkedCorpService.java,interface,WxCpLinkedCorpService,corpgroup/service/wx_cp_linked_corp_service.rs
weixin-java-cp,me/chanjar/weixin/cp/corpgroup/service/impl/BaseWxCpCgServiceImpl.java,class,BaseWxCpCgServiceImpl,service/impl/base_wx_cp_cg_service_impl.rs
weixin-java-cp,me/chanjar/weixin/cp/corpgroup/service/impl/WxCpCgServiceApacheHttpClientImpl.java,class,WxCpCgServiceApacheHttpClientImpl,service/impl/wx_cp_cg_service_apache_http_client_impl.rs
weixin-java-cp,me/chanjar/weixin/cp/corpgroup/service/impl/WxCpCgServiceHttpComponentsImpl.java,class,WxCpCgServiceHttpComponentsImpl,service/impl/wx_cp_cg_service_http_components_impl.rs
weixin-java-cp,me/chanjar/weixin/cp/corpgroup/service/impl/WxCpLinkedCorpServiceImpl.java,class,WxCpLinkedCorpServiceImpl,service/impl/wx_cp_linked_corp_service_impl.rs
weixin-java-cp,me/chanjar/weixin/cp/message/WxCpMessageHandler.java,interface,WxCpMessageHandler,message/wx_cp_message_handler.rs
weixin-java-cp,me/chanjar/weixin/cp/message/WxCpMessageInterceptor.java,interface,WxCpMessageInterceptor,message/wx_cp_message_interceptor.rs
weixin-java-cp,me/chanjar/weixin/cp/message/WxCpMessageMatcher.java,interface,WxCpMessageMatcher,message/wx_cp_message_matcher.rs
weixin-java-cp,me/chanjar/weixin/cp/message/WxCpMessageRouter.java,class,WxCpMessageRouter,message/wx_cp_message_router.rs
weixin-java-cp,me/chanjar/weixin/cp/message/WxCpMessageRouterRule.java,class,WxCpMessageRouterRule,message/wx_cp_message_router_rule.rs
weixin-java-cp,me/chanjar/weixin/cp/tp/message/WxCpTpMessageHandler.java,interface,WxCpTpMessageHandler,tp/message/wx_cp_tp_message_handler.rs
weixin-java-cp,me/chanjar/weixin/cp/tp/message/WxCpTpMessageInterceptor.java,interface,WxCpTpMessageInterceptor,tp/message/wx_cp_tp_message_interceptor.rs
weixin-java-cp,me/chanjar/weixin/cp/tp/message/WxCpTpMessageMatcher.java,interface,WxCpTpMessageMatcher,tp/message/wx_cp_tp_message_matcher.rs
weixin-java-cp,me/chanjar/weixin/cp/tp/message/WxCpTpMessageRouter.java,class,WxCpTpMessageRouter,tp/message/wx_cp_tp_message_router.rs
weixin-java-cp,me/chanjar/weixin/cp/tp/message/WxCpTpMessageRouterRule.java,class,WxCpTpMessageRouterRule,tp/message/wx_cp_tp_message_router_rule.rs
weixin-java-cp,me/chanjar/weixin/cp/tp/service/WxCpTpContactService.java,interface,WxCpTpContactService,tp/service/wx_cp_tp_contact_service.rs
weixin-java-cp,me/chanjar/weixin/cp/tp/service/WxCpTpCustomizedService.java,interface,WxCpTpCustomizedService,tp/service/wx_cp_tp_customized_service.rs
weixin-java-cp,me/chanjar/weixin/cp/tp/service/WxCpTpDepartmentService.java,interface,WxCpTpDepartmentService,tp/service/wx_cp_tp_department_service.rs
weixin-java-cp,me/chanjar/weixin/cp/tp/service/WxCpTpEditionService.java,interface,WxCpTpEditionService,tp/service/wx_cp_tp_edition_service.rs
weixin-java-cp,me/chanjar/weixin/cp/tp/service/WxCpTpIdConvertService.java,interface,WxCpTpIdConvertService,tp/service/wx_cp_tp_id_convert_service.rs
weixin-java-cp,me/chanjar/weixin/cp/tp/service/WxCpTpLicenseService.java,interface,WxCpTpLicenseService,tp/service/wx_cp_tp_license_service.rs
weixin-java-cp,me/chanjar/weixin/cp/tp/service/WxCpTpMediaService.java,interface,WxCpTpMediaService,tp/service/wx_cp_tp_media_service.rs
weixin-java-cp,me/chanjar/weixin/cp/tp/service/WxCpTpMessageService.java,interface,WxCpTpMessageService,tp/service/wx_cp_tp_message_service.rs
weixin-java-cp,me/chanjar/weixin/cp/tp/service/WxCpTpOAService.java,interface,WxCpTpOAService,tp/service/wx_cp_tp_oa_service.rs
weixin-java-cp,me/chanjar/weixin/cp/tp/service/WxCpTpOAuth2Service.java,interface,WxCpTpOAuth2Service,tp/service/wx_cp_tp_o_auth2_service.rs
weixin-java-cp,me/chanjar/weixin/cp/tp/service/WxCpTpOrderService.java,interface,WxCpTpOrderService,tp/service/wx_cp_tp_order_service.rs
weixin-java-cp,me/chanjar/weixin/cp/tp/service/WxCpTpService.java,interface,WxCpTpService,tp/service/wx_cp_tp_service.rs
weixin-java-cp,me/chanjar/weixin/cp/tp/service/WxCpTpTagService.java,interface,WxCpTpTagService,tp/service/wx_cp_tp_tag_service.rs
weixin-java-cp,me/chanjar/weixin/cp/tp/service/WxCpTpUserService.java,interface,WxCpTpUserService,tp/service/wx_cp_tp_user_service.rs
weixin-java-cp,me/chanjar/weixin/cp/tp/service/impl/BaseWxCpTpServiceImpl.java,class,BaseWxCpTpServiceImpl,service/impl/base_wx_cp_tp_service_impl.rs
weixin-java-cp,me/chanjar/weixin/cp/tp/service/impl/WxCpTpContactServiceImpl.java,class,WxCpTpContactServiceImpl,service/impl/wx_cp_tp_contact_service_impl.rs
weixin-java-cp,me/chanjar/weixin/cp/tp/service/impl/WxCpTpCustomizedServiceImpl.java,class,WxCpTpCustomizedServiceImpl,service/impl/wx_cp_tp_customized_service_impl.rs
weixin-java-cp,me/chanjar/weixin/cp/tp/service/impl/WxCpTpDepartmentServiceImpl.java,class,WxCpTpDepartmentServiceImpl,service/impl/wx_cp_tp_department_service_impl.rs
weixin-java-cp,me/chanjar/weixin/cp/tp/service/impl/WxCpTpEditionServiceImpl.java,class,WxCpTpEditionServiceImpl,service/impl/wx_cp_tp_edition_service_impl.rs
weixin-java-cp,me/chanjar/weixin/cp/tp/service/impl/WxCpTpIdConvertServiceImpl.java,class,WxCpTpIdConvertServiceImpl,service/impl/wx_cp_tp_id_convert_service_impl.rs
weixin-java-cp,me/chanjar/weixin/cp/tp/service/impl/WxCpTpLicenseServiceImpl.java,class,WxCpTpLicenseServiceImpl,service/impl/wx_cp_tp_license_service_impl.rs
weixin-java-cp,me/chanjar/weixin/cp/tp/service/impl/WxCpTpMediaServiceImpl.java,class,WxCpTpMediaServiceImpl,service/impl/wx_cp_tp_media_service_impl.rs
weixin-java-cp,me/chanjar/weixin/cp/tp/service/impl/WxCpTpMessageServiceImpl.java,class,WxCpTpMessageServiceImpl,service/impl/wx_cp_tp_message_service_impl.rs
weixin-java-cp,me/chanjar/weixin/cp/tp/service/impl/WxCpTpOAServiceImpl.java,class,WxCpTpOAServiceImpl,service/impl/wx_cp_tp_oa_service_impl.rs
weixin-java-cp,me/chanjar/weixin/cp/tp/service/impl/WxCpTpOAuth2ServiceImpl.java,class,WxCpTpOAuth2ServiceImpl,service/impl/wx_cp_tp_o_auth2_service_impl.rs
weixin-java-cp,me/chanjar/weixin/cp/tp/service/impl/WxCpTpOrderServiceImpl.java,class,WxCpTpOrderServiceImpl,service/impl/wx_cp_tp_order_service_impl.rs
weixin-java-cp,me/chanjar/weixin/cp/tp/service/impl/WxCpTpServiceApacheHttpClientImpl.java,class,WxCpTpServiceApacheHttpClientImpl,service/impl/wx_cp_tp_service_apache_http_client_impl.rs
weixin-java-cp,me/chanjar/weixin/cp/tp/service/impl/WxCpTpServiceHttpComponentsImpl.java,class,WxCpTpServiceHttpComponentsImpl,service/impl/wx_cp_tp_service_http_components_impl.rs
weixin-java-cp,me/chanjar/weixin/cp/tp/service/impl/WxCpTpServiceImpl.java,class,WxCpTpServiceImpl,service/impl/wx_cp_tp_service_impl.rs
weixin-java-cp,me/chanjar/weixin/cp/tp/service/impl/WxCpTpServiceJoddHttpImpl.java,class,WxCpTpServiceJoddHttpImpl,service/impl/wx_cp_tp_service_jodd_http_impl.rs
weixin-java-cp,me/chanjar/weixin/cp/tp/service/impl/WxCpTpServiceOkHttpImpl.java,class,WxCpTpServiceOkHttpImpl,service/impl/wx_cp_tp_service_ok_http_impl.rs
weixin-java-cp,me/chanjar/weixin/cp/tp/service/impl/WxCpTpTagServiceImpl.java,class,WxCpTpTagServiceImpl,service/impl/wx_cp_tp_tag_service_impl.rs
weixin-java-cp,me/chanjar/weixin/cp/tp/service/impl/WxCpTpUserServiceImpl.java,class,WxCpTpUserServiceImpl,service/impl/wx_cp_tp_user_service_impl.rs
weixin-java-cp,me/chanjar/weixin/cp/util/crypto/WxCpCryptUtil.java,class,WxCpCryptUtil,util/crypto/wx_cp_crypt_util.rs
weixin-java-cp,me/chanjar/weixin/cp/util/crypto/WxCpTpCryptUtil.java,class,WxCpTpCryptUtil,util/crypto/wx_cp_tp_crypt_util.rs
weixin-java-cp,me/chanjar/weixin/cp/util/json/StatisticListAdapter.java,class,StatisticListAdapter,util/json/statistic_list_adapter.rs
weixin-java-cp,me/chanjar/weixin/cp/util/json/WxCpChatGsonAdapter.java,class,WxCpChatGsonAdapter,util/json/wx_cp_chat_gson_adapter.rs
weixin-java-cp,me/chanjar/weixin/cp/util/json/WxCpConclusionAdapter.java,class,WxCpConclusionAdapter,util/json/wx_cp_conclusion_adapter.rs
weixin-java-cp,me/chanjar/weixin/cp/util/json/WxCpDepartGsonAdapter.java,class,WxCpDepartGsonAdapter,util/json/wx_cp_depart_gson_adapter.rs
weixin-java-cp,me/chanjar/weixin/cp/util/json/WxCpGsonBuilder.java,class,WxCpGsonBuilder,util/json/wx_cp_gson_builder.rs
weixin-java-cp,me/chanjar/weixin/cp/util/json/WxCpMenuGsonAdapter.java,class,WxCpMenuGsonAdapter,util/json/wx_cp_menu_gson_adapter.rs
weixin-java-cp,me/chanjar/weixin/cp/util/json/WxCpTagGsonAdapter.java,class,WxCpTagGsonAdapter,util/json/wx_cp_tag_gson_adapter.rs
weixin-java-cp,me/chanjar/weixin/cp/util/json/WxCpUserGsonAdapter.java,class,WxCpUserGsonAdapter,util/json/wx_cp_user_gson_adapter.rs
weixin-java-cp,me/chanjar/weixin/cp/util/xml/XStreamTransformer.java,class,XStreamTransformer,util/xml/x_stream_transformer.rs
weixin-java-open,me/chanjar/weixin/open/api/WxOpenComponentService.java,interface,WxOpenComponentService,api/wx_open_component_service.rs
weixin-java-open,me/chanjar/weixin/open/api/WxOpenConfigStorage.java,interface,WxOpenConfigStorage,api/wx_open_config_storage.rs
weixin-java-open,me/chanjar/weixin/open/api/WxOpenFastMaService.java,interface,WxOpenFastMaService,api/wx_open_fast_ma_service.rs
weixin-java-open,me/chanjar/weixin/open/api/WxOpenMaAuthAndIcpService.java,interface,WxOpenMaAuthAndIcpService,api/wx_open_ma_auth_and_icp_service.rs
weixin-java-open,me/chanjar/weixin/open/api/WxOpenMaAuthService.java,interface,WxOpenMaAuthService,api/wx_open_ma_auth_service.rs
weixin-java-open,me/chanjar/weixin/open/api/WxOpenMaBasicService.java,interface,WxOpenMaBasicService,api/wx_open_ma_basic_service.rs
weixin-java-open,me/chanjar/weixin/open/api/WxOpenMaEmbeddedService.java,interface,WxOpenMaEmbeddedService,api/wx_open_ma_embedded_service.rs
weixin-java-open,me/chanjar/weixin/open/api/WxOpenMaIcpService.java,interface,WxOpenMaIcpService,api/wx_open_ma_icp_service.rs
weixin-java-open,me/chanjar/weixin/open/api/WxOpenMaPrivacyService.java,interface,WxOpenMaPrivacyService,api/wx_open_ma_privacy_service.rs
weixin-java-open,me/chanjar/weixin/open/api/WxOpenMaService.java,interface,WxOpenMaService,api/wx_open_ma_service.rs
weixin-java-open,me/chanjar/weixin/open/api/WxOpenMaShoppingOrdersService.java,interface,WxOpenMaShoppingOrdersService,api/wx_open_ma_shopping_orders_service.rs
weixin-java-open,me/chanjar/weixin/open/api/WxOpenMinishopGoodsService.java,interface,WxOpenMinishopGoodsService,api/wx_open_minishop_goods_service.rs
weixin-java-open,me/chanjar/weixin/open/api/WxOpenMinishopService.java,interface,WxOpenMinishopService,api/wx_open_minishop_service.rs
weixin-java-open,me/chanjar/weixin/open/api/WxOpenMpService.java,interface,WxOpenMpService,api/wx_open_mp_service.rs
weixin-java-open,me/chanjar/weixin/open/api/WxOpenService.java,interface,WxOpenService,api/wx_open_service.rs
weixin-java-open,me/chanjar/weixin/open/api/impl/AbstractWxOpenInRedisConfigStorage.java,class,AbstractWxOpenInRedisConfigStorage,api/impl/abstract_wx_open_in_redis_config_storage.rs
weixin-java-open,me/chanjar/weixin/open/api/impl/WxOpenComponentServiceImpl.java,class,WxOpenComponentServiceImpl,api/impl/wx_open_component_service_impl.rs
weixin-java-open,me/chanjar/weixin/open/api/impl/WxOpenFastMaServiceImpl.java,class,WxOpenFastMaServiceImpl,api/impl/wx_open_fast_ma_service_impl.rs
weixin-java-open,me/chanjar/weixin/open/api/impl/WxOpenInMemoryConfigStorage.java,class,WxOpenInMemoryConfigStorage,api/impl/wx_open_in_memory_config_storage.rs
weixin-java-open,me/chanjar/weixin/open/api/impl/WxOpenInRedisConfigStorage.java,class,WxOpenInRedisConfigStorage,api/impl/wx_open_in_redis_config_storage.rs
weixin-java-open,me/chanjar/weixin/open/api/impl/WxOpenInRedisTemplateConfigStorage.java,class,WxOpenInRedisTemplateConfigStorage,api/impl/wx_open_in_redis_template_config_storage.rs
weixin-java-open,me/chanjar/weixin/open/api/impl/WxOpenInRedissonConfigStorage.java,class,WxOpenInRedissonConfigStorage,api/impl/wx_open_in_redisson_config_storage.rs
weixin-java-open,me/chanjar/weixin/open/api/impl/WxOpenMaAuthAndIcpServiceImpl.java,class,WxOpenMaAuthAndIcpServiceImpl,api/impl/wx_open_ma_auth_and_icp_service_impl.rs
weixin-java-open,me/chanjar/weixin/open/api/impl/WxOpenMaAuthServiceImpl.java,class,WxOpenMaAuthServiceImpl,api/impl/wx_open_ma_auth_service_impl.rs
weixin-java-open,me/chanjar/weixin/open/api/impl/WxOpenMaBasicServiceImpl.java,class,WxOpenMaBasicServiceImpl,api/impl/wx_open_ma_basic_service_impl.rs
weixin-java-open,me/chanjar/weixin/open/api/impl/WxOpenMaEmbeddedServiceImpl.java,class,WxOpenMaEmbeddedServiceImpl,api/impl/wx_open_ma_embedded_service_impl.rs
weixin-java-open,me/chanjar/weixin/open/api/impl/WxOpenMaIcpServiceImpl.java,class,WxOpenMaIcpServiceImpl,api/impl/wx_open_ma_icp_service_impl.rs
weixin-java-open,me/chanjar/weixin/open/api/impl/WxOpenMaPrivacyServiceImpl.java,class,WxOpenMaPrivacyServiceImpl,api/impl/wx_open_ma_privacy_service_impl.rs
weixin-java-open,me/chanjar/weixin/open/api/impl/WxOpenMaServiceImpl.java,class,WxOpenMaServiceImpl,api/impl/wx_open_ma_service_impl.rs
weixin-java-open,me/chanjar/weixin/open/api/impl/WxOpenMaShoppingOrdersServiceImpl.java,class,WxOpenMaShoppingOrdersServiceImpl,api/impl/wx_open_ma_shopping_orders_service_impl.rs
weixin-java-open,me/chanjar/weixin/open/api/impl/WxOpenMessageRouter.java,class,WxOpenMessageRouter,api/impl/wx_open_message_router.rs
weixin-java-open,me/chanjar/weixin/open/api/impl/WxOpenMinishopGoodsServiceImpl.java,class,WxOpenMinishopGoodsServiceImpl,api/impl/wx_open_minishop_goods_service_impl.rs
weixin-java-open,me/chanjar/weixin/open/api/impl/WxOpenMinishopServiceImpl.java,class,WxOpenMinishopServiceImpl,api/impl/wx_open_minishop_service_impl.rs
weixin-java-open,me/chanjar/weixin/open/api/impl/WxOpenMpOAuth2ServiceImpl.java,class,WxOpenMpOAuth2ServiceImpl,api/impl/wx_open_mp_o_auth2_service_impl.rs
weixin-java-open,me/chanjar/weixin/open/api/impl/WxOpenMpServiceImpl.java,class,WxOpenMpServiceImpl,api/impl/wx_open_mp_service_impl.rs
weixin-java-open,me/chanjar/weixin/open/api/impl/WxOpenOAuth2ServiceImpl.java,class,WxOpenOAuth2ServiceImpl,api/impl/wx_open_o_auth2_service_impl.rs
weixin-java-open,me/chanjar/weixin/open/api/impl/WxOpenServiceAbstractImpl.java,class,WxOpenServiceAbstractImpl,api/impl/wx_open_service_abstract_impl.rs
weixin-java-open,me/chanjar/weixin/open/api/impl/WxOpenServiceApacheHttpClientImpl.java,class,WxOpenServiceApacheHttpClientImpl,api/impl/wx_open_service_apache_http_client_impl.rs
weixin-java-open,me/chanjar/weixin/open/api/impl/WxOpenServiceHttpComponentsImpl.java,class,WxOpenServiceHttpComponentsImpl,api/impl/wx_open_service_http_components_impl.rs
weixin-java-open,me/chanjar/weixin/open/api/impl/WxOpenServiceImpl.java,class,WxOpenServiceImpl,api/impl/wx_open_service_impl.rs
weixin-java-open,me/chanjar/weixin/open/bean/CommonUploadMultiParam.java,class,CommonUploadMultiParam,bean/common_upload_multi_param.rs
weixin-java-open,me/chanjar/weixin/open/bean/WxOpenAuthorizerAccessToken.java,class,WxOpenAuthorizerAccessToken,bean/wx_open_authorizer_access_token.rs
weixin-java-open,me/chanjar/weixin/open/bean/WxOpenComponentAccessToken.java,class,WxOpenComponentAccessToken,bean/wx_open_component_access_token.rs
weixin-java-open,me/chanjar/weixin/open/bean/WxOpenCreateResult.java,class,WxOpenCreateResult,bean/wx_open_create_result.rs
weixin-java-open,me/chanjar/weixin/open/bean/WxOpenGetResult.java,class,WxOpenGetResult,bean/wx_open_get_result.rs
weixin-java-open,me/chanjar/weixin/open/bean/WxOpenMaCodeTemplate.java,class,WxOpenMaCodeTemplate,bean/wx_open_ma_code_template.rs
weixin-java-open,me/chanjar/weixin/open/bean/auth/MaAuthQueryIdentityTreeResult.java,class,MaAuthQueryIdentityTreeResult,bean/auth/ma_auth_query_identity_tree_result.rs
weixin-java-open,me/chanjar/weixin/open/bean/auth/MaAuthQueryIdentityTreeResultIdentityLeaf.java,class,MaAuthQueryIdentityTreeResultIdentityLeaf,bean/auth/ma_auth_query_identity_tree_result_identity_leaf.rs
weixin-java-open,me/chanjar/weixin/open/bean/auth/MaAuthQueryIdentityTreeResultIdentityNode.java,class,MaAuthQueryIdentityTreeResultIdentityNode,bean/auth/ma_auth_query_identity_tree_result_identity_node.rs
weixin-java-open,me/chanjar/weixin/open/bean/auth/MaAuthQueryResult.java,class,MaAuthQueryResult,bean/auth/ma_auth_query_result.rs
weixin-java-open,me/chanjar/weixin/open/bean/auth/MaAuthQueryResultDispatchInfo.java,class,MaAuthQueryResultDispatchInfo,bean/auth/ma_auth_query_result_dispatch_info.rs
weixin-java-open,me/chanjar/weixin/open/bean/auth/MaAuthResubmitParam.java,class,MaAuthResubmitParam,bean/auth/ma_auth_resubmit_param.rs
weixin-java-open,me/chanjar/weixin/open/bean/auth/MaAuthResubmitParamAuthData.java,class,MaAuthResubmitParamAuthData,bean/auth/ma_auth_resubmit_param_auth_data.rs
weixin-java-open,me/chanjar/weixin/open/bean/auth/MaAuthSubmitParam.java,class,MaAuthSubmitParam,bean/auth/ma_auth_submit_param.rs
weixin-java-open,me/chanjar/weixin/open/bean/auth/MaAuthSubmitParamAuthData.java,class,MaAuthSubmitParamAuthData,bean/auth/ma_auth_submit_param_auth_data.rs
weixin-java-open,me/chanjar/weixin/open/bean/auth/MaAuthSubmitParamContactInfo.java,class,MaAuthSubmitParamContactInfo,bean/auth/ma_auth_submit_param_contact_info.rs
weixin-java-open,me/chanjar/weixin/open/bean/auth/MaAuthSubmitParamInvoiceElectronic.java,class,MaAuthSubmitParamInvoiceElectronic,bean/auth/ma_auth_submit_param_invoice_electronic.rs
weixin-java-open,me/chanjar/weixin/open/bean/auth/MaAuthSubmitParamInvoiceInfo.java,class,MaAuthSubmitParamInvoiceInfo,bean/auth/ma_auth_submit_param_invoice_info.rs
weixin-java-open,me/chanjar/weixin/open/bean/auth/MaAuthSubmitParamInvoiceVat.java,class,MaAuthSubmitParamInvoiceVat,bean/auth/ma_auth_submit_param_invoice_vat.rs
weixin-java-open,me/chanjar/weixin/open/bean/auth/MaAuthSubmitResult.java,class,MaAuthSubmitResult,bean/auth/ma_auth_submit_result.rs
weixin-java-open,me/chanjar/weixin/open/bean/auth/MaAuthUploadResult.java,class,MaAuthUploadResult,bean/auth/ma_auth_upload_result.rs
weixin-java-open,me/chanjar/weixin/open/bean/auth/WxOpenAuthorizationInfo.java,class,WxOpenAuthorizationInfo,bean/auth/wx_open_authorization_info.rs
weixin-java-open,me/chanjar/weixin/open/bean/auth/WxOpenAuthorizerInfo.java,class,WxOpenAuthorizerInfo,bean/auth/wx_open_authorizer_info.rs
weixin-java-open,me/chanjar/weixin/open/bean/auth/WxOpenMiniProgramInfo.java,class,WxOpenMiniProgramInfo,bean/auth/wx_open_mini_program_info.rs
weixin-java-open,me/chanjar/weixin/open/bean/authandicp/WxOpenQueryAuthAndIcpResult.java,class,WxOpenQueryAuthAndIcpResult,bean/authandicp/wx_open_query_auth_and_icp_result.rs
weixin-java-open,me/chanjar/weixin/open/bean/authandicp/WxOpenSubmitAuthAndIcpParam.java,class,WxOpenSubmitAuthAndIcpParam,bean/authandicp/wx_open_submit_auth_and_icp_param.rs
weixin-java-open,me/chanjar/weixin/open/bean/authandicp/WxOpenSubmitAuthAndIcpResult.java,class,WxOpenSubmitAuthAndIcpResult,bean/authandicp/wx_open_submit_auth_and_icp_result.rs
weixin-java-open,me/chanjar/weixin/open/bean/icp/WxOpenApplyIcpFilingParam.java,class,WxOpenApplyIcpFilingParam,bean/icp/wx_open_apply_icp_filing_param.rs
weixin-java-open,me/chanjar/weixin/open/bean/icp/WxOpenApplyIcpFilingResult.java,class,WxOpenApplyIcpFilingResult,bean/icp/wx_open_apply_icp_filing_result.rs
weixin-java-open,me/chanjar/weixin/open/bean/icp/WxOpenCreateIcpVerifyTaskParam.java,class,WxOpenCreateIcpVerifyTaskParam,bean/icp/wx_open_create_icp_verify_task_param.rs
weixin-java-open,me/chanjar/weixin/open/bean/icp/WxOpenIcpCreateIcpVerifyTaskResult.java,class,WxOpenIcpCreateIcpVerifyTaskResult,bean/icp/wx_open_icp_create_icp_verify_task_result.rs
weixin-java-open,me/chanjar/weixin/open/bean/icp/WxOpenIcpEntranceInfoResult.java,class,WxOpenIcpEntranceInfoResult,bean/icp/wx_open_icp_entrance_info_result.rs
weixin-java-open,me/chanjar/weixin/open/bean/icp/WxOpenIcpVerifyTaskResult.java,class,WxOpenIcpVerifyTaskResult,bean/icp/wx_open_icp_verify_task_result.rs
weixin-java-open,me/chanjar/weixin/open/bean/icp/WxOpenOnlineIcpOrderResult.java,class,WxOpenOnlineIcpOrderResult,bean/icp/wx_open_online_icp_order_result.rs
weixin-java-open,me/chanjar/weixin/open/bean/icp/WxOpenQueryAuthAndIcpResult.java,class,WxOpenQueryAuthAndIcpResult,bean/icp/wx_open_query_auth_and_icp_result.rs
weixin-java-open,me/chanjar/weixin/open/bean/icp/WxOpenQueryIcpCertificateTypeResult.java,class,WxOpenQueryIcpCertificateTypeResult,bean/icp/wx_open_query_icp_certificate_type_result.rs
weixin-java-open,me/chanjar/weixin/open/bean/icp/WxOpenQueryIcpDistrictCodeResult.java,class,WxOpenQueryIcpDistrictCodeResult,bean/icp/wx_open_query_icp_district_code_result.rs
weixin-java-open,me/chanjar/weixin/open/bean/icp/WxOpenQueryIcpNrlxTypesResult.java,class,WxOpenQueryIcpNrlxTypesResult,bean/icp/wx_open_query_icp_nrlx_types_result.rs
weixin-java-open,me/chanjar/weixin/open/bean/icp/WxOpenQueryIcpServiceContentTypesResult.java,class,WxOpenQueryIcpServiceContentTypesResult,bean/icp/wx_open_query_icp_service_content_types_result.rs
weixin-java-open,me/chanjar/weixin/open/bean/icp/WxOpenQueryIcpSubjectTypeResult.java,class,WxOpenQueryIcpSubjectTypeResult,bean/icp/wx_open_query_icp_subject_type_result.rs
weixin-java-open,me/chanjar/weixin/open/bean/icp/WxOpenSubmitAuthAndIcpParam.java,class,WxOpenSubmitAuthAndIcpParam,bean/icp/wx_open_submit_auth_and_icp_param.rs
weixin-java-open,me/chanjar/weixin/open/bean/icp/WxOpenSubmitAuthAndIcpResult.java,class,WxOpenSubmitAuthAndIcpResult,bean/icp/wx_open_submit_auth_and_icp_result.rs
weixin-java-open,me/chanjar/weixin/open/bean/icp/WxOpenUploadIcpMediaParam.java,class,WxOpenUploadIcpMediaParam,bean/icp/wx_open_upload_icp_media_param.rs
weixin-java-open,me/chanjar/weixin/open/bean/icp/WxOpenUploadIcpMediaResult.java,class,WxOpenUploadIcpMediaResult,bean/icp/wx_open_upload_icp_media_result.rs
weixin-java-open,me/chanjar/weixin/open/bean/ma/WxFastMaCategory.java,class,WxFastMaCategory,bean/ma/wx_fast_ma_category.rs
weixin-java-open,me/chanjar/weixin/open/bean/ma/WxMaOpenCommitExtInfo.java,class,WxMaOpenCommitExtInfo,bean/ma/wx_ma_open_commit_ext_info.rs
weixin-java-open,me/chanjar/weixin/open/bean/ma/WxMaOpenCommitStandardExt.java,class,WxMaOpenCommitStandardExt,bean/ma/wx_ma_open_commit_standard_ext.rs
weixin-java-open,me/chanjar/weixin/open/bean/ma/WxMaOpenNetworkTimeout.java,class,WxMaOpenNetworkTimeout,bean/ma/wx_ma_open_network_timeout.rs
weixin-java-open,me/chanjar/weixin/open/bean/ma/WxMaOpenPage.java,class,WxMaOpenPage,bean/ma/wx_ma_open_page.rs
weixin-java-open,me/chanjar/weixin/open/bean/ma/WxMaOpenSubpackage.java,class,WxMaOpenSubpackage,bean/ma/wx_ma_open_subpackage.rs
weixin-java-open,me/chanjar/weixin/open/bean/ma/WxMaOpenTab.java,class,WxMaOpenTab,bean/ma/wx_ma_open_tab.rs
weixin-java-open,me/chanjar/weixin/open/bean/ma/WxMaOpenTabBar.java,class,WxMaOpenTabBar,bean/ma/wx_ma_open_tab_bar.rs
weixin-java-open,me/chanjar/weixin/open/bean/ma/WxMaOpenWindow.java,class,WxMaOpenWindow,bean/ma/wx_ma_open_window.rs
weixin-java-open,me/chanjar/weixin/open/bean/ma/WxMaPrefetchDomain.java,class,WxMaPrefetchDomain,bean/ma/wx_ma_prefetch_domain.rs
weixin-java-open,me/chanjar/weixin/open/bean/ma/WxMaQrcodeParam.java,class,WxMaQrcodeParam,bean/ma/wx_ma_qrcode_param.rs
weixin-java-open,me/chanjar/weixin/open/bean/ma/WxMaScheme.java,class,WxMaScheme,bean/ma/wx_ma_scheme.rs
weixin-java-open,me/chanjar/weixin/open/bean/ma/WxMaVerifyBetaWeappVerifyInfo.java,class,WxMaVerifyBetaWeappVerifyInfo,bean/ma/wx_ma_verify_beta_weapp_verify_info.rs
weixin-java-open,me/chanjar/weixin/open/bean/ma/WxOpenMaApplyOrderPathInfo.java,class,WxOpenMaApplyOrderPathInfo,bean/ma/wx_open_ma_apply_order_path_info.rs
weixin-java-open,me/chanjar/weixin/open/bean/ma/WxOpenMaCategory.java,class,WxOpenMaCategory,bean/ma/wx_open_ma_category.rs
weixin-java-open,me/chanjar/weixin/open/bean/ma/WxOpenMaEmbedded.java,class,WxOpenMaEmbedded,bean/ma/wx_open_ma_embedded.rs
weixin-java-open,me/chanjar/weixin/open/bean/ma/WxOpenMaHistoryVersion.java,class,WxOpenMaHistoryVersion,bean/ma/wx_open_ma_history_version.rs
weixin-java-open,me/chanjar/weixin/open/bean/ma/WxOpenMaMember.java,class,WxOpenMaMember,bean/ma/wx_open_ma_member.rs
weixin-java-open,me/chanjar/weixin/open/bean/ma/privacy/ApplyPrivacyInterface.java,class,ApplyPrivacyInterface,ma/privacy/apply_privacy_interface.rs
weixin-java-open,me/chanjar/weixin/open/bean/ma/privacy/ApplyPrivacyInterfaceResult.java,class,ApplyPrivacyInterfaceResult,ma/privacy/apply_privacy_interface_result.rs
weixin-java-open,me/chanjar/weixin/open/bean/ma/privacy/GetPrivacyInterfaceResult.java,class,GetPrivacyInterfaceResult,ma/privacy/get_privacy_interface_result.rs
weixin-java-open,me/chanjar/weixin/open/bean/ma/privacy/GetPrivacySettingResult.java,class,GetPrivacySettingResult,ma/privacy/get_privacy_setting_result.rs
weixin-java-open,me/chanjar/weixin/open/bean/ma/privacy/PrivacyKeyEnum.java,enum,PrivacyKeyEnum,ma/privacy/privacy_key_enum.rs
weixin-java-open,me/chanjar/weixin/open/bean/ma/privacy/PrivacyOwnerSetting.java,class,PrivacyOwnerSetting,ma/privacy/privacy_owner_setting.rs
weixin-java-open,me/chanjar/weixin/open/bean/ma/privacy/SetPrivacySetting.java,class,SetPrivacySetting,ma/privacy/set_privacy_setting.rs
weixin-java-open,me/chanjar/weixin/open/bean/ma/privacy/UploadPrivacyFileResult.java,class,UploadPrivacyFileResult,ma/privacy/upload_privacy_file_result.rs
weixin-java-open,me/chanjar/weixin/open/bean/message/WxOpenMaSubmitAuditMessage.java,class,WxOpenMaSubmitAuditMessage,bean/message/wx_open_ma_submit_audit_message.rs
weixin-java-open,me/chanjar/weixin/open/bean/message/WxOpenMaVerifyBetaWeappMessage.java,class,WxOpenMaVerifyBetaWeappMessage,bean/message/wx_open_ma_verify_beta_weapp_message.rs
weixin-java-open,me/chanjar/weixin/open/bean/message/WxOpenXmlMessage.java,class,WxOpenXmlMessage,bean/message/wx_open_xml_message.rs
weixin-java-open,me/chanjar/weixin/open/bean/minishop/MinishopAddressInfo.java,class,MinishopAddressInfo,bean/minishop/minishop_address_info.rs
weixin-java-open,me/chanjar/weixin/open/bean/minishop/MinishopAuditStatus.java,class,MinishopAuditStatus,bean/minishop/minishop_audit_status.rs
weixin-java-open,me/chanjar/weixin/open/bean/minishop/MinishopBaseInfo.java,class,MinishopBaseInfo,bean/minishop/minishop_base_info.rs
weixin-java-open,me/chanjar/weixin/open/bean/minishop/MinishopBrand.java,class,MinishopBrand,bean/minishop/minishop_brand.rs
weixin-java-open,me/chanjar/weixin/open/bean/minishop/MinishopBrandList.java,class,MinishopBrandList,bean/minishop/minishop_brand_list.rs
weixin-java-open,me/chanjar/weixin/open/bean/minishop/MinishopBusiLicense.java,class,MinishopBusiLicense,bean/minishop/minishop_busi_license.rs
weixin-java-open,me/chanjar/weixin/open/bean/minishop/MinishopCategories.java,class,MinishopCategories,bean/minishop/minishop_categories.rs
weixin-java-open,me/chanjar/weixin/open/bean/minishop/MinishopCategory.java,class,MinishopCategory,bean/minishop/minishop_category.rs
weixin-java-open,me/chanjar/weixin/open/bean/minishop/MinishopDeliveryTemplate.java,class,MinishopDeliveryTemplate,bean/minishop/minishop_delivery_template.rs
weixin-java-open,me/chanjar/weixin/open/bean/minishop/MinishopDeliveryTemplateResult.java,class,MinishopDeliveryTemplateResult,bean/minishop/minishop_delivery_template_result.rs
weixin-java-open,me/chanjar/weixin/open/bean/minishop/MinishopIdcardInfo.java,class,MinishopIdcardInfo,bean/minishop/minishop_idcard_info.rs
weixin-java-open,me/chanjar/weixin/open/bean/minishop/MinishopMerchantinfo.java,class,MinishopMerchantinfo,bean/minishop/minishop_merchantinfo.rs
weixin-java-open,me/chanjar/weixin/open/bean/minishop/MinishopNameInfo.java,class,MinishopNameInfo,bean/minishop/minishop_name_info.rs
weixin-java-open,me/chanjar/weixin/open/bean/minishop/MinishopOrganizationCodeInfo.java,class,MinishopOrganizationCodeInfo,bean/minishop/minishop_organization_code_info.rs
weixin-java-open,me/chanjar/weixin/open/bean/minishop/MinishopPicFile.java,class,MinishopPicFile,bean/minishop/minishop_pic_file.rs
weixin-java-open,me/chanjar/weixin/open/bean/minishop/MinishopReturnInfo.java,class,MinishopReturnInfo,bean/minishop/minishop_return_info.rs
weixin-java-open,me/chanjar/weixin/open/bean/minishop/MinishopShopCat.java,class,MinishopShopCat,bean/minishop/minishop_shop_cat.rs
weixin-java-open,me/chanjar/weixin/open/bean/minishop/MinishopShopCatList.java,class,MinishopShopCatList,bean/minishop/minishop_shop_cat_list.rs
weixin-java-open,me/chanjar/weixin/open/bean/minishop/MinishopSuperAdministratorInfo.java,class,MinishopSuperAdministratorInfo,bean/minishop/minishop_super_administrator_info.rs
weixin-java-open,me/chanjar/weixin/open/bean/minishop/coupon/WxMinishopCoupon.java,class,WxMinishopCoupon,minishop/coupon/wx_minishop_coupon.rs
weixin-java-open,me/chanjar/weixin/open/bean/minishop/coupon/WxMinishopCouponDiscountCondition.java,class,WxMinishopCouponDiscountCondition,minishop/coupon/wx_minishop_coupon_discount_condition.rs
weixin-java-open,me/chanjar/weixin/open/bean/minishop/coupon/WxMinishopCouponDiscountInfo.java,class,WxMinishopCouponDiscountInfo,minishop/coupon/wx_minishop_coupon_discount_info.rs
weixin-java-open,me/chanjar/weixin/open/bean/minishop/coupon/WxMinishopCouponExtInfo.java,class,WxMinishopCouponExtInfo,minishop/coupon/wx_minishop_coupon_ext_info.rs
weixin-java-open,me/chanjar/weixin/open/bean/minishop/coupon/WxMinishopCouponPromoteInfo.java,class,WxMinishopCouponPromoteInfo,minishop/coupon/wx_minishop_coupon_promote_info.rs
weixin-java-open,me/chanjar/weixin/open/bean/minishop/coupon/WxMinishopCouponReceiveInfo.java,class,WxMinishopCouponReceiveInfo,minishop/coupon/wx_minishop_coupon_receive_info.rs
weixin-java-open,me/chanjar/weixin/open/bean/minishop/coupon/WxMinishopCouponResponse.java,class,WxMinishopCouponResponse,minishop/coupon/wx_minishop_coupon_response.rs
weixin-java-open,me/chanjar/weixin/open/bean/minishop/coupon/WxMinishopCouponStock.java,class,WxMinishopCouponStock,minishop/coupon/wx_minishop_coupon_stock.rs
weixin-java-open,me/chanjar/weixin/open/bean/minishop/coupon/WxMinishopCouponStockInfo.java,class,WxMinishopCouponStockInfo,minishop/coupon/wx_minishop_coupon_stock_info.rs
weixin-java-open,me/chanjar/weixin/open/bean/minishop/coupon/WxMinishopCouponValidInfo.java,class,WxMinishopCouponValidInfo,minishop/coupon/wx_minishop_coupon_valid_info.rs
weixin-java-open,me/chanjar/weixin/open/bean/minishop/goods/WxMinishopAddGoodsSkuData.java,class,WxMinishopAddGoodsSkuData,minishop/goods/wx_minishop_add_goods_sku_data.rs
weixin-java-open,me/chanjar/weixin/open/bean/minishop/goods/WxMinishopAddGoodsSpuData.java,class,WxMinishopAddGoodsSpuData,minishop/goods/wx_minishop_add_goods_spu_data.rs
weixin-java-open,me/chanjar/weixin/open/bean/minishop/goods/WxMinishopAddGoodsSpuResult.java,class,WxMinishopAddGoodsSpuResult,minishop/goods/wx_minishop_add_goods_spu_result.rs
weixin-java-open,me/chanjar/weixin/open/bean/minishop/goods/WxMinishopDeliveryCompany.java,class,WxMinishopDeliveryCompany,minishop/goods/wx_minishop_delivery_company.rs
weixin-java-open,me/chanjar/weixin/open/bean/minishop/goods/WxMinishopGoodsSkuAttr.java,class,WxMinishopGoodsSkuAttr,minishop/goods/wx_minishop_goods_sku_attr.rs
weixin-java-open,me/chanjar/weixin/open/bean/minishop/goods/WxMinishopSku.java,class,WxMinishopSku,minishop/goods/wx_minishop_sku.rs
weixin-java-open,me/chanjar/weixin/open/bean/minishop/goods/WxMinishopSpu.java,class,WxMinishopSpu,minishop/goods/wx_minishop_spu.rs
weixin-java-open,me/chanjar/weixin/open/bean/minishop/limitdiscount/LimitDiscountGoods.java,class,LimitDiscountGoods,minishop/limitdiscount/limit_discount_goods.rs
weixin-java-open,me/chanjar/weixin/open/bean/minishop/limitdiscount/LimitDiscountSku.java,class,LimitDiscountSku,minishop/limitdiscount/limit_discount_sku.rs
weixin-java-open,me/chanjar/weixin/open/bean/minishopgoods/AddMinishopGoodsSPU.java,class,AddMinishopGoodsSPU,bean/minishopgoods/add_minishop_goods_spu.rs
weixin-java-open,me/chanjar/weixin/open/bean/minishopgoods/Attr.java,class,Attr,bean/minishopgoods/attr.rs
weixin-java-open,me/chanjar/weixin/open/bean/minishopgoods/Cat.java,class,Cat,bean/minishopgoods/cat.rs
weixin-java-open,me/chanjar/weixin/open/bean/minishopgoods/DescInfo.java,class,DescInfo,bean/minishopgoods/desc_info.rs
weixin-java-open,me/chanjar/weixin/open/bean/minishopgoods/ExpressInfo.java,class,ExpressInfo,bean/minishopgoods/express_info.rs
weixin-java-open,me/chanjar/weixin/open/bean/minishopgoods/GoodsCat.java,class,GoodsCat,bean/minishopgoods/goods_cat.rs
weixin-java-open,me/chanjar/weixin/open/bean/minishopgoods/GoodsCatList.java,class,GoodsCatList,bean/minishopgoods/goods_cat_list.rs
weixin-java-open,me/chanjar/weixin/open/bean/minishopgoods/ParentCatId.java,class,ParentCatId,bean/minishopgoods/parent_cat_id.rs
weixin-java-open,me/chanjar/weixin/open/bean/minishopgoods/Sku.java,class,Sku,bean/minishopgoods/sku.rs
weixin-java-open,me/chanjar/weixin/open/bean/mp/FastRegisterResult.java,class,FastRegisterResult,bean/mp/fast_register_result.rs
weixin-java-open,me/chanjar/weixin/open/bean/result/WxAmpLinkResult.java,class,WxAmpLinkResult,bean/result/wx_amp_link_result.rs
weixin-java-open,me/chanjar/weixin/open/bean/result/WxDownlooadQrcodeJumpResult.java,class,WxDownlooadQrcodeJumpResult,bean/result/wx_downlooad_qrcode_jump_result.rs
weixin-java-open,me/chanjar/weixin/open/bean/result/WxFastMaAccountBasicInfoResult.java,class,WxFastMaAccountBasicInfoResult,bean/result/wx_fast_ma_account_basic_info_result.rs
weixin-java-open,me/chanjar/weixin/open/bean/result/WxFastMaBeenSetCategoryResult.java,class,WxFastMaBeenSetCategoryResult,bean/result/wx_fast_ma_been_set_category_result.rs
weixin-java-open,me/chanjar/weixin/open/bean/result/WxFastMaCanSetCategoryResult.java,class,WxFastMaCanSetCategoryResult,bean/result/wx_fast_ma_can_set_category_result.rs
weixin-java-open,me/chanjar/weixin/open/bean/result/WxFastMaCheckNickameResult.java,class,WxFastMaCheckNickameResult,bean/result/wx_fast_ma_check_nickame_result.rs
weixin-java-open,me/chanjar/weixin/open/bean/result/WxFastMaQueryNicknameStatusResult.java,class,WxFastMaQueryNicknameStatusResult,bean/result/wx_fast_ma_query_nickname_status_result.rs
weixin-java-open,me/chanjar/weixin/open/bean/result/WxFastMaSetNickameResult.java,class,WxFastMaSetNickameResult,bean/result/wx_fast_ma_set_nickame_result.rs
weixin-java-open,me/chanjar/weixin/open/bean/result/WxGetQrcodeJumpResult.java,class,WxGetQrcodeJumpResult,bean/result/wx_get_qrcode_jump_result.rs
weixin-java-open,me/chanjar/weixin/open/bean/result/WxOpenAuthorizerInfoResult.java,class,WxOpenAuthorizerInfoResult,bean/result/wx_open_authorizer_info_result.rs
weixin-java-open,me/chanjar/weixin/open/bean/result/WxOpenAuthorizerListResult.java,class,WxOpenAuthorizerListResult,bean/result/wx_open_authorizer_list_result.rs
weixin-java-open,me/chanjar/weixin/open/bean/result/WxOpenAuthorizerOptionResult.java,class,WxOpenAuthorizerOptionResult,bean/result/wx_open_authorizer_option_result.rs
weixin-java-open,me/chanjar/weixin/open/bean/result/WxOpenGetAllCategoriesByTypeResult.java,class,WxOpenGetAllCategoriesByTypeResult,bean/result/wx_open_get_all_categories_by_type_result.rs
weixin-java-open,me/chanjar/weixin/open/bean/result/WxOpenHaveResult.java,class,WxOpenHaveResult,bean/result/wx_open_have_result.rs
weixin-java-open,me/chanjar/weixin/open/bean/result/WxOpenMaApplyLiveInfoResult.java,class,WxOpenMaApplyLiveInfoResult,bean/result/wx_open_ma_apply_live_info_result.rs
weixin-java-open,me/chanjar/weixin/open/bean/result/WxOpenMaBindTesterResult.java,class,WxOpenMaBindTesterResult,bean/result/wx_open_ma_bind_tester_result.rs
weixin-java-open,me/chanjar/weixin/open/bean/result/WxOpenMaCategoryListResult.java,class,WxOpenMaCategoryListResult,bean/result/wx_open_ma_category_list_result.rs
weixin-java-open,me/chanjar/weixin/open/bean/result/WxOpenMaCategoryNameListResult.java,class,WxOpenMaCategoryNameListResult,bean/result/wx_open_ma_category_name_list_result.rs
weixin-java-open,me/chanjar/weixin/open/bean/result/WxOpenMaDomainConfirmFileResult.java,class,WxOpenMaDomainConfirmFileResult,bean/result/wx_open_ma_domain_confirm_file_result.rs
weixin-java-open,me/chanjar/weixin/open/bean/result/WxOpenMaDomainResult.java,class,WxOpenMaDomainResult,bean/result/wx_open_ma_domain_result.rs
weixin-java-open,me/chanjar/weixin/open/bean/result/WxOpenMaEmbeddedListResult.java,class,WxOpenMaEmbeddedListResult,bean/result/wx_open_ma_embedded_list_result.rs
weixin-java-open,me/chanjar/weixin/open/bean/result/WxOpenMaGetCodePrivacyInfoResult.java,class,WxOpenMaGetCodePrivacyInfoResult,bean/result/wx_open_ma_get_code_privacy_info_result.rs
weixin-java-open,me/chanjar/weixin/open/bean/result/WxOpenMaGetOrderPathResult.java,class,WxOpenMaGetOrderPathResult,bean/result/wx_open_ma_get_order_path_result.rs
weixin-java-open,me/chanjar/weixin/open/bean/result/WxOpenMaGrayReleasePlanResult.java,class,WxOpenMaGrayReleasePlanResult,bean/result/wx_open_ma_gray_release_plan_result.rs
weixin-java-open,me/chanjar/weixin/open/bean/result/WxOpenMaHistoryVersionResult.java,class,WxOpenMaHistoryVersionResult,bean/result/wx_open_ma_history_version_result.rs
weixin-java-open,me/chanjar/weixin/open/bean/result/WxOpenMaPageListResult.java,class,WxOpenMaPageListResult,bean/result/wx_open_ma_page_list_result.rs
weixin-java-open,me/chanjar/weixin/open/bean/result/WxOpenMaPrefetchDomainResult.java,class,WxOpenMaPrefetchDomainResult,bean/result/wx_open_ma_prefetch_domain_result.rs
weixin-java-open,me/chanjar/weixin/open/bean/result/WxOpenMaQueryAuditResult.java,class,WxOpenMaQueryAuditResult,bean/result/wx_open_ma_query_audit_result.rs
weixin-java-open,me/chanjar/weixin/open/bean/result/WxOpenMaQueryQuotaResult.java,class,WxOpenMaQueryQuotaResult,bean/result/wx_open_ma_query_quota_result.rs
weixin-java-open,me/chanjar/weixin/open/bean/result/WxOpenMaSearchStatusResult.java,class,WxOpenMaSearchStatusResult,bean/result/wx_open_ma_search_status_result.rs
weixin-java-open,me/chanjar/weixin/open/bean/result/WxOpenMaShowItemResult.java,class,WxOpenMaShowItemResult,bean/result/wx_open_ma_show_item_result.rs
weixin-java-open,me/chanjar/weixin/open/bean/result/WxOpenMaSubmitAuditResult.java,class,WxOpenMaSubmitAuditResult,bean/result/wx_open_ma_submit_audit_result.rs
weixin-java-open,me/chanjar/weixin/open/bean/result/WxOpenMaTesterListResult.java,class,WxOpenMaTesterListResult,bean/result/wx_open_ma_tester_list_result.rs
weixin-java-open,me/chanjar/weixin/open/bean/result/WxOpenMaVisitStatusResult.java,class,WxOpenMaVisitStatusResult,bean/result/wx_open_ma_visit_status_result.rs
weixin-java-open,me/chanjar/weixin/open/bean/result/WxOpenMaWeappSupportVersionResult.java,class,WxOpenMaWeappSupportVersionResult,bean/result/wx_open_ma_weapp_support_version_result.rs
weixin-java-open,me/chanjar/weixin/open/bean/result/WxOpenMaWebDomainResult.java,class,WxOpenMaWebDomainResult,bean/result/wx_open_ma_web_domain_result.rs
weixin-java-open,me/chanjar/weixin/open/bean/result/WxOpenQueryAuthResult.java,class,WxOpenQueryAuthResult,bean/result/wx_open_query_auth_result.rs
weixin-java-open,me/chanjar/weixin/open/bean/result/WxOpenRegisterBetaWeappResult.java,class,WxOpenRegisterBetaWeappResult,bean/result/wx_open_register_beta_weapp_result.rs
weixin-java-open,me/chanjar/weixin/open/bean/result/WxOpenRegisterPersonalWeappResult.java,class,WxOpenRegisterPersonalWeappResult,bean/result/wx_open_register_personal_weapp_result.rs
weixin-java-open,me/chanjar/weixin/open/bean/result/WxOpenResult.java,class,WxOpenResult,bean/result/wx_open_result.rs
weixin-java-open,me/chanjar/weixin/open/bean/result/WxOpenVersioninfoResult.java,class,WxOpenVersioninfoResult,bean/result/wx_open_versioninfo_result.rs
weixin-java-open,me/chanjar/weixin/open/bean/result/WxQrcodeJumpRule.java,class,WxQrcodeJumpRule,bean/result/wx_qrcode_jump_rule.rs
weixin-java-open,me/chanjar/weixin/open/bean/shoppingOrders/CombinedShippingInfo.java,class,CombinedShippingInfo,bean/shoppingOrders/combined_shipping_info.rs
weixin-java-open,me/chanjar/weixin/open/bean/shoppingOrders/CombinedShoppingInfo.java,class,CombinedShoppingInfo,bean/shoppingOrders/combined_shopping_info.rs
weixin-java-open,me/chanjar/weixin/open/bean/shoppingOrders/ContactBean.java,class,ContactBean,bean/shoppingOrders/contact_bean.rs
weixin-java-open,me/chanjar/weixin/open/bean/shoppingOrders/OrderKeyBean.java,class,OrderKeyBean,bean/shoppingOrders/order_key_bean.rs
weixin-java-open,me/chanjar/weixin/open/bean/shoppingOrders/PayerBean.java,class,PayerBean,bean/shoppingOrders/payer_bean.rs
weixin-java-open,me/chanjar/weixin/open/bean/shoppingOrders/ShippingInfo.java,class,ShippingInfo,bean/shoppingOrders/shipping_info.rs
weixin-java-open,me/chanjar/weixin/open/bean/shoppingOrders/ShippingListBean.java,class,ShippingListBean,bean/shoppingOrders/shipping_list_bean.rs
weixin-java-open,me/chanjar/weixin/open/bean/shoppingOrders/ShoppingInfo.java,class,ShoppingInfo,bean/shoppingOrders/shopping_info.rs
weixin-java-open,me/chanjar/weixin/open/bean/shoppingOrders/ShoppingInfoVerifyUpload.java,class,ShoppingInfoVerifyUpload,bean/shoppingOrders/shopping_info_verify_upload.rs
weixin-java-open,me/chanjar/weixin/open/bean/shoppingOrders/WxOpenShoppingInfoVerifyUploadResult.java,class,WxOpenShoppingInfoVerifyUploadResult,bean/shoppingOrders/wx_open_shopping_info_verify_upload_result.rs
weixin-java-open,me/chanjar/weixin/open/bean/shoppingOrders/WxOpenShoppingOrdersConfirmResult.java,class,WxOpenShoppingOrdersConfirmResult,bean/shoppingOrders/wx_open_shopping_orders_confirm_result.rs
weixin-java-open,me/chanjar/weixin/open/bean/tcb/ShareCloudBaseEnvRequest.java,class,ShareCloudBaseEnvRequest,bean/tcb/share_cloud_base_env_request.rs
weixin-java-open,me/chanjar/weixin/open/bean/tcb/ShareCloudBaseEnvResponse.java,class,ShareCloudBaseEnvResponse,bean/tcb/share_cloud_base_env_response.rs
weixin-java-open,me/chanjar/weixin/open/bean/tcbComponent/GetShareCloudBaseEnvResponse.java,class,GetShareCloudBaseEnvResponse,bean/tcbComponent/get_share_cloud_base_env_response.rs
weixin-java-open,me/chanjar/weixin/open/bean/tcbComponent/GetTcbEnvListResponse.java,class,GetTcbEnvListResponse,bean/tcbComponent/get_tcb_env_list_response.rs
weixin-java-open,me/chanjar/weixin/open/executor/CommonUploadMultiRequestExecutor.java,class,CommonUploadMultiRequestExecutor,executor/common_upload_multi_request_executor.rs
weixin-java-open,me/chanjar/weixin/open/executor/CommonUploadMultiRequestExecutorApacheImpl.java,class,CommonUploadMultiRequestExecutorApacheImpl,executor/common_upload_multi_request_executor_apache_impl.rs
weixin-java-open,me/chanjar/weixin/open/executor/CommonUploadMultiRequestExecutorHttpComponentsImpl.java,class,CommonUploadMultiRequestExecutorHttpComponentsImpl,executor/common_upload_multi_request_executor_http_components_impl.rs
weixin-java-open,me/chanjar/weixin/open/executor/CommonUploadMultiRequestExecutorJoddHttpImpl.java,class,CommonUploadMultiRequestExecutorJoddHttpImpl,executor/common_upload_multi_request_executor_jodd_http_impl.rs
weixin-java-open,me/chanjar/weixin/open/executor/CommonUploadMultiRequestExecutorOkHttpImpl.java,class,CommonUploadMultiRequestExecutorOkHttpImpl,executor/common_upload_multi_request_executor_ok_http_impl.rs
weixin-java-open,me/chanjar/weixin/open/executor/GenericUploadRequestExecutor.java,class,GenericUploadRequestExecutor,executor/generic_upload_request_executor.rs
weixin-java-open,me/chanjar/weixin/open/executor/MaQrCodeApacheHttpRequestExecutor.java,class,MaQrCodeApacheHttpRequestExecutor,executor/ma_qr_code_apache_http_request_executor.rs
weixin-java-open,me/chanjar/weixin/open/executor/MaQrCodeHttpComponentsRequestExecutor.java,class,MaQrCodeHttpComponentsRequestExecutor,executor/ma_qr_code_http_components_request_executor.rs
weixin-java-open,me/chanjar/weixin/open/executor/MaQrCodeJoddHttpRequestExecutor.java,class,MaQrCodeJoddHttpRequestExecutor,executor/ma_qr_code_jodd_http_request_executor.rs
weixin-java-open,me/chanjar/weixin/open/executor/MaQrCodeOkhttpRequestExecutor.java,class,MaQrCodeOkhttpRequestExecutor,executor/ma_qr_code_okhttp_request_executor.rs
weixin-java-open,me/chanjar/weixin/open/executor/MaQrCodeRequestExecutor.java,class,MaQrCodeRequestExecutor,executor/ma_qr_code_request_executor.rs
weixin-java-open,me/chanjar/weixin/open/util/WxOpenCryptUtil.java,class,WxOpenCryptUtil,util/wx_open_crypt_util.rs
weixin-java-open,me/chanjar/weixin/open/util/json/WxOpenAuthorizationInfoGsonAdapter.java,class,WxOpenAuthorizationInfoGsonAdapter,util/json/wx_open_authorization_info_gson_adapter.rs
weixin-java-open,me/chanjar/weixin/open/util/json/WxOpenAuthorizerAccessTokenGsonAdapter.java,class,WxOpenAuthorizerAccessTokenGsonAdapter,util/json/wx_open_authorizer_access_token_gson_adapter.rs
weixin-java-open,me/chanjar/weixin/open/util/json/WxOpenAuthorizerInfoGsonAdapter.java,class,WxOpenAuthorizerInfoGsonAdapter,util/json/wx_open_authorizer_info_gson_adapter.rs
weixin-java-open,me/chanjar/weixin/open/util/json/WxOpenAuthorizerInfoResultGsonAdapter.java,class,WxOpenAuthorizerInfoResultGsonAdapter,util/json/wx_open_authorizer_info_result_gson_adapter.rs
weixin-java-open,me/chanjar/weixin/open/util/json/WxOpenAuthorizerListResultGsonAdapter.java,class,WxOpenAuthorizerListResultGsonAdapter,util/json/wx_open_authorizer_list_result_gson_adapter.rs
weixin-java-open,me/chanjar/weixin/open/util/json/WxOpenAuthorizerOptionResultGsonAdapter.java,class,WxOpenAuthorizerOptionResultGsonAdapter,util/json/wx_open_authorizer_option_result_gson_adapter.rs
weixin-java-open,me/chanjar/weixin/open/util/json/WxOpenComponentAccessTokenGsonAdapter.java,class,WxOpenComponentAccessTokenGsonAdapter,util/json/wx_open_component_access_token_gson_adapter.rs
weixin-java-open,me/chanjar/weixin/open/util/json/WxOpenGsonBuilder.java,class,WxOpenGsonBuilder,util/json/wx_open_gson_builder.rs
weixin-java-open,me/chanjar/weixin/open/util/json/WxOpenQueryAuthResultGsonAdapter.java,class,WxOpenQueryAuthResultGsonAdapter,util/json/wx_open_query_auth_result_gson_adapter.rs
weixin-java-open,me/chanjar/weixin/open/util/xml/XStreamTransformer.java,class,XStreamTransformer,util/xml/x_stream_transformer.rs
weixin-java-channel,me/chanjar/weixin/channel/api/BaseWxChannelMessageService.java,interface,BaseWxChannelMessageService,api/base_wx_channel_message_service.rs
weixin-java-channel,me/chanjar/weixin/channel/api/BaseWxChannelService.java,interface,BaseWxChannelService,api/base_wx_channel_service.rs
weixin-java-channel,me/chanjar/weixin/channel/api/WxAssistantService.java,interface,WxAssistantService,api/wx_assistant_service.rs
weixin-java-channel,me/chanjar/weixin/channel/api/WxChannelAddressService.java,interface,WxChannelAddressService,api/wx_channel_address_service.rs
weixin-java-channel,me/chanjar/weixin/channel/api/WxChannelAfterSaleService.java,interface,WxChannelAfterSaleService,api/wx_channel_after_sale_service.rs
weixin-java-channel,me/chanjar/weixin/channel/api/WxChannelBasicService.java,interface,WxChannelBasicService,api/wx_channel_basic_service.rs
weixin-java-channel,me/chanjar/weixin/channel/api/WxChannelBrandService.java,interface,WxChannelBrandService,api/wx_channel_brand_service.rs
weixin-java-channel,me/chanjar/weixin/channel/api/WxChannelCategoryService.java,interface,WxChannelCategoryService,api/wx_channel_category_service.rs
weixin-java-channel,me/chanjar/weixin/channel/api/WxChannelCompassFinderService.java,interface,WxChannelCompassFinderService,api/wx_channel_compass_finder_service.rs
weixin-java-channel,me/chanjar/weixin/channel/api/WxChannelCompassShopService.java,interface,WxChannelCompassShopService,api/wx_channel_compass_shop_service.rs
weixin-java-channel,me/chanjar/weixin/channel/api/WxChannelCouponService.java,interface,WxChannelCouponService,api/wx_channel_coupon_service.rs
weixin-java-channel,me/chanjar/weixin/channel/api/WxChannelFreightTemplateService.java,interface,WxChannelFreightTemplateService,api/wx_channel_freight_template_service.rs
weixin-java-channel,me/chanjar/weixin/channel/api/WxChannelFundService.java,interface,WxChannelFundService,api/wx_channel_fund_service.rs
weixin-java-channel,me/chanjar/weixin/channel/api/WxChannelLiveDashboardService.java,interface,WxChannelLiveDashboardService,api/wx_channel_live_dashboard_service.rs
weixin-java-channel,me/chanjar/weixin/channel/api/WxChannelOrderService.java,interface,WxChannelOrderService,api/wx_channel_order_service.rs
weixin-java-channel,me/chanjar/weixin/channel/api/WxChannelProductService.java,interface,WxChannelProductService,api/wx_channel_product_service.rs
weixin-java-channel,me/chanjar/weixin/channel/api/WxChannelService.java,interface,WxChannelService,api/wx_channel_service.rs
weixin-java-channel,me/chanjar/weixin/channel/api/WxChannelSharerService.java,interface,WxChannelSharerService,api/wx_channel_sharer_service.rs
weixin-java-channel,me/chanjar/weixin/channel/api/WxChannelVipService.java,interface,WxChannelVipService,api/wx_channel_vip_service.rs
weixin-java-channel,me/chanjar/weixin/channel/api/WxChannelWarehouseService.java,interface,WxChannelWarehouseService,api/wx_channel_warehouse_service.rs
weixin-java-channel,me/chanjar/weixin/channel/api/WxFinderLiveService.java,interface,WxFinderLiveService,api/wx_finder_live_service.rs
weixin-java-channel,me/chanjar/weixin/channel/api/WxLeadComponentService.java,interface,WxLeadComponentService,api/wx_lead_component_service.rs
weixin-java-channel,me/chanjar/weixin/channel/api/WxLeagueProductService.java,interface,WxLeagueProductService,api/wx_league_product_service.rs
weixin-java-channel,me/chanjar/weixin/channel/api/WxLeaguePromoterService.java,interface,WxLeaguePromoterService,api/wx_league_promoter_service.rs
weixin-java-channel,me/chanjar/weixin/channel/api/WxLeagueSupplierService.java,interface,WxLeagueSupplierService,api/wx_league_supplier_service.rs
weixin-java-channel,me/chanjar/weixin/channel/api/WxLeagueWindowService.java,interface,WxLeagueWindowService,api/wx_league_window_service.rs
weixin-java-channel,me/chanjar/weixin/channel/api/WxStoreCooperationService.java,interface,WxStoreCooperationService,api/wx_store_cooperation_service.rs
weixin-java-channel,me/chanjar/weixin/channel/api/WxStoreHomePageService.java,interface,WxStoreHomePageService,api/wx_store_home_page_service.rs
weixin-java-channel,me/chanjar/weixin/channel/api/impl/BaseWxChannelMessageServiceImpl.java,class,BaseWxChannelMessageServiceImpl,api/impl/base_wx_channel_message_service_impl.rs
weixin-java-channel,me/chanjar/weixin/channel/api/impl/BaseWxChannelServiceImpl.java,class,BaseWxChannelServiceImpl,api/impl/base_wx_channel_service_impl.rs
weixin-java-channel,me/chanjar/weixin/channel/api/impl/WxAssistantServiceImpl.java,class,WxAssistantServiceImpl,api/impl/wx_assistant_service_impl.rs
weixin-java-channel,me/chanjar/weixin/channel/api/impl/WxChannelAddressServiceImpl.java,class,WxChannelAddressServiceImpl,api/impl/wx_channel_address_service_impl.rs
weixin-java-channel,me/chanjar/weixin/channel/api/impl/WxChannelAfterSaleServiceImpl.java,class,WxChannelAfterSaleServiceImpl,api/impl/wx_channel_after_sale_service_impl.rs
weixin-java-channel,me/chanjar/weixin/channel/api/impl/WxChannelBasicServiceImpl.java,class,WxChannelBasicServiceImpl,api/impl/wx_channel_basic_service_impl.rs
weixin-java-channel,me/chanjar/weixin/channel/api/impl/WxChannelBrandServiceImpl.java,class,WxChannelBrandServiceImpl,api/impl/wx_channel_brand_service_impl.rs
weixin-java-channel,me/chanjar/weixin/channel/api/impl/WxChannelCategoryServiceImpl.java,class,WxChannelCategoryServiceImpl,api/impl/wx_channel_category_service_impl.rs
weixin-java-channel,me/chanjar/weixin/channel/api/impl/WxChannelCompassFinderServiceImpl.java,class,WxChannelCompassFinderServiceImpl,api/impl/wx_channel_compass_finder_service_impl.rs
weixin-java-channel,me/chanjar/weixin/channel/api/impl/WxChannelCompassShopServiceImpl.java,class,WxChannelCompassShopServiceImpl,api/impl/wx_channel_compass_shop_service_impl.rs
weixin-java-channel,me/chanjar/weixin/channel/api/impl/WxChannelCouponServiceImpl.java,class,WxChannelCouponServiceImpl,api/impl/wx_channel_coupon_service_impl.rs
weixin-java-channel,me/chanjar/weixin/channel/api/impl/WxChannelFreightTemplateServiceImpl.java,class,WxChannelFreightTemplateServiceImpl,api/impl/wx_channel_freight_template_service_impl.rs
weixin-java-channel,me/chanjar/weixin/channel/api/impl/WxChannelFundServiceImpl.java,class,WxChannelFundServiceImpl,api/impl/wx_channel_fund_service_impl.rs
weixin-java-channel,me/chanjar/weixin/channel/api/impl/WxChannelLiveDashboardServiceImpl.java,class,WxChannelLiveDashboardServiceImpl,api/impl/wx_channel_live_dashboard_service_impl.rs
weixin-java-channel,me/chanjar/weixin/channel/api/impl/WxChannelOrderServiceImpl.java,class,WxChannelOrderServiceImpl,api/impl/wx_channel_order_service_impl.rs
weixin-java-channel,me/chanjar/weixin/channel/api/impl/WxChannelProductServiceImpl.java,class,WxChannelProductServiceImpl,api/impl/wx_channel_product_service_impl.rs
weixin-java-channel,me/chanjar/weixin/channel/api/impl/WxChannelServiceHttpClientImpl.java,class,WxChannelServiceHttpClientImpl,api/impl/wx_channel_service_http_client_impl.rs
weixin-java-channel,me/chanjar/weixin/channel/api/impl/WxChannelServiceHttpComponentsImpl.java,class,WxChannelServiceHttpComponentsImpl,api/impl/wx_channel_service_http_components_impl.rs
weixin-java-channel,me/chanjar/weixin/channel/api/impl/WxChannelServiceImpl.java,class,WxChannelServiceImpl,api/impl/wx_channel_service_impl.rs
weixin-java-channel,me/chanjar/weixin/channel/api/impl/WxChannelServiceOkHttpImpl.java,class,WxChannelServiceOkHttpImpl,api/impl/wx_channel_service_ok_http_impl.rs
weixin-java-channel,me/chanjar/weixin/channel/api/impl/WxChannelSharerServiceImpl.java,class,WxChannelSharerServiceImpl,api/impl/wx_channel_sharer_service_impl.rs
weixin-java-channel,me/chanjar/weixin/channel/api/impl/WxChannelVipServiceImpl.java,class,WxChannelVipServiceImpl,api/impl/wx_channel_vip_service_impl.rs
weixin-java-channel,me/chanjar/weixin/channel/api/impl/WxChannelWarehouseServiceImpl.java,class,WxChannelWarehouseServiceImpl,api/impl/wx_channel_warehouse_service_impl.rs
weixin-java-channel,me/chanjar/weixin/channel/api/impl/WxFinderLiveServiceImpl.java,class,WxFinderLiveServiceImpl,api/impl/wx_finder_live_service_impl.rs
weixin-java-channel,me/chanjar/weixin/channel/api/impl/WxLeadComponentServiceImpl.java,class,WxLeadComponentServiceImpl,api/impl/wx_lead_component_service_impl.rs
weixin-java-channel,me/chanjar/weixin/channel/api/impl/WxLeagueProductServiceImpl.java,class,WxLeagueProductServiceImpl,api/impl/wx_league_product_service_impl.rs
weixin-java-channel,me/chanjar/weixin/channel/api/impl/WxLeaguePromoterServiceImpl.java,class,WxLeaguePromoterServiceImpl,api/impl/wx_league_promoter_service_impl.rs
weixin-java-channel,me/chanjar/weixin/channel/api/impl/WxLeagueSupplierServiceImpl.java,class,WxLeagueSupplierServiceImpl,api/impl/wx_league_supplier_service_impl.rs
weixin-java-channel,me/chanjar/weixin/channel/api/impl/WxLeagueWindowServiceImpl.java,class,WxLeagueWindowServiceImpl,api/impl/wx_league_window_service_impl.rs
weixin-java-channel,me/chanjar/weixin/channel/api/impl/WxStoreCooperationServiceImpl.java,class,WxStoreCooperationServiceImpl,api/impl/wx_store_cooperation_service_impl.rs
weixin-java-channel,me/chanjar/weixin/channel/api/impl/WxStoreHomePageServiceImpl.java,class,WxStoreHomePageServiceImpl,api/impl/wx_store_home_page_service_impl.rs
weixin-java-channel,me/chanjar/weixin/channel/bean/address/AddressAddParam.java,class,AddressAddParam,bean/address/address_add_param.rs
weixin-java-channel,me/chanjar/weixin/channel/bean/address/AddressCode.java,class,AddressCode,bean/address/address_code.rs
weixin-java-channel,me/chanjar/weixin/channel/bean/address/AddressCodeResponse.java,class,AddressCodeResponse,bean/address/address_code_response.rs
weixin-java-channel,me/chanjar/weixin/channel/bean/address/AddressDetail.java,class,AddressDetail,bean/address/address_detail.rs
weixin-java-channel,me/chanjar/weixin/channel/bean/address/AddressIdParam.java,class,AddressIdParam,bean/address/address_id_param.rs
weixin-java-channel,me/chanjar/weixin/channel/bean/address/AddressIdResponse.java,class,AddressIdResponse,bean/address/address_id_response.rs
weixin-java-channel,me/chanjar/weixin/channel/bean/address/AddressInfoResponse.java,class,AddressInfoResponse,bean/address/address_info_response.rs
weixin-java-channel,me/chanjar/weixin/channel/bean/address/AddressListParam.java,class,AddressListParam,bean/address/address_list_param.rs
weixin-java-channel,me/chanjar/weixin/channel/bean/address/AddressListResponse.java,class,AddressListResponse,bean/address/address_list_response.rs
weixin-java-channel,me/chanjar/weixin/channel/bean/address/OfflineAddressType.java,class,OfflineAddressType,bean/address/offline_address_type.rs
weixin-java-channel,me/chanjar/weixin/channel/bean/after/AfterSaleAcceptExchangeReshipParam.java,class,AfterSaleAcceptExchangeReshipParam,bean/after/after_sale_accept_exchange_reship_param.rs
weixin-java-channel,me/chanjar/weixin/channel/bean/after/AfterSaleAcceptParam.java,class,AfterSaleAcceptParam,bean/after/after_sale_accept_param.rs
weixin-java-channel,me/chanjar/weixin/channel/bean/after/AfterSaleDetail.java,class,AfterSaleDetail,bean/after/after_sale_detail.rs
weixin-java-channel,me/chanjar/weixin/channel/bean/after/AfterSaleExchangeDeliveryInfo.java,class,AfterSaleExchangeDeliveryInfo,bean/after/after_sale_exchange_delivery_info.rs
weixin-java-channel,me/chanjar/weixin/channel/bean/after/AfterSaleExchangeProductInfo.java,class,AfterSaleExchangeProductInfo,bean/after/after_sale_exchange_product_info.rs
weixin-java-channel,me/chanjar/weixin/channel/bean/after/AfterSaleIdParam.java,class,AfterSaleIdParam,bean/after/after_sale_id_param.rs
weixin-java-channel,me/chanjar/weixin/channel/bean/after/AfterSaleInfo.java,class,AfterSaleInfo,bean/after/after_sale_info.rs
weixin-java-channel,me/chanjar/weixin/channel/bean/after/AfterSaleInfoResponse.java,class,AfterSaleInfoResponse,bean/after/after_sale_info_response.rs
weixin-java-channel,me/chanjar/weixin/channel/bean/after/AfterSaleListParam.java,class,AfterSaleListParam,bean/after/after_sale_list_param.rs
weixin-java-channel,me/chanjar/weixin/channel/bean/after/AfterSaleListResponse.java,class,AfterSaleListResponse,bean/after/after_sale_list_response.rs
weixin-java-channel,me/chanjar/weixin/channel/bean/after/AfterSaleMerchantUpdateParam.java,class,AfterSaleMerchantUpdateParam,bean/after/after_sale_merchant_update_param.rs
weixin-java-channel,me/chanjar/weixin/channel/bean/after/AfterSaleProductInfo.java,class,AfterSaleProductInfo,bean/after/after_sale_product_info.rs
weixin-java-channel,me/chanjar/weixin/channel/bean/after/AfterSaleReason.java,class,AfterSaleReason,bean/after/after_sale_reason.rs
weixin-java-channel,me/chanjar/weixin/channel/bean/after/AfterSaleReasonResponse.java,class,AfterSaleReasonResponse,bean/after/after_sale_reason_response.rs
weixin-java-channel,me/chanjar/weixin/channel/bean/after/AfterSaleRejectExchangeReshipParam.java,class,AfterSaleRejectExchangeReshipParam,bean/after/after_sale_reject_exchange_reship_param.rs
weixin-java-channel,me/chanjar/weixin/channel/bean/after/AfterSaleRejectParam.java,class,AfterSaleRejectParam,bean/after/after_sale_reject_param.rs
weixin-java-channel,me/chanjar/weixin/channel/bean/after/AfterSaleRejectReason.java,class,AfterSaleRejectReason,bean/after/after_sale_reject_reason.rs
weixin-java-channel,me/chanjar/weixin/channel/bean/after/AfterSaleRejectReasonResponse.java,class,AfterSaleRejectReasonResponse,bean/after/after_sale_reject_reason_response.rs
weixin-java-channel,me/chanjar/weixin/channel/bean/after/AfterSaleReturnParam.java,class,AfterSaleReturnParam,bean/after/after_sale_return_param.rs
weixin-java-channel,me/chanjar/weixin/channel/bean/after/AfterSaleVirtualNumberInfo.java,class,AfterSaleVirtualNumberInfo,bean/after/after_sale_virtual_number_info.rs
weixin-java-channel,me/chanjar/weixin/channel/bean/after/MerchantUploadInfo.java,class,MerchantUploadInfo,bean/after/merchant_upload_info.rs
weixin-java-channel,me/chanjar/weixin/channel/bean/after/RefundEvidenceParam.java,class,RefundEvidenceParam,bean/after/refund_evidence_param.rs
weixin-java-channel,me/chanjar/weixin/channel/bean/after/RefundInfo.java,class,RefundInfo,bean/after/refund_info.rs
weixin-java-channel,me/chanjar/weixin/channel/bean/after/RefundResp.java,class,RefundResp,bean/after/refund_resp.rs
weixin-java-channel,me/chanjar/weixin/channel/bean/after/ReturnInfo.java,class,ReturnInfo,bean/after/return_info.rs
weixin-java-channel,me/chanjar/weixin/channel/bean/audit/AuditApplyResponse.java,class,AuditApplyResponse,bean/audit/audit_apply_response.rs
weixin-java-channel,me/chanjar/weixin/channel/bean/audit/AuditResponse.java,class,AuditResponse,bean/audit/audit_response.rs
weixin-java-channel,me/chanjar/weixin/channel/bean/audit/AuditResult.java,class,AuditResult,bean/audit/audit_result.rs
weixin-java-channel,me/chanjar/weixin/channel/bean/audit/CategoryAuditInfo.java,class,CategoryAuditInfo,bean/audit/category_audit_info.rs
weixin-java-channel,me/chanjar/weixin/channel/bean/audit/CategoryAuditRequest.java,class,CategoryAuditRequest,bean/audit/category_audit_request.rs
weixin-java-channel,me/chanjar/weixin/channel/bean/audit/CategoryBrand.java,class,CategoryBrand,bean/audit/category_brand.rs
weixin-java-channel,me/chanjar/weixin/channel/bean/audit/CatsV2.java,class,CatsV2,bean/audit/cats_v2.rs
weixin-java-channel,me/chanjar/weixin/channel/bean/audit/ProductAuditInfo.java,class,ProductAuditInfo,bean/audit/product_audit_info.rs
weixin-java-channel,me/chanjar/weixin/channel/bean/base/AddressInfo.java,class,AddressInfo,bean/base/address_info.rs
weixin-java-channel,me/chanjar/weixin/channel/bean/base/AttrInfo.java,class,AttrInfo,bean/base/attr_info.rs
weixin-java-channel,me/chanjar/weixin/channel/bean/base/OffsetParam.java,class,OffsetParam,bean/base/offset_param.rs
weixin-java-channel,me/chanjar/weixin/channel/bean/base/PageParam.java,class,PageParam,bean/base/page_param.rs
weixin-java-channel,me/chanjar/weixin/channel/bean/base/StreamPageParam.java,class,StreamPageParam,bean/base/stream_page_param.rs
weixin-java-channel,me/chanjar/weixin/channel/bean/base/TimeRange.java,class,TimeRange,bean/base/time_range.rs
weixin-java-channel,me/chanjar/weixin/channel/bean/base/WxChannelBaseResponse.java,class,WxChannelBaseResponse,bean/base/wx_channel_base_response.rs
weixin-java-channel,me/chanjar/weixin/channel/bean/brand/BasicBrand.java,class,BasicBrand,bean/brand/basic_brand.rs
weixin-java-channel,me/chanjar/weixin/channel/bean/brand/Brand.java,class,Brand,bean/brand/brand.rs
weixin-java-channel,me/chanjar/weixin/channel/bean/brand/BrandApplicationDetail.java,class,BrandApplicationDetail,bean/brand/brand_application_detail.rs
weixin-java-channel,me/chanjar/weixin/channel/bean/brand/BrandApplyListResponse.java,class,BrandApplyListResponse,bean/brand/brand_apply_list_response.rs
weixin-java-channel,me/chanjar/weixin/channel/bean/brand/BrandGrantDetail.java,class,BrandGrantDetail,bean/brand/brand_grant_detail.rs
weixin-java-channel,me/chanjar/weixin/channel/bean/brand/BrandInfo.java,class,BrandInfo,bean/brand/brand_info.rs
weixin-java-channel,me/chanjar/weixin/channel/bean/brand/BrandInfoResponse.java,class,BrandInfoResponse,bean/brand/brand_info_response.rs
weixin-java-channel,me/chanjar/weixin/channel/bean/brand/BrandListResponse.java,class,BrandListResponse,bean/brand/brand_list_response.rs
weixin-java-channel,me/chanjar/weixin/channel/bean/brand/BrandParam.java,class,BrandParam,bean/brand/brand_param.rs
weixin-java-channel,me/chanjar/weixin/channel/bean/brand/BrandRegisterDetail.java,class,BrandRegisterDetail,bean/brand/brand_register_detail.rs
weixin-java-channel,me/chanjar/weixin/channel/bean/brand/BrandSearchParam.java,class,BrandSearchParam,bean/brand/brand_search_param.rs
weixin-java-channel,me/chanjar/weixin/channel/bean/category/AccountCategoryResponse.java,class,AccountCategoryResponse,bean/category/account_category_response.rs
weixin-java-channel,me/chanjar/weixin/channel/bean/category/CategoryAndQualificationList.java,class,CategoryAndQualificationList,bean/category/category_and_qualification_list.rs
weixin-java-channel,me/chanjar/weixin/channel/bean/category/CategoryDetailResult.java,class,CategoryDetailResult,bean/category/category_detail_result.rs
weixin-java-channel,me/chanjar/weixin/channel/bean/category/CategoryQualification.java,class,CategoryQualification,bean/category/category_qualification.rs
weixin-java-channel,me/chanjar/weixin/channel/bean/category/CategoryQualificationResponse.java,class,CategoryQualificationResponse,bean/category/category_qualification_response.rs
weixin-java-channel,me/chanjar/weixin/channel/bean/category/PassCategoryInfo.java,class,PassCategoryInfo,bean/category/pass_category_info.rs
weixin-java-channel,me/chanjar/weixin/channel/bean/category/PassCategoryResponse.java,class,PassCategoryResponse,bean/category/pass_category_response.rs
weixin-java-channel,me/chanjar/weixin/channel/bean/category/QualificationInfo.java,class,QualificationInfo,bean/category/qualification_info.rs
weixin-java-channel,me/chanjar/weixin/channel/bean/category/RelationCategoryItem.java,class,RelationCategoryItem,bean/category/relation_category_item.rs
weixin-java-channel,me/chanjar/weixin/channel/bean/category/RelationCategoryRequest.java,class,RelationCategoryRequest,bean/category/relation_category_request.rs
weixin-java-channel,me/chanjar/weixin/channel/bean/category/RelationCategoryResponse.java,class,RelationCategoryResponse,bean/category/relation_category_response.rs
weixin-java-channel,me/chanjar/weixin/channel/bean/category/ShopCategory.java,class,ShopCategory,bean/category/shop_category.rs
weixin-java-channel,me/chanjar/weixin/channel/bean/category/ShopCategoryResponse.java,class,ShopCategoryResponse,bean/category/shop_category_response.rs
weixin-java-channel,me/chanjar/weixin/channel/bean/compass/CompassFinderBaseParam.java,class,CompassFinderBaseParam,bean/compass/compass_finder_base_param.rs
weixin-java-channel,me/chanjar/weixin/channel/bean/compass/finder/Field.java,class,Field,compass/finder/field.rs
weixin-java-channel,me/chanjar/weixin/channel/bean/compass/finder/FieldData.java,class,FieldData,compass/finder/field_data.rs
weixin-java-channel,me/chanjar/weixin/channel/bean/compass/finder/Overall.java,class,Overall,compass/finder/overall.rs
weixin-java-channel,me/chanjar/weixin/channel/bean/compass/finder/OverallResponse.java,class,OverallResponse,compass/finder/overall_response.rs
weixin-java-channel,me/chanjar/weixin/channel/bean/compass/finder/ProductCompassData.java,class,ProductCompassData,compass/finder/product_compass_data.rs
weixin-java-channel,me/chanjar/weixin/channel/bean/compass/finder/ProductDataParam.java,class,ProductDataParam,compass/finder/product_data_param.rs
weixin-java-channel,me/chanjar/weixin/channel/bean/compass/finder/ProductDataResponse.java,class,ProductDataResponse,compass/finder/product_data_response.rs
weixin-java-channel,me/chanjar/weixin/channel/bean/compass/finder/ProductInfo.java,class,ProductInfo,compass/finder/product_info.rs
weixin-java-channel,me/chanjar/weixin/channel/bean/compass/finder/ProductListResponse.java,class,ProductListResponse,compass/finder/product_list_response.rs
weixin-java-channel,me/chanjar/weixin/channel/bean/compass/finder/SaleProfileData.java,class,SaleProfileData,compass/finder/sale_profile_data.rs
weixin-java-channel,me/chanjar/weixin/channel/bean/compass/finder/SaleProfileDataParam.java,class,SaleProfileDataParam,compass/finder/sale_profile_data_param.rs
weixin-java-channel,me/chanjar/weixin/channel/bean/compass/finder/SaleProfileDataResponse.java,class,SaleProfileDataResponse,compass/finder/sale_profile_data_response.rs
weixin-java-channel,me/chanjar/weixin/channel/bean/compass/shop/CompassFinderIdParam.java,class,CompassFinderIdParam,compass/shop/compass_finder_id_param.rs
weixin-java-channel,me/chanjar/weixin/channel/bean/compass/shop/FinderAuthListResponse.java,class,FinderAuthListResponse,compass/shop/finder_auth_list_response.rs
weixin-java-channel,me/chanjar/weixin/channel/bean/compass/shop/FinderGmvData.java,class,FinderGmvData,compass/shop/finder_gmv_data.rs
weixin-java-channel,me/chanjar/weixin/channel/bean/compass/shop/FinderGmvItem.java,class,FinderGmvItem,compass/shop/finder_gmv_item.rs
weixin-java-channel,me/chanjar/weixin/channel/bean/compass/shop/FinderListResponse.java,class,FinderListResponse,compass/shop/finder_list_response.rs
weixin-java-channel,me/chanjar/weixin/channel/bean/compass/shop/FinderOverallData.java,class,FinderOverallData,compass/shop/finder_overall_data.rs
weixin-java-channel,me/chanjar/weixin/channel/bean/compass/shop/FinderOverallResponse.java,class,FinderOverallResponse,compass/shop/finder_overall_response.rs
weixin-java-channel,me/chanjar/weixin/channel/bean/compass/shop/FinderProductListItem.java,class,FinderProductListItem,compass/shop/finder_product_list_item.rs
weixin-java-channel,me/chanjar/weixin/channel/bean/compass/shop/FinderProductListResponse.java,class,FinderProductListResponse,compass/shop/finder_product_list_response.rs
weixin-java-channel,me/chanjar/weixin/channel/bean/compass/shop/FinderProductOverallResponse.java,class,FinderProductOverallResponse,compass/shop/finder_product_overall_response.rs
weixin-java-channel,me/chanjar/weixin/channel/bean/compass/shop/FinderProductSimpleGmvData.java,class,FinderProductSimpleGmvData,compass/shop/finder_product_simple_gmv_data.rs
weixin-java-channel,me/chanjar/weixin/channel/bean/compass/shop/ShopField.java,class,ShopField,compass/shop/shop_field.rs
weixin-java-channel,me/chanjar/weixin/channel/bean/compass/shop/ShopLiveData.java,class,ShopLiveData,compass/shop/shop_live_data.rs
weixin-java-channel,me/chanjar/weixin/channel/bean/compass/shop/ShopLiveListResponse.java,class,ShopLiveListResponse,compass/shop/shop_live_list_response.rs
weixin-java-channel,me/chanjar/weixin/channel/bean/compass/shop/ShopOverall.java,class,ShopOverall,compass/shop/shop_overall.rs
weixin-java-channel,me/chanjar/weixin/channel/bean/compass/shop/ShopOverallResponse.java,class,ShopOverallResponse,compass/shop/shop_overall_response.rs
weixin-java-channel,me/chanjar/weixin/channel/bean/compass/shop/ShopProductCompassData.java,class,ShopProductCompassData,compass/shop/shop_product_compass_data.rs
weixin-java-channel,me/chanjar/weixin/channel/bean/compass/shop/ShopProductDataParam.java,class,ShopProductDataParam,compass/shop/shop_product_data_param.rs
weixin-java-channel,me/chanjar/weixin/channel/bean/compass/shop/ShopProductDataResponse.java,class,ShopProductDataResponse,compass/shop/shop_product_data_response.rs
weixin-java-channel,me/chanjar/weixin/channel/bean/compass/shop/ShopProductInfo.java,class,ShopProductInfo,compass/shop/shop_product_info.rs
weixin-java-channel,me/chanjar/weixin/channel/bean/compass/shop/ShopProductListResponse.java,class,ShopProductListResponse,compass/shop/shop_product_list_response.rs
weixin-java-channel,me/chanjar/weixin/channel/bean/compass/shop/ShopSaleProfileData.java,class,ShopSaleProfileData,compass/shop/shop_sale_profile_data.rs
weixin-java-channel,me/chanjar/weixin/channel/bean/compass/shop/ShopSaleProfileDataParam.java,class,ShopSaleProfileDataParam,compass/shop/shop_sale_profile_data_param.rs
weixin-java-channel,me/chanjar/weixin/channel/bean/compass/shop/ShopSaleProfileDataResponse.java,class,ShopSaleProfileDataResponse,compass/shop/shop_sale_profile_data_response.rs
weixin-java-channel,me/chanjar/weixin/channel/bean/complaint/ComplaintHistory.java,class,ComplaintHistory,bean/complaint/complaint_history.rs
weixin-java-channel,me/chanjar/weixin/channel/bean/complaint/ComplaintOrderResponse.java,class,ComplaintOrderResponse,bean/complaint/complaint_order_response.rs
weixin-java-channel,me/chanjar/weixin/channel/bean/complaint/ComplaintParam.java,class,ComplaintParam,bean/complaint/complaint_param.rs
weixin-java-channel,me/chanjar/weixin/channel/bean/cooperation/CooperationData.java,class,CooperationData,bean/cooperation/cooperation_data.rs
weixin-java-channel,me/chanjar/weixin/channel/bean/cooperation/CooperationListResponse.java,class,CooperationListResponse,bean/cooperation/cooperation_list_response.rs
weixin-java-channel,me/chanjar/weixin/channel/bean/cooperation/CooperationQrCode.java,class,CooperationQrCode,bean/cooperation/cooperation_qr_code.rs
weixin-java-channel,me/chanjar/weixin/channel/bean/cooperation/CooperationQrCodeResponse.java,class,CooperationQrCodeResponse,bean/cooperation/cooperation_qr_code_response.rs
weixin-java-channel,me/chanjar/weixin/channel/bean/cooperation/CooperationSharerParam.java,class,CooperationSharerParam,bean/cooperation/cooperation_sharer_param.rs
weixin-java-channel,me/chanjar/weixin/channel/bean/cooperation/CooperationStatus.java,class,CooperationStatus,bean/cooperation/cooperation_status.rs
weixin-java-channel,me/chanjar/weixin/channel/bean/cooperation/CooperationStatusResponse.java,class,CooperationStatusResponse,bean/cooperation/cooperation_status_response.rs
weixin-java-channel,me/chanjar/weixin/channel/bean/coupon/AutoValidInfo.java,class,AutoValidInfo,bean/coupon/auto_valid_info.rs
weixin-java-channel,me/chanjar/weixin/channel/bean/coupon/CouponDetailInfo.java,class,CouponDetailInfo,bean/coupon/coupon_detail_info.rs
weixin-java-channel,me/chanjar/weixin/channel/bean/coupon/CouponIdInfo.java,class,CouponIdInfo,bean/coupon/coupon_id_info.rs
weixin-java-channel,me/chanjar/weixin/channel/bean/coupon/CouponIdResponse.java,class,CouponIdResponse,bean/coupon/coupon_id_response.rs
weixin-java-channel,me/chanjar/weixin/channel/bean/coupon/CouponInfo.java,class,CouponInfo,bean/coupon/coupon_info.rs
weixin-java-channel,me/chanjar/weixin/channel/bean/coupon/CouponInfoResponse.java,class,CouponInfoResponse,bean/coupon/coupon_info_response.rs
weixin-java-channel,me/chanjar/weixin/channel/bean/coupon/CouponListParam.java,class,CouponListParam,bean/coupon/coupon_list_param.rs
weixin-java-channel,me/chanjar/weixin/channel/bean/coupon/CouponListResponse.java,class,CouponListResponse,bean/coupon/coupon_list_response.rs
weixin-java-channel,me/chanjar/weixin/channel/bean/coupon/CouponParam.java,class,CouponParam,bean/coupon/coupon_param.rs
weixin-java-channel,me/chanjar/weixin/channel/bean/coupon/CouponStatusParam.java,class,CouponStatusParam,bean/coupon/coupon_status_param.rs
weixin-java-channel,me/chanjar/weixin/channel/bean/coupon/DiscountCondition.java,class,DiscountCondition,bean/coupon/discount_condition.rs
weixin-java-channel,me/chanjar/weixin/channel/bean/coupon/DiscountInfo.java,class,DiscountInfo,bean/coupon/discount_info.rs
weixin-java-channel,me/chanjar/weixin/channel/bean/coupon/ExtInfo.java,class,ExtInfo,bean/coupon/ext_info.rs
weixin-java-channel,me/chanjar/weixin/channel/bean/coupon/PromoteInfo.java,class,PromoteInfo,bean/coupon/promote_info.rs
weixin-java-channel,me/chanjar/weixin/channel/bean/coupon/ReceiveInfo.java,class,ReceiveInfo,bean/coupon/receive_info.rs
weixin-java-channel,me/chanjar/weixin/channel/bean/coupon/StockInfo.java,class,StockInfo,bean/coupon/stock_info.rs
weixin-java-channel,me/chanjar/weixin/channel/bean/coupon/UserCoupon.java,class,UserCoupon,bean/coupon/user_coupon.rs
weixin-java-channel,me/chanjar/weixin/channel/bean/coupon/UserCouponIdInfo.java,class,UserCouponIdInfo,bean/coupon/user_coupon_id_info.rs
weixin-java-channel,me/chanjar/weixin/channel/bean/coupon/UserCouponIdParam.java,class,UserCouponIdParam,bean/coupon/user_coupon_id_param.rs
weixin-java-channel,me/chanjar/weixin/channel/bean/coupon/UserCouponListParam.java,class,UserCouponListParam,bean/coupon/user_coupon_list_param.rs
weixin-java-channel,me/chanjar/weixin/channel/bean/coupon/UserCouponListResponse.java,class,UserCouponListResponse,bean/coupon/user_coupon_list_response.rs
weixin-java-channel,me/chanjar/weixin/channel/bean/coupon/UserCouponResponse.java,class,UserCouponResponse,bean/coupon/user_coupon_response.rs
weixin-java-channel,me/chanjar/weixin/channel/bean/coupon/UserExtInfo.java,class,UserExtInfo,bean/coupon/user_ext_info.rs
weixin-java-channel,me/chanjar/weixin/channel/bean/coupon/ValidInfo.java,class,ValidInfo,bean/coupon/valid_info.rs
weixin-java-channel,me/chanjar/weixin/channel/bean/delivery/DeliveryCompanyInfo.java,class,DeliveryCompanyInfo,bean/delivery/delivery_company_info.rs
weixin-java-channel,me/chanjar/weixin/channel/bean/delivery/DeliveryCompanyResponse.java,class,DeliveryCompanyResponse,bean/delivery/delivery_company_response.rs
weixin-java-channel,me/chanjar/weixin/channel/bean/delivery/DeliveryInfo.java,class,DeliveryInfo,bean/delivery/delivery_info.rs
weixin-java-channel,me/chanjar/weixin/channel/bean/delivery/DeliverySendParam.java,class,DeliverySendParam,bean/delivery/delivery_send_param.rs
weixin-java-channel,me/chanjar/weixin/channel/bean/delivery/FreightProductInfo.java,class,FreightProductInfo,bean/delivery/freight_product_info.rs
weixin-java-channel,me/chanjar/weixin/channel/bean/delivery/FreshInspectParam.java,class,FreshInspectParam,bean/delivery/fresh_inspect_param.rs
weixin-java-channel,me/chanjar/weixin/channel/bean/delivery/PackageAuditInfo.java,class,PackageAuditInfo,bean/delivery/package_audit_info.rs
weixin-java-channel,me/chanjar/weixin/channel/bean/freight/AddressInfoList.java,class,AddressInfoList,bean/freight/address_info_list.rs
weixin-java-channel,me/chanjar/weixin/channel/bean/freight/AllConditionFreeDetail.java,class,AllConditionFreeDetail,bean/freight/all_condition_free_detail.rs
weixin-java-channel,me/chanjar/weixin/channel/bean/freight/AllFreightCalcMethod.java,class,AllFreightCalcMethod,bean/freight/all_freight_calc_method.rs
weixin-java-channel,me/chanjar/weixin/channel/bean/freight/ConditionFreeDetail.java,class,ConditionFreeDetail,bean/freight/condition_free_detail.rs
weixin-java-channel,me/chanjar/weixin/channel/bean/freight/FreightCalcMethod.java,class,FreightCalcMethod,bean/freight/freight_calc_method.rs
weixin-java-channel,me/chanjar/weixin/channel/bean/freight/FreightTemplate.java,class,FreightTemplate,bean/freight/freight_template.rs
weixin-java-channel,me/chanjar/weixin/channel/bean/freight/NotSendArea.java,class,NotSendArea,bean/freight/not_send_area.rs
weixin-java-channel,me/chanjar/weixin/channel/bean/freight/TemplateAddParam.java,class,TemplateAddParam,bean/freight/template_add_param.rs
weixin-java-channel,me/chanjar/weixin/channel/bean/freight/TemplateIdResponse.java,class,TemplateIdResponse,bean/freight/template_id_response.rs
weixin-java-channel,me/chanjar/weixin/channel/bean/freight/TemplateInfoResponse.java,class,TemplateInfoResponse,bean/freight/template_info_response.rs
weixin-java-channel,me/chanjar/weixin/channel/bean/freight/TemplateListParam.java,class,TemplateListParam,bean/freight/template_list_param.rs
weixin-java-channel,me/chanjar/weixin/channel/bean/freight/TemplateListResponse.java,class,TemplateListResponse,bean/freight/template_list_response.rs
weixin-java-channel,me/chanjar/weixin/channel/bean/fund/AccountInfo.java,class,AccountInfo,bean/fund/account_info.rs
weixin-java-channel,me/chanjar/weixin/channel/bean/fund/AccountInfoParam.java,class,AccountInfoParam,bean/fund/account_info_param.rs
weixin-java-channel,me/chanjar/weixin/channel/bean/fund/AccountInfoResponse.java,class,AccountInfoResponse,bean/fund/account_info_response.rs
weixin-java-channel,me/chanjar/weixin/channel/bean/fund/BalanceInfoResponse.java,class,BalanceInfoResponse,bean/fund/balance_info_response.rs
weixin-java-channel,me/chanjar/weixin/channel/bean/fund/FlowListResponse.java,class,FlowListResponse,bean/fund/flow_list_response.rs
weixin-java-channel,me/chanjar/weixin/channel/bean/fund/FlowRelatedInfo.java,class,FlowRelatedInfo,bean/fund/flow_related_info.rs
weixin-java-channel,me/chanjar/weixin/channel/bean/fund/FundsFlow.java,class,FundsFlow,bean/fund/funds_flow.rs
weixin-java-channel,me/chanjar/weixin/channel/bean/fund/FundsFlowResponse.java,class,FundsFlowResponse,bean/fund/funds_flow_response.rs
weixin-java-channel,me/chanjar/weixin/channel/bean/fund/FundsListParam.java,class,FundsListParam,bean/fund/funds_list_param.rs
weixin-java-channel,me/chanjar/weixin/channel/bean/fund/WithdrawDetailResponse.java,class,WithdrawDetailResponse,bean/fund/withdraw_detail_response.rs
weixin-java-channel,me/chanjar/weixin/channel/bean/fund/WithdrawListParam.java,class,WithdrawListParam,bean/fund/withdraw_list_param.rs
weixin-java-channel,me/chanjar/weixin/channel/bean/fund/WithdrawListResponse.java,class,WithdrawListResponse,bean/fund/withdraw_list_response.rs
weixin-java-channel,me/chanjar/weixin/channel/bean/fund/WithdrawSubmitParam.java,class,WithdrawSubmitParam,bean/fund/withdraw_submit_param.rs
weixin-java-channel,me/chanjar/weixin/channel/bean/fund/WithdrawSubmitResponse.java,class,WithdrawSubmitResponse,bean/fund/withdraw_submit_response.rs
weixin-java-channel,me/chanjar/weixin/channel/bean/fund/bank/BankCityInfo.java,class,BankCityInfo,fund/bank/bank_city_info.rs
weixin-java-channel,me/chanjar/weixin/channel/bean/fund/bank/BankCityResponse.java,class,BankCityResponse,fund/bank/bank_city_response.rs
weixin-java-channel,me/chanjar/weixin/channel/bean/fund/bank/BankInfo.java,class,BankInfo,fund/bank/bank_info.rs
weixin-java-channel,me/chanjar/weixin/channel/bean/fund/bank/BankInfoResponse.java,class,BankInfoResponse,fund/bank/bank_info_response.rs
weixin-java-channel,me/chanjar/weixin/channel/bean/fund/bank/BankListResponse.java,class,BankListResponse,fund/bank/bank_list_response.rs
weixin-java-channel,me/chanjar/weixin/channel/bean/fund/bank/BankProvinceInfo.java,class,BankProvinceInfo,fund/bank/bank_province_info.rs
weixin-java-channel,me/chanjar/weixin/channel/bean/fund/bank/BankProvinceResponse.java,class,BankProvinceResponse,fund/bank/bank_province_response.rs
weixin-java-channel,me/chanjar/weixin/channel/bean/fund/bank/BankSearchParam.java,class,BankSearchParam,fund/bank/bank_search_param.rs
weixin-java-channel,me/chanjar/weixin/channel/bean/fund/bank/BranchInfo.java,class,BranchInfo,fund/bank/branch_info.rs
weixin-java-channel,me/chanjar/weixin/channel/bean/fund/bank/BranchInfoResponse.java,class,BranchInfoResponse,fund/bank/branch_info_response.rs
weixin-java-channel,me/chanjar/weixin/channel/bean/fund/bank/BranchSearchParam.java,class,BranchSearchParam,fund/bank/branch_search_param.rs
weixin-java-channel,me/chanjar/weixin/channel/bean/fund/qrcode/QrCheckResponse.java,class,QrCheckResponse,fund/qrcode/qr_check_response.rs
weixin-java-channel,me/chanjar/weixin/channel/bean/fund/qrcode/QrCodeResponse.java,class,QrCodeResponse,fund/qrcode/qr_code_response.rs
weixin-java-channel,me/chanjar/weixin/channel/bean/home/background/BackgroundApplyResponse.java,class,BackgroundApplyResponse,home/background/background_apply_response.rs
weixin-java-channel,me/chanjar/weixin/channel/bean/home/background/BackgroundApplyResult.java,class,BackgroundApplyResult,home/background/background_apply_result.rs
weixin-java-channel,me/chanjar/weixin/channel/bean/home/background/BackgroundGetResponse.java,class,BackgroundGetResponse,home/background/background_get_response.rs
weixin-java-channel,me/chanjar/weixin/channel/bean/home/banner/BannerApplyDetail.java,class,BannerApplyDetail,home/banner/banner_apply_detail.rs
weixin-java-channel,me/chanjar/weixin/channel/bean/home/banner/BannerApplyInfo.java,class,BannerApplyInfo,home/banner/banner_apply_info.rs
weixin-java-channel,me/chanjar/weixin/channel/bean/home/banner/BannerApplyParam.java,class,BannerApplyParam,home/banner/banner_apply_param.rs
weixin-java-channel,me/chanjar/weixin/channel/bean/home/banner/BannerApplyResponse.java,class,BannerApplyResponse,home/banner/banner_apply_response.rs
weixin-java-channel,me/chanjar/weixin/channel/bean/home/banner/BannerGetResponse.java,class,BannerGetResponse,home/banner/banner_get_response.rs
weixin-java-channel,me/chanjar/weixin/channel/bean/home/banner/BannerInfo.java,class,BannerInfo,home/banner/banner_info.rs
weixin-java-channel,me/chanjar/weixin/channel/bean/home/banner/BannerItem.java,class,BannerItem,home/banner/banner_item.rs
weixin-java-channel,me/chanjar/weixin/channel/bean/home/banner/BannerItemDetail.java,class,BannerItemDetail,home/banner/banner_item_detail.rs
weixin-java-channel,me/chanjar/weixin/channel/bean/home/banner/BannerItemFinder.java,class,BannerItemFinder,home/banner/banner_item_finder.rs
weixin-java-channel,me/chanjar/weixin/channel/bean/home/banner/BannerItemOfficialAccount.java,class,BannerItemOfficialAccount,home/banner/banner_item_official_account.rs
weixin-java-channel,me/chanjar/weixin/channel/bean/home/banner/BannerItemProduct.java,class,BannerItemProduct,home/banner/banner_item_product.rs
weixin-java-channel,me/chanjar/weixin/channel/bean/home/tree/CatTreeNode.java,class,CatTreeNode,home/tree/cat_tree_node.rs
weixin-java-channel,me/chanjar/weixin/channel/bean/home/tree/LevelTreeInfo.java,class,LevelTreeInfo,home/tree/level_tree_info.rs
weixin-java-channel,me/chanjar/weixin/channel/bean/home/tree/OneLevelTreeNode.java,class,OneLevelTreeNode,home/tree/one_level_tree_node.rs
weixin-java-channel,me/chanjar/weixin/channel/bean/home/tree/TreeAuditResult.java,class,TreeAuditResult,home/tree/tree_audit_result.rs
weixin-java-channel,me/chanjar/weixin/channel/bean/home/tree/TreeAuditResultDetail.java,class,TreeAuditResultDetail,home/tree/tree_audit_result_detail.rs
weixin-java-channel,me/chanjar/weixin/channel/bean/home/tree/TreeProductEditInfo.java,class,TreeProductEditInfo,home/tree/tree_product_edit_info.rs
weixin-java-channel,me/chanjar/weixin/channel/bean/home/tree/TreeProductEditParam.java,class,TreeProductEditParam,home/tree/tree_product_edit_param.rs
weixin-java-channel,me/chanjar/weixin/channel/bean/home/tree/TreeProductListInfo.java,class,TreeProductListInfo,home/tree/tree_product_list_info.rs
weixin-java-channel,me/chanjar/weixin/channel/bean/home/tree/TreeProductListParam.java,class,TreeProductListParam,home/tree/tree_product_list_param.rs
weixin-java-channel,me/chanjar/weixin/channel/bean/home/tree/TreeProductListResponse.java,class,TreeProductListResponse,home/tree/tree_product_list_response.rs
weixin-java-channel,me/chanjar/weixin/channel/bean/home/tree/TreeProductListResult.java,class,TreeProductListResult,home/tree/tree_product_list_result.rs
weixin-java-channel,me/chanjar/weixin/channel/bean/home/tree/TreeShowGetResponse.java,class,TreeShowGetResponse,home/tree/tree_show_get_response.rs
weixin-java-channel,me/chanjar/weixin/channel/bean/home/tree/TreeShowInfo.java,class,TreeShowInfo,home/tree/tree_show_info.rs
weixin-java-channel,me/chanjar/weixin/channel/bean/home/tree/TreeShowParam.java,class,TreeShowParam,home/tree/tree_show_param.rs
weixin-java-channel,me/chanjar/weixin/channel/bean/home/tree/TreeShowSetResponse.java,class,TreeShowSetResponse,home/tree/tree_show_set_response.rs
weixin-java-channel,me/chanjar/weixin/channel/bean/home/window/WindowProductIndexParam.java,class,WindowProductIndexParam,home/window/window_product_index_param.rs
weixin-java-channel,me/chanjar/weixin/channel/bean/home/window/WindowProductListParam.java,class,WindowProductListParam,home/window/window_product_list_param.rs
weixin-java-channel,me/chanjar/weixin/channel/bean/home/window/WindowProductSetting.java,class,WindowProductSetting,home/window/window_product_setting.rs
weixin-java-channel,me/chanjar/weixin/channel/bean/home/window/WindowProductSettingResponse.java,class,WindowProductSettingResponse,home/window/window_product_setting_response.rs
weixin-java-channel,me/chanjar/weixin/channel/bean/image/ChannelImageInfo.java,class,ChannelImageInfo,bean/image/channel_image_info.rs
weixin-java-channel,me/chanjar/weixin/channel/bean/image/ChannelImageResponse.java,class,ChannelImageResponse,bean/image/channel_image_response.rs
weixin-java-channel,me/chanjar/weixin/channel/bean/image/QualificationFileId.java,class,QualificationFileId,bean/image/qualification_file_id.rs
weixin-java-channel,me/chanjar/weixin/channel/bean/image/QualificationFileResponse.java,class,QualificationFileResponse,bean/image/qualification_file_response.rs
weixin-java-channel,me/chanjar/weixin/channel/bean/image/UploadImageResponse.java,class,UploadImageResponse,bean/image/upload_image_response.rs
weixin-java-channel,me/chanjar/weixin/channel/bean/lead/component/request/GetFinderLiveDataListRequest.java,class,GetFinderLiveDataListRequest,component/request/get_finder_live_data_list_request.rs
weixin-java-channel,me/chanjar/weixin/channel/bean/lead/component/request/GetFinderLiveLeadsDataRequest.java,class,GetFinderLiveLeadsDataRequest,component/request/get_finder_live_leads_data_request.rs
weixin-java-channel,me/chanjar/weixin/channel/bean/lead/component/request/GetLeadInfoByComponentRequest.java,class,GetLeadInfoByComponentRequest,component/request/get_lead_info_by_component_request.rs
weixin-java-channel,me/chanjar/weixin/channel/bean/lead/component/request/GetLeadsComponentIdRequest.java,class,GetLeadsComponentIdRequest,component/request/get_leads_component_id_request.rs
weixin-java-channel,me/chanjar/weixin/channel/bean/lead/component/request/GetLeadsComponentPromoteRecordRequest.java,class,GetLeadsComponentPromoteRecordRequest,component/request/get_leads_component_promote_record_request.rs
weixin-java-channel,me/chanjar/weixin/channel/bean/lead/component/request/GetLeadsInfoByRequestIdRequest.java,class,GetLeadsInfoByRequestIdRequest,component/request/get_leads_info_by_request_id_request.rs
weixin-java-channel,me/chanjar/weixin/channel/bean/lead/component/request/GetLeadsRequestIdRequest.java,class,GetLeadsRequestIdRequest,component/request/get_leads_request_id_request.rs
weixin-java-channel,me/chanjar/weixin/channel/bean/lead/component/response/FinderAttrResponse.java,class,FinderAttrResponse,component/response/finder_attr_response.rs
weixin-java-channel,me/chanjar/weixin/channel/bean/lead/component/response/GetFinderLiveDataListResponse.java,class,GetFinderLiveDataListResponse,component/response/get_finder_live_data_list_response.rs
weixin-java-channel,me/chanjar/weixin/channel/bean/lead/component/response/GetFinderLiveLeadsDataResponse.java,class,GetFinderLiveLeadsDataResponse,component/response/get_finder_live_leads_data_response.rs
weixin-java-channel,me/chanjar/weixin/channel/bean/lead/component/response/GetLeadsComponentIdResponse.java,class,GetLeadsComponentIdResponse,component/response/get_leads_component_id_response.rs
weixin-java-channel,me/chanjar/weixin/channel/bean/lead/component/response/GetLeadsComponentPromoteRecordResponse.java,class,GetLeadsComponentPromoteRecordResponse,component/response/get_leads_component_promote_record_response.rs
weixin-java-channel,me/chanjar/weixin/channel/bean/lead/component/response/GetLeadsRequestIdResponse.java,class,GetLeadsRequestIdResponse,component/response/get_leads_request_id_response.rs
weixin-java-channel,me/chanjar/weixin/channel/bean/lead/component/response/LeadInfoResponse.java,class,LeadInfoResponse,component/response/lead_info_response.rs
weixin-java-channel,me/chanjar/weixin/channel/bean/league/AddressInfo.java,class,AddressInfo,bean/league/address_info.rs
weixin-java-channel,me/chanjar/weixin/channel/bean/league/CatInfo.java,class,CatInfo,bean/league/cat_info.rs
weixin-java-channel,me/chanjar/weixin/channel/bean/league/DescInfo.java,class,DescInfo,bean/league/desc_info.rs
weixin-java-channel,me/chanjar/weixin/channel/bean/league/ExpressInfo.java,class,ExpressInfo,bean/league/express_info.rs
weixin-java-channel,me/chanjar/weixin/channel/bean/league/SimpleProductInfo.java,class,SimpleProductInfo,bean/league/simple_product_info.rs
weixin-java-channel,me/chanjar/weixin/channel/bean/league/product/BatchAddParam.java,class,BatchAddParam,league/product/batch_add_param.rs
weixin-java-channel,me/chanjar/weixin/channel/bean/league/product/BatchAddResponse.java,class,BatchAddResponse,league/product/batch_add_response.rs
weixin-java-channel,me/chanjar/weixin/channel/bean/league/product/ProductDeleteParam.java,class,ProductDeleteParam,league/product/product_delete_param.rs
weixin-java-channel,me/chanjar/weixin/channel/bean/league/product/ProductDetailParam.java,class,ProductDetailParam,league/product/product_detail_param.rs
weixin-java-channel,me/chanjar/weixin/channel/bean/league/product/ProductDetailResponse.java,class,ProductDetailResponse,league/product/product_detail_response.rs
weixin-java-channel,me/chanjar/weixin/channel/bean/league/product/ProductListParam.java,class,ProductListParam,league/product/product_list_param.rs
weixin-java-channel,me/chanjar/weixin/channel/bean/league/product/ProductListResponse.java,class,ProductListResponse,league/product/product_list_response.rs
weixin-java-channel,me/chanjar/weixin/channel/bean/league/product/ProductUpdateParam.java,class,ProductUpdateParam,league/product/product_update_param.rs
weixin-java-channel,me/chanjar/weixin/channel/bean/league/product/ProductUpdateResponse.java,class,ProductUpdateResponse,league/product/product_update_response.rs
weixin-java-channel,me/chanjar/weixin/channel/bean/league/promoter/PromoterInfo.java,class,PromoterInfo,league/promoter/promoter_info.rs
weixin-java-channel,me/chanjar/weixin/channel/bean/league/promoter/PromoterInfoResponse.java,class,PromoterInfoResponse,league/promoter/promoter_info_response.rs
weixin-java-channel,me/chanjar/weixin/channel/bean/league/promoter/PromoterListParam.java,class,PromoterListParam,league/promoter/promoter_list_param.rs
weixin-java-channel,me/chanjar/weixin/channel/bean/league/promoter/PromoterListResponse.java,class,PromoterListResponse,league/promoter/promoter_list_response.rs
weixin-java-channel,me/chanjar/weixin/channel/bean/league/supplier/BizBaseInfo.java,class,BizBaseInfo,league/supplier/biz_base_info.rs
weixin-java-channel,me/chanjar/weixin/channel/bean/league/supplier/CommissionInfo.java,class,CommissionInfo,league/supplier/commission_info.rs
weixin-java-channel,me/chanjar/weixin/channel/bean/league/supplier/CommissionOrderListParam.java,class,CommissionOrderListParam,league/supplier/commission_order_list_param.rs
weixin-java-channel,me/chanjar/weixin/channel/bean/league/supplier/CommissionOrderListResponse.java,class,CommissionOrderListResponse,league/supplier/commission_order_list_response.rs
weixin-java-channel,me/chanjar/weixin/channel/bean/league/supplier/CommissionOrderResponse.java,class,CommissionOrderResponse,league/supplier/commission_order_response.rs
weixin-java-channel,me/chanjar/weixin/channel/bean/league/supplier/CoopProductDetailParam.java,class,CoopProductDetailParam,league/supplier/coop_product_detail_param.rs
weixin-java-channel,me/chanjar/weixin/channel/bean/league/supplier/CoopProductListParam.java,class,CoopProductListParam,league/supplier/coop_product_list_param.rs
weixin-java-channel,me/chanjar/weixin/channel/bean/league/supplier/CoopProductListResponse.java,class,CoopProductListResponse,league/supplier/coop_product_list_response.rs
weixin-java-channel,me/chanjar/weixin/channel/bean/league/supplier/CoopProductResponse.java,class,CoopProductResponse,league/supplier/coop_product_response.rs
weixin-java-channel,me/chanjar/weixin/channel/bean/league/supplier/FlowListParam.java,class,FlowListParam,league/supplier/flow_list_param.rs
weixin-java-channel,me/chanjar/weixin/channel/bean/league/supplier/FundsFlowInfo.java,class,FundsFlowInfo,league/supplier/funds_flow_info.rs
weixin-java-channel,me/chanjar/weixin/channel/bean/league/supplier/ProductInfo.java,class,ProductInfo,league/supplier/product_info.rs
weixin-java-channel,me/chanjar/weixin/channel/bean/league/supplier/ShopDetailResponse.java,class,ShopDetailResponse,league/supplier/shop_detail_response.rs
weixin-java-channel,me/chanjar/weixin/channel/bean/league/supplier/ShopListResponse.java,class,ShopListResponse,league/supplier/shop_list_response.rs
weixin-java-channel,me/chanjar/weixin/channel/bean/league/supplier/SkuInfo.java,class,SkuInfo,league/supplier/sku_info.rs
weixin-java-channel,me/chanjar/weixin/channel/bean/league/supplier/SupplierBalanceResponse.java,class,SupplierBalanceResponse,league/supplier/supplier_balance_response.rs
weixin-java-channel,me/chanjar/weixin/channel/bean/league/supplier/SupplierFlowDetailResponse.java,class,SupplierFlowDetailResponse,league/supplier/supplier_flow_detail_response.rs
weixin-java-channel,me/chanjar/weixin/channel/bean/league/supplier/SupplierFlowListResponse.java,class,SupplierFlowListResponse,league/supplier/supplier_flow_list_response.rs
weixin-java-channel,me/chanjar/weixin/channel/bean/league/window/AuthInfo.java,class,AuthInfo,league/window/auth_info.rs
weixin-java-channel,me/chanjar/weixin/channel/bean/league/window/AuthInfoResponse.java,class,AuthInfoResponse,league/window/auth_info_response.rs
weixin-java-channel,me/chanjar/weixin/channel/bean/league/window/AuthStatusResponse.java,class,AuthStatusResponse,league/window/auth_status_response.rs
weixin-java-channel,me/chanjar/weixin/channel/bean/league/window/ProductSearchParam.java,class,ProductSearchParam,league/window/product_search_param.rs
weixin-java-channel,me/chanjar/weixin/channel/bean/league/window/WindowProductListResponse.java,class,WindowProductListResponse,league/window/window_product_list_response.rs
weixin-java-channel,me/chanjar/weixin/channel/bean/league/window/WindowProductParam.java,class,WindowProductParam,league/window/window_product_param.rs
weixin-java-channel,me/chanjar/weixin/channel/bean/league/window/WindowProductResponse.java,class,WindowProductResponse,league/window/window_product_response.rs
weixin-java-channel,me/chanjar/weixin/channel/bean/limit/LimitSku.java,class,LimitSku,bean/limit/limit_sku.rs
weixin-java-channel,me/chanjar/weixin/channel/bean/limit/LimitTaskAddResponse.java,class,LimitTaskAddResponse,bean/limit/limit_task_add_response.rs
weixin-java-channel,me/chanjar/weixin/channel/bean/limit/LimitTaskInfo.java,class,LimitTaskInfo,bean/limit/limit_task_info.rs
weixin-java-channel,me/chanjar/weixin/channel/bean/limit/LimitTaskListParam.java,class,LimitTaskListParam,bean/limit/limit_task_list_param.rs
weixin-java-channel,me/chanjar/weixin/channel/bean/limit/LimitTaskListResponse.java,class,LimitTaskListResponse,bean/limit/limit_task_list_response.rs
weixin-java-channel,me/chanjar/weixin/channel/bean/limit/LimitTaskParam.java,class,LimitTaskParam,bean/limit/limit_task_param.rs
weixin-java-channel,me/chanjar/weixin/channel/bean/live/dashboard/ConversionMetric.java,class,ConversionMetric,live/dashboard/conversion_metric.rs
weixin-java-channel,me/chanjar/weixin/channel/bean/live/dashboard/DataNode.java,class,DataNode,live/dashboard/data_node.rs
weixin-java-channel,me/chanjar/weixin/channel/bean/live/dashboard/DataNodeList.java,class,DataNodeList,live/dashboard/data_node_list.rs
weixin-java-channel,me/chanjar/weixin/channel/bean/live/dashboard/DataNodeSecondList.java,class,DataNodeSecondList,live/dashboard/data_node_second_list.rs
weixin-java-channel,me/chanjar/weixin/channel/bean/live/dashboard/DataNodeThirdList.java,class,DataNodeThirdList,live/dashboard/data_node_third_list.rs
weixin-java-channel,me/chanjar/weixin/channel/bean/live/dashboard/Dimension.java,class,Dimension,live/dashboard/dimension.rs
weixin-java-channel,me/chanjar/weixin/channel/bean/live/dashboard/Ended.java,class,Ended,live/dashboard/ended.rs
weixin-java-channel,me/chanjar/weixin/channel/bean/live/dashboard/EndedIndexItem.java,class,EndedIndexItem,live/dashboard/ended_index_item.rs
weixin-java-channel,me/chanjar/weixin/channel/bean/live/dashboard/Fields.java,class,Fields,live/dashboard/fields.rs
weixin-java-channel,me/chanjar/weixin/channel/bean/live/dashboard/ItemConversionMetric.java,class,ItemConversionMetric,live/dashboard/item_conversion_metric.rs
weixin-java-channel,me/chanjar/weixin/channel/bean/live/dashboard/LiveComparisonIndex.java,class,LiveComparisonIndex,live/dashboard/live_comparison_index.rs
weixin-java-channel,me/chanjar/weixin/channel/bean/live/dashboard/LiveDashboardData.java,class,LiveDashboardData,live/dashboard/live_dashboard_data.rs
weixin-java-channel,me/chanjar/weixin/channel/bean/live/dashboard/LiveDashboardData2.java,class,LiveDashboardData2,live/dashboard/live_dashboard_data2.rs
weixin-java-channel,me/chanjar/weixin/channel/bean/live/dashboard/LiveDashboardData2Portrait.java,class,LiveDashboardData2Portrait,live/dashboard/live_dashboard_data2_portrait.rs
weixin-java-channel,me/chanjar/weixin/channel/bean/live/dashboard/LiveDashboardData2Source.java,class,LiveDashboardData2Source,live/dashboard/live_dashboard_data2_source.rs
weixin-java-channel,me/chanjar/weixin/channel/bean/live/dashboard/LiveDashboardData2Summary.java,class,LiveDashboardData2Summary,live/dashboard/live_dashboard_data2_summary.rs
weixin-java-channel,me/chanjar/weixin/channel/bean/live/dashboard/LiveDataParam.java,class,LiveDataParam,live/dashboard/live_data_param.rs
weixin-java-channel,me/chanjar/weixin/channel/bean/live/dashboard/LiveDataResponse.java,class,LiveDataResponse,live/dashboard/live_data_response.rs
weixin-java-channel,me/chanjar/weixin/channel/bean/live/dashboard/LiveDistChannelSourceStats.java,class,LiveDistChannelSourceStats,live/dashboard/live_dist_channel_source_stats.rs
weixin-java-channel,me/chanjar/weixin/channel/bean/live/dashboard/LiveDistributionByFlowTypeStat.java,class,LiveDistributionByFlowTypeStat,live/dashboard/live_distribution_by_flow_type_stat.rs
weixin-java-channel,me/chanjar/weixin/channel/bean/live/dashboard/LiveDistributionChannel.java,class,LiveDistributionChannel,live/dashboard/live_distribution_channel.rs
weixin-java-channel,me/chanjar/weixin/channel/bean/live/dashboard/LiveDistributionSceneStat.java,class,LiveDistributionSceneStat,live/dashboard/live_distribution_scene_stat.rs
weixin-java-channel,me/chanjar/weixin/channel/bean/live/dashboard/LiveEcConversionMetric.java,class,LiveEcConversionMetric,live/dashboard/live_ec_conversion_metric.rs
weixin-java-channel,me/chanjar/weixin/channel/bean/live/dashboard/LiveEcDataSummary.java,class,LiveEcDataSummary,live/dashboard/live_ec_data_summary.rs
weixin-java-channel,me/chanjar/weixin/channel/bean/live/dashboard/LiveEcProfile.java,class,LiveEcProfile,live/dashboard/live_ec_profile.rs
weixin-java-channel,me/chanjar/weixin/channel/bean/live/dashboard/LiveItem.java,class,LiveItem,live/dashboard/live_item.rs
weixin-java-channel,me/chanjar/weixin/channel/bean/live/dashboard/LiveListParam.java,class,LiveListParam,live/dashboard/live_list_param.rs
weixin-java-channel,me/chanjar/weixin/channel/bean/live/dashboard/LiveListResponse.java,class,LiveListResponse,live/dashboard/live_list_response.rs
weixin-java-channel,me/chanjar/weixin/channel/bean/live/dashboard/OnAir.java,class,OnAir,live/dashboard/on_air.rs
weixin-java-channel,me/chanjar/weixin/channel/bean/live/dashboard/OnAirIndexItem.java,class,OnAirIndexItem,live/dashboard/on_air_index_item.rs
weixin-java-channel,me/chanjar/weixin/channel/bean/live/dashboard/Point.java,class,Point,live/dashboard/point.rs
weixin-java-channel,me/chanjar/weixin/channel/bean/live/dashboard/QuarterlyGrowthRate.java,class,QuarterlyGrowthRate,live/dashboard/quarterly_growth_rate.rs
weixin-java-channel,me/chanjar/weixin/channel/bean/live/dashboard/Series.java,class,Series,live/dashboard/series.rs
weixin-java-channel,me/chanjar/weixin/channel/bean/live/dashboard/SingleLiveEcSpuDataPageV2.java,class,SingleLiveEcSpuDataPageV2,live/dashboard/single_live_ec_spu_data_page_v2.rs
weixin-java-channel,me/chanjar/weixin/channel/bean/live/dashboard/SpuBaseData.java,class,SpuBaseData,live/dashboard/spu_base_data.rs
weixin-java-channel,me/chanjar/weixin/channel/bean/live/dashboard/SpuData.java,class,SpuData,live/dashboard/spu_data.rs
weixin-java-channel,me/chanjar/weixin/channel/bean/live/dashboard/SubLiveDistChannelSourceStats.java,class,SubLiveDistChannelSourceStats,live/dashboard/sub_live_dist_channel_source_stats.rs
weixin-java-channel,me/chanjar/weixin/channel/bean/message/SessionMessage.java,class,SessionMessage,bean/message/session_message.rs
weixin-java-channel,me/chanjar/weixin/channel/bean/message/after/AfterSaleMessage.java,class,AfterSaleMessage,message/after/after_sale_message.rs
weixin-java-channel,me/chanjar/weixin/channel/bean/message/after/AfterSaleStatusInfo.java,class,AfterSaleStatusInfo,message/after/after_sale_status_info.rs
weixin-java-channel,me/chanjar/weixin/channel/bean/message/after/ComplaintInfo.java,class,ComplaintInfo,message/after/complaint_info.rs
weixin-java-channel,me/chanjar/weixin/channel/bean/message/after/ComplaintMessage.java,class,ComplaintMessage,message/after/complaint_message.rs
weixin-java-channel,me/chanjar/weixin/channel/bean/message/coupon/CouponActionInfo.java,class,CouponActionInfo,message/coupon/coupon_action_info.rs
weixin-java-channel,me/chanjar/weixin/channel/bean/message/coupon/CouponActionMessage.java,class,CouponActionMessage,message/coupon/coupon_action_message.rs
weixin-java-channel,me/chanjar/weixin/channel/bean/message/coupon/CouponReceiveMessage.java,class,CouponReceiveMessage,message/coupon/coupon_receive_message.rs
weixin-java-channel,me/chanjar/weixin/channel/bean/message/coupon/UserCouponActionInfo.java,class,UserCouponActionInfo,message/coupon/user_coupon_action_info.rs
weixin-java-channel,me/chanjar/weixin/channel/bean/message/coupon/UserCouponExpireMessage.java,class,UserCouponExpireMessage,message/coupon/user_coupon_expire_message.rs
weixin-java-channel,me/chanjar/weixin/channel/bean/message/coupon/UserCouponUseMessage.java,class,UserCouponUseMessage,message/coupon/user_coupon_use_message.rs
weixin-java-channel,me/chanjar/weixin/channel/bean/message/fund/AccountNotifyMessage.java,class,AccountNotifyMessage,message/fund/account_notify_message.rs
weixin-java-channel,me/chanjar/weixin/channel/bean/message/fund/BankNotifyInfo.java,class,BankNotifyInfo,message/fund/bank_notify_info.rs
weixin-java-channel,me/chanjar/weixin/channel/bean/message/fund/QrNotifyInfo.java,class,QrNotifyInfo,message/fund/qr_notify_info.rs
weixin-java-channel,me/chanjar/weixin/channel/bean/message/fund/QrNotifyMessage.java,class,QrNotifyMessage,message/fund/qr_notify_message.rs
weixin-java-channel,me/chanjar/weixin/channel/bean/message/fund/WithdrawNotifyInfo.java,class,WithdrawNotifyInfo,message/fund/withdraw_notify_info.rs
weixin-java-channel,me/chanjar/weixin/channel/bean/message/fund/WithdrawNotifyMessage.java,class,WithdrawNotifyMessage,message/fund/withdraw_notify_message.rs
weixin-java-channel,me/chanjar/weixin/channel/bean/message/order/OrderCancelInfo.java,class,OrderCancelInfo,message/order/order_cancel_info.rs
weixin-java-channel,me/chanjar/weixin/channel/bean/message/order/OrderCancelMessage.java,class,OrderCancelMessage,message/order/order_cancel_message.rs
weixin-java-channel,me/chanjar/weixin/channel/bean/message/order/OrderConfirmInfo.java,class,OrderConfirmInfo,message/order/order_confirm_info.rs
weixin-java-channel,me/chanjar/weixin/channel/bean/message/order/OrderConfirmMessage.java,class,OrderConfirmMessage,message/order/order_confirm_message.rs
weixin-java-channel,me/chanjar/weixin/channel/bean/message/order/OrderDeliveryInfo.java,class,OrderDeliveryInfo,message/order/order_delivery_info.rs
weixin-java-channel,me/chanjar/weixin/channel/bean/message/order/OrderDeliveryMessage.java,class,OrderDeliveryMessage,message/order/order_delivery_message.rs
weixin-java-channel,me/chanjar/weixin/channel/bean/message/order/OrderExtInfo.java,class,OrderExtInfo,message/order/order_ext_info.rs
weixin-java-channel,me/chanjar/weixin/channel/bean/message/order/OrderExtMessage.java,class,OrderExtMessage,message/order/order_ext_message.rs
weixin-java-channel,me/chanjar/weixin/channel/bean/message/order/OrderIdInfo.java,class,OrderIdInfo,message/order/order_id_info.rs
weixin-java-channel,me/chanjar/weixin/channel/bean/message/order/OrderIdMessage.java,class,OrderIdMessage,message/order/order_id_message.rs
weixin-java-channel,me/chanjar/weixin/channel/bean/message/order/OrderPayInfo.java,class,OrderPayInfo,message/order/order_pay_info.rs
weixin-java-channel,me/chanjar/weixin/channel/bean/message/order/OrderPayMessage.java,class,OrderPayMessage,message/order/order_pay_message.rs
weixin-java-channel,me/chanjar/weixin/channel/bean/message/order/OrderSettleInfo.java,class,OrderSettleInfo,message/order/order_settle_info.rs
weixin-java-channel,me/chanjar/weixin/channel/bean/message/order/OrderSettleMessage.java,class,OrderSettleMessage,message/order/order_settle_message.rs
weixin-java-channel,me/chanjar/weixin/channel/bean/message/order/OrderStatusMessage.java,class,OrderStatusMessage,message/order/order_status_message.rs
weixin-java-channel,me/chanjar/weixin/channel/bean/message/product/BrandMessage.java,class,BrandMessage,message/product/brand_message.rs
weixin-java-channel,me/chanjar/weixin/channel/bean/message/product/CategoryAuditMessage.java,class,CategoryAuditMessage,message/product/category_audit_message.rs
weixin-java-channel,me/chanjar/weixin/channel/bean/message/product/SpuAuditMessage.java,class,SpuAuditMessage,message/product/spu_audit_message.rs
weixin-java-channel,me/chanjar/weixin/channel/bean/message/product/SpuStatusMessage.java,class,SpuStatusMessage,message/product/spu_status_message.rs
weixin-java-channel,me/chanjar/weixin/channel/bean/message/product/SpuStockMessage.java,class,SpuStockMessage,message/product/spu_stock_message.rs
weixin-java-channel,me/chanjar/weixin/channel/bean/message/sharer/SharerChangeMessage.java,class,SharerChangeMessage,message/sharer/sharer_change_message.rs
weixin-java-channel,me/chanjar/weixin/channel/bean/message/store/CloseStoreMessage.java,class,CloseStoreMessage,message/store/close_store_message.rs
weixin-java-channel,me/chanjar/weixin/channel/bean/message/store/NicknameUpdateMessage.java,class,NicknameUpdateMessage,message/store/nickname_update_message.rs
weixin-java-channel,me/chanjar/weixin/channel/bean/message/supplier/SupplierItemInfo.java,class,SupplierItemInfo,message/supplier/supplier_item_info.rs
weixin-java-channel,me/chanjar/weixin/channel/bean/message/supplier/SupplierItemMessage.java,class,SupplierItemMessage,message/supplier/supplier_item_message.rs
weixin-java-channel,me/chanjar/weixin/channel/bean/message/vip/CouponInfo.java,class,CouponInfo,message/vip/coupon_info.rs
weixin-java-channel,me/chanjar/weixin/channel/bean/message/vip/ExchangeInfo.java,class,ExchangeInfo,message/vip/exchange_info.rs
weixin-java-channel,me/chanjar/weixin/channel/bean/message/vip/ExchangeInfoMessage.java,class,ExchangeInfoMessage,message/vip/exchange_info_message.rs
weixin-java-channel,me/chanjar/weixin/channel/bean/message/vip/ProductInfo.java,class,ProductInfo,message/vip/product_info.rs
weixin-java-channel,me/chanjar/weixin/channel/bean/message/vip/UserInfo.java,class,UserInfo,message/vip/user_info.rs
weixin-java-channel,me/chanjar/weixin/channel/bean/message/vip/UserInfoMessage.java,class,UserInfoMessage,message/vip/user_info_message.rs
weixin-java-channel,me/chanjar/weixin/channel/bean/message/voucher/VoucherInfo.java,class,VoucherInfo,message/voucher/voucher_info.rs
weixin-java-channel,me/chanjar/weixin/channel/bean/message/voucher/VoucherMessage.java,class,VoucherMessage,message/voucher/voucher_message.rs
weixin-java-channel,me/chanjar/weixin/channel/bean/order/AfterSaleDetail.java,class,AfterSaleDetail,bean/order/after_sale_detail.rs
weixin-java-channel,me/chanjar/weixin/channel/bean/order/AfterSaleOrderInfo.java,class,AfterSaleOrderInfo,bean/order/after_sale_order_info.rs
weixin-java-channel,me/chanjar/weixin/channel/bean/order/ChangeOrderInfo.java,class,ChangeOrderInfo,bean/order/change_order_info.rs
weixin-java-channel,me/chanjar/weixin/channel/bean/order/ChangeSkuInfo.java,class,ChangeSkuInfo,bean/order/change_sku_info.rs
weixin-java-channel,me/chanjar/weixin/channel/bean/order/DecodeAddressInfo.java,class,DecodeAddressInfo,bean/order/decode_address_info.rs
weixin-java-channel,me/chanjar/weixin/channel/bean/order/DecodeSensitiveInfoResponse.java,class,DecodeSensitiveInfoResponse,bean/order/decode_sensitive_info_response.rs
weixin-java-channel,me/chanjar/weixin/channel/bean/order/DeliveryProductInfo.java,class,DeliveryProductInfo,bean/order/delivery_product_info.rs
weixin-java-channel,me/chanjar/weixin/channel/bean/order/DeliveryUpdateParam.java,class,DeliveryUpdateParam,bean/order/delivery_update_param.rs
weixin-java-channel,me/chanjar/weixin/channel/bean/order/DropshipInfo.java,class,DropshipInfo,bean/order/dropship_info.rs
weixin-java-channel,me/chanjar/weixin/channel/bean/order/FreeGiftInfo.java,class,FreeGiftInfo,bean/order/free_gift_info.rs
weixin-java-channel,me/chanjar/weixin/channel/bean/order/MainProductInfo.java,class,MainProductInfo,bean/order/main_product_info.rs
weixin-java-channel,me/chanjar/weixin/channel/bean/order/OrderAddressInfo.java,class,OrderAddressInfo,bean/order/order_address_info.rs
weixin-java-channel,me/chanjar/weixin/channel/bean/order/OrderAddressParam.java,class,OrderAddressParam,bean/order/order_address_param.rs
weixin-java-channel,me/chanjar/weixin/channel/bean/order/OrderAgentInfo.java,class,OrderAgentInfo,bean/order/order_agent_info.rs
weixin-java-channel,me/chanjar/weixin/channel/bean/order/OrderCommissionInfo.java,class,OrderCommissionInfo,bean/order/order_commission_info.rs
weixin-java-channel,me/chanjar/weixin/channel/bean/order/OrderCouponInfo.java,class,OrderCouponInfo,bean/order/order_coupon_info.rs
weixin-java-channel,me/chanjar/weixin/channel/bean/order/OrderCustomInfo.java,class,OrderCustomInfo,bean/order/order_custom_info.rs
weixin-java-channel,me/chanjar/weixin/channel/bean/order/OrderDeliveryInfo.java,class,OrderDeliveryInfo,bean/order/order_delivery_info.rs
weixin-java-channel,me/chanjar/weixin/channel/bean/order/OrderDetailInfo.java,class,OrderDetailInfo,bean/order/order_detail_info.rs
weixin-java-channel,me/chanjar/weixin/channel/bean/order/OrderExtInfo.java,class,OrderExtInfo,bean/order/order_ext_info.rs
weixin-java-channel,me/chanjar/weixin/channel/bean/order/OrderGreetingCardInfo.java,class,OrderGreetingCardInfo,bean/order/order_greeting_card_info.rs
weixin-java-channel,me/chanjar/weixin/channel/bean/order/OrderIdParam.java,class,OrderIdParam,bean/order/order_id_param.rs
weixin-java-channel,me/chanjar/weixin/channel/bean/order/OrderInfo.java,class,OrderInfo,bean/order/order_info.rs
weixin-java-channel,me/chanjar/weixin/channel/bean/order/OrderInfoParam.java,class,OrderInfoParam,bean/order/order_info_param.rs
weixin-java-channel,me/chanjar/weixin/channel/bean/order/OrderInfoResponse.java,class,OrderInfoResponse,bean/order/order_info_response.rs
weixin-java-channel,me/chanjar/weixin/channel/bean/order/OrderListParam.java,class,OrderListParam,bean/order/order_list_param.rs
weixin-java-channel,me/chanjar/weixin/channel/bean/order/OrderListResponse.java,class,OrderListResponse,bean/order/order_list_response.rs
weixin-java-channel,me/chanjar/weixin/channel/bean/order/OrderPayInfo.java,class,OrderPayInfo,bean/order/order_pay_info.rs
weixin-java-channel,me/chanjar/weixin/channel/bean/order/OrderPriceInfo.java,class,OrderPriceInfo,bean/order/order_price_info.rs
weixin-java-channel,me/chanjar/weixin/channel/bean/order/OrderPriceParam.java,class,OrderPriceParam,bean/order/order_price_param.rs
weixin-java-channel,me/chanjar/weixin/channel/bean/order/OrderProductExtraService.java,class,OrderProductExtraService,bean/order/order_product_extra_service.rs
weixin-java-channel,me/chanjar/weixin/channel/bean/order/OrderProductInfo.java,class,OrderProductInfo,bean/order/order_product_info.rs
weixin-java-channel,me/chanjar/weixin/channel/bean/order/OrderRefundInfo.java,class,OrderRefundInfo,bean/order/order_refund_info.rs
weixin-java-channel,me/chanjar/weixin/channel/bean/order/OrderRemarkParam.java,class,OrderRemarkParam,bean/order/order_remark_param.rs
weixin-java-channel,me/chanjar/weixin/channel/bean/order/OrderSearchCondition.java,class,OrderSearchCondition,bean/order/order_search_condition.rs
weixin-java-channel,me/chanjar/weixin/channel/bean/order/OrderSearchParam.java,class,OrderSearchParam,bean/order/order_search_param.rs
weixin-java-channel,me/chanjar/weixin/channel/bean/order/OrderSettleInfo.java,class,OrderSettleInfo,bean/order/order_settle_info.rs
weixin-java-channel,me/chanjar/weixin/channel/bean/order/OrderSharerInfo.java,class,OrderSharerInfo,bean/order/order_sharer_info.rs
weixin-java-channel,me/chanjar/weixin/channel/bean/order/OrderSkuDeliverInfo.java,class,OrderSkuDeliverInfo,bean/order/order_sku_deliver_info.rs
weixin-java-channel,me/chanjar/weixin/channel/bean/order/OrderSkuShareInfo.java,class,OrderSkuShareInfo,bean/order/order_sku_share_info.rs
weixin-java-channel,me/chanjar/weixin/channel/bean/order/OrderSourceInfo.java,class,OrderSourceInfo,bean/order/order_source_info.rs
weixin-java-channel,me/chanjar/weixin/channel/bean/order/QualityInsepctInfo.java,class,QualityInsepctInfo,bean/order/quality_insepct_info.rs
weixin-java-channel,me/chanjar/weixin/channel/bean/order/RechargeInfo.java,class,RechargeInfo,bean/order/recharge_info.rs
weixin-java-channel,me/chanjar/weixin/channel/bean/order/TelNumberExtInfo.java,class,TelNumberExtInfo,bean/order/tel_number_ext_info.rs
weixin-java-channel,me/chanjar/weixin/channel/bean/order/VirtualNumberInfo.java,class,VirtualNumberInfo,bean/order/virtual_number_info.rs
weixin-java-channel,me/chanjar/weixin/channel/bean/order/VirtualTelNumberResponse.java,class,VirtualTelNumberResponse,bean/order/virtual_tel_number_response.rs
weixin-java-channel,me/chanjar/weixin/channel/bean/product/AfterSaleInfo.java,class,AfterSaleInfo,bean/product/after_sale_info.rs
weixin-java-channel,me/chanjar/weixin/channel/bean/product/DescriptionInfo.java,class,DescriptionInfo,bean/product/description_info.rs
weixin-java-channel,me/chanjar/weixin/channel/bean/product/ExpressInfo.java,class,ExpressInfo,bean/product/express_info.rs
weixin-java-channel,me/chanjar/weixin/channel/bean/product/ExtraServiceInfo.java,class,ExtraServiceInfo,bean/product/extra_service_info.rs
weixin-java-channel,me/chanjar/weixin/channel/bean/product/LimitInfo.java,class,LimitInfo,bean/product/limit_info.rs
weixin-java-channel,me/chanjar/weixin/channel/bean/product/ProductQuaInfo.java,class,ProductQuaInfo,bean/product/product_qua_info.rs
weixin-java-channel,me/chanjar/weixin/channel/bean/product/ProductSaleLimitInfo.java,class,ProductSaleLimitInfo,bean/product/product_sale_limit_info.rs
weixin-java-channel,me/chanjar/weixin/channel/bean/product/SkuDeliverInfo.java,class,SkuDeliverInfo,bean/product/sku_deliver_info.rs
weixin-java-channel,me/chanjar/weixin/channel/bean/product/SkuFastInfo.java,class,SkuFastInfo,bean/product/sku_fast_info.rs
weixin-java-channel,me/chanjar/weixin/channel/bean/product/SkuInfo.java,class,SkuInfo,bean/product/sku_info.rs
weixin-java-channel,me/chanjar/weixin/channel/bean/product/SkuStockBatchList.java,class,SkuStockBatchList,bean/product/sku_stock_batch_list.rs
weixin-java-channel,me/chanjar/weixin/channel/bean/product/SkuStockBatchParam.java,class,SkuStockBatchParam,bean/product/sku_stock_batch_param.rs
weixin-java-channel,me/chanjar/weixin/channel/bean/product/SkuStockBatchResponse.java,class,SkuStockBatchResponse,bean/product/sku_stock_batch_response.rs
weixin-java-channel,me/chanjar/weixin/channel/bean/product/SkuStockInfo.java,class,SkuStockInfo,bean/product/sku_stock_info.rs
weixin-java-channel,me/chanjar/weixin/channel/bean/product/SkuStockParam.java,class,SkuStockParam,bean/product/sku_stock_param.rs
weixin-java-channel,me/chanjar/weixin/channel/bean/product/SkuStockResponse.java,class,SkuStockResponse,bean/product/sku_stock_response.rs
weixin-java-channel,me/chanjar/weixin/channel/bean/product/SpuCategory.java,class,SpuCategory,bean/product/spu_category.rs
weixin-java-channel,me/chanjar/weixin/channel/bean/product/SpuFastInfo.java,class,SpuFastInfo,bean/product/spu_fast_info.rs
weixin-java-channel,me/chanjar/weixin/channel/bean/product/SpuGetResponse.java,class,SpuGetResponse,bean/product/spu_get_response.rs
weixin-java-channel,me/chanjar/weixin/channel/bean/product/SpuInfo.java,class,SpuInfo,bean/product/spu_info.rs
weixin-java-channel,me/chanjar/weixin/channel/bean/product/SpuListParam.java,class,SpuListParam,bean/product/spu_list_param.rs
weixin-java-channel,me/chanjar/weixin/channel/bean/product/SpuListResponse.java,class,SpuListResponse,bean/product/spu_list_response.rs
weixin-java-channel,me/chanjar/weixin/channel/bean/product/SpuSimpleInfo.java,class,SpuSimpleInfo,bean/product/spu_simple_info.rs
weixin-java-channel,me/chanjar/weixin/channel/bean/product/SpuSizeChart.java,class,SpuSizeChart,bean/product/spu_size_chart.rs
weixin-java-channel,me/chanjar/weixin/channel/bean/product/SpuSizeChartItem.java,class,SpuSizeChartItem,bean/product/spu_size_chart_item.rs
weixin-java-channel,me/chanjar/weixin/channel/bean/product/SpuStockInfo.java,class,SpuStockInfo,bean/product/spu_stock_info.rs
weixin-java-channel,me/chanjar/weixin/channel/bean/product/SpuUpdateInfo.java,class,SpuUpdateInfo,bean/product/spu_update_info.rs
weixin-java-channel,me/chanjar/weixin/channel/bean/product/SpuUpdateResponse.java,class,SpuUpdateResponse,bean/product/spu_update_response.rs
weixin-java-channel,me/chanjar/weixin/channel/bean/product/TimingOnSaleInfo.java,class,TimingOnSaleInfo,bean/product/timing_on_sale_info.rs
weixin-java-channel,me/chanjar/weixin/channel/bean/product/WarehouseStockInfo.java,class,WarehouseStockInfo,bean/product/warehouse_stock_info.rs
weixin-java-channel,me/chanjar/weixin/channel/bean/product/link/ProductH5UrlResponse.java,class,ProductH5UrlResponse,product/link/product_h5_url_response.rs
weixin-java-channel,me/chanjar/weixin/channel/bean/product/link/ProductQrCodeResponse.java,class,ProductQrCodeResponse,product/link/product_qr_code_response.rs
weixin-java-channel,me/chanjar/weixin/channel/bean/product/link/ProductTagLinkResponse.java,class,ProductTagLinkResponse,product/link/product_tag_link_response.rs
weixin-java-channel,me/chanjar/weixin/channel/bean/sharer/FinderSceneInfo.java,class,FinderSceneInfo,bean/sharer/finder_scene_info.rs
weixin-java-channel,me/chanjar/weixin/channel/bean/sharer/SharerBindResponse.java,class,SharerBindResponse,bean/sharer/sharer_bind_response.rs
weixin-java-channel,me/chanjar/weixin/channel/bean/sharer/SharerInfo.java,class,SharerInfo,bean/sharer/sharer_info.rs
weixin-java-channel,me/chanjar/weixin/channel/bean/sharer/SharerInfoResponse.java,class,SharerInfoResponse,bean/sharer/sharer_info_response.rs
weixin-java-channel,me/chanjar/weixin/channel/bean/sharer/SharerListParam.java,class,SharerListParam,bean/sharer/sharer_list_param.rs
weixin-java-channel,me/chanjar/weixin/channel/bean/sharer/SharerOrder.java,class,SharerOrder,bean/sharer/sharer_order.rs
weixin-java-channel,me/chanjar/weixin/channel/bean/sharer/SharerOrderParam.java,class,SharerOrderParam,bean/sharer/sharer_order_param.rs
weixin-java-channel,me/chanjar/weixin/channel/bean/sharer/SharerOrderResponse.java,class,SharerOrderResponse,bean/sharer/sharer_order_response.rs
weixin-java-channel,me/chanjar/weixin/channel/bean/sharer/SharerSearchParam.java,class,SharerSearchParam,bean/sharer/sharer_search_param.rs
weixin-java-channel,me/chanjar/weixin/channel/bean/sharer/SharerSearchResponse.java,class,SharerSearchResponse,bean/sharer/sharer_search_response.rs
weixin-java-channel,me/chanjar/weixin/channel/bean/sharer/SharerUnbindParam.java,class,SharerUnbindParam,bean/sharer/sharer_unbind_param.rs
weixin-java-channel,me/chanjar/weixin/channel/bean/sharer/SharerUnbindResponse.java,class,SharerUnbindResponse,bean/sharer/sharer_unbind_response.rs
weixin-java-channel,me/chanjar/weixin/channel/bean/shop/ShopInfo.java,class,ShopInfo,bean/shop/shop_info.rs
weixin-java-channel,me/chanjar/weixin/channel/bean/shop/ShopInfoResponse.java,class,ShopInfoResponse,bean/shop/shop_info_response.rs
weixin-java-channel,me/chanjar/weixin/channel/bean/token/StableTokenParam.java,class,StableTokenParam,bean/token/stable_token_param.rs
weixin-java-channel,me/chanjar/weixin/channel/bean/vip/ScoreInfo.java,class,ScoreInfo,bean/vip/score_info.rs
weixin-java-channel,me/chanjar/weixin/channel/bean/vip/UserGradeInfo.java,class,UserGradeInfo,bean/vip/user_grade_info.rs
weixin-java-channel,me/chanjar/weixin/channel/bean/vip/UserInfo.java,class,UserInfo,bean/vip/user_info.rs
weixin-java-channel,me/chanjar/weixin/channel/bean/vip/VipGradeParam.java,class,VipGradeParam,bean/vip/vip_grade_param.rs
weixin-java-channel,me/chanjar/weixin/channel/bean/vip/VipInfo.java,class,VipInfo,bean/vip/vip_info.rs
weixin-java-channel,me/chanjar/weixin/channel/bean/vip/VipInfoParam.java,class,VipInfoParam,bean/vip/vip_info_param.rs
weixin-java-channel,me/chanjar/weixin/channel/bean/vip/VipInfoResponse.java,class,VipInfoResponse,bean/vip/vip_info_response.rs
weixin-java-channel,me/chanjar/weixin/channel/bean/vip/VipListParam.java,class,VipListParam,bean/vip/vip_list_param.rs
weixin-java-channel,me/chanjar/weixin/channel/bean/vip/VipListResponse.java,class,VipListResponse,bean/vip/vip_list_response.rs
weixin-java-channel,me/chanjar/weixin/channel/bean/vip/VipOpenIdParam.java,class,VipOpenIdParam,bean/vip/vip_open_id_param.rs
weixin-java-channel,me/chanjar/weixin/channel/bean/vip/VipScoreParam.java,class,VipScoreParam,bean/vip/vip_score_param.rs
weixin-java-channel,me/chanjar/weixin/channel/bean/vip/VipScoreResponse.java,class,VipScoreResponse,bean/vip/vip_score_response.rs
weixin-java-channel,me/chanjar/weixin/channel/bean/warehouse/LocationPriorityResponse.java,class,LocationPriorityResponse,bean/warehouse/location_priority_response.rs
weixin-java-channel,me/chanjar/weixin/channel/bean/warehouse/PriorityLocationParam.java,class,PriorityLocationParam,bean/warehouse/priority_location_param.rs
weixin-java-channel,me/chanjar/weixin/channel/bean/warehouse/StockGetParam.java,class,StockGetParam,bean/warehouse/stock_get_param.rs
weixin-java-channel,me/chanjar/weixin/channel/bean/warehouse/UpdateLocationParam.java,class,UpdateLocationParam,bean/warehouse/update_location_param.rs
weixin-java-channel,me/chanjar/weixin/channel/bean/warehouse/Warehouse.java,class,Warehouse,bean/warehouse/warehouse.rs
weixin-java-channel,me/chanjar/weixin/channel/bean/warehouse/WarehouseIdsResponse.java,class,WarehouseIdsResponse,bean/warehouse/warehouse_ids_response.rs
weixin-java-channel,me/chanjar/weixin/channel/bean/warehouse/WarehouseLocation.java,class,WarehouseLocation,bean/warehouse/warehouse_location.rs
weixin-java-channel,me/chanjar/weixin/channel/bean/warehouse/WarehouseLocationParam.java,class,WarehouseLocationParam,bean/warehouse/warehouse_location_param.rs
weixin-java-channel,me/chanjar/weixin/channel/bean/warehouse/WarehouseParam.java,class,WarehouseParam,bean/warehouse/warehouse_param.rs
weixin-java-channel,me/chanjar/weixin/channel/bean/warehouse/WarehouseResponse.java,class,WarehouseResponse,bean/warehouse/warehouse_response.rs
weixin-java-channel,me/chanjar/weixin/channel/bean/warehouse/WarehouseStockParam.java,class,WarehouseStockParam,bean/warehouse/warehouse_stock_param.rs
weixin-java-channel,me/chanjar/weixin/channel/bean/warehouse/WarehouseStockResponse.java,class,WarehouseStockResponse,bean/warehouse/warehouse_stock_response.rs
weixin-java-channel,me/chanjar/weixin/channel/bean/window/request/AddWindowProductRequest.java,class,AddWindowProductRequest,window/request/add_window_product_request.rs
weixin-java-channel,me/chanjar/weixin/channel/bean/window/request/GetWindowProductListRequest.java,class,GetWindowProductListRequest,window/request/get_window_product_list_request.rs
weixin-java-channel,me/chanjar/weixin/channel/bean/window/request/WindowProductRequest.java,class,WindowProductRequest,window/request/window_product_request.rs
weixin-java-channel,me/chanjar/weixin/channel/bean/window/response/GetWindowProductListResponse.java,class,GetWindowProductListResponse,window/response/get_window_product_list_response.rs
weixin-java-channel,me/chanjar/weixin/channel/bean/window/response/GetWindowProductResponse.java,class,GetWindowProductResponse,window/response/get_window_product_response.rs
weixin-java-channel,me/chanjar/weixin/channel/common/ChannelWxError.java,class,ChannelWxError,common/channel_wx_error.rs
weixin-java-channel,me/chanjar/weixin/channel/config/WxChannelConfig.java,interface,WxChannelConfig,config/wx_channel_config.rs
weixin-java-channel,me/chanjar/weixin/channel/config/impl/WxChannelDefaultConfigImpl.java,class,WxChannelDefaultConfigImpl,config/impl/wx_channel_default_config_impl.rs
weixin-java-channel,me/chanjar/weixin/channel/config/impl/WxChannelRedisConfigImpl.java,class,WxChannelRedisConfigImpl,config/impl/wx_channel_redis_config_impl.rs
weixin-java-channel,me/chanjar/weixin/channel/config/impl/WxChannelRedissonConfigImpl.java,class,WxChannelRedissonConfigImpl,config/impl/wx_channel_redisson_config_impl.rs
weixin-java-channel,me/chanjar/weixin/channel/constant/MessageEventConstants.java,interface,MessageEventConstants,constant/message_event_constants.rs
weixin-java-channel,me/chanjar/weixin/channel/constant/WxChannelApiUrlConstants.java,class,WxChannelApiUrlConstants,constant/wx_channel_api_url_constants.rs
weixin-java-channel,me/chanjar/weixin/channel/enums/AccountType.java,enum,AccountType,enums/account_type.rs
weixin-java-channel,me/chanjar/weixin/channel/enums/AfterSaleStatus.java,enum,AfterSaleStatus,enums/after_sale_status.rs
weixin-java-channel,me/chanjar/weixin/channel/enums/AfterSaleType.java,enum,AfterSaleType,enums/after_sale_type.rs
weixin-java-channel,me/chanjar/weixin/channel/enums/AfterSalesReason.java,enum,AfterSalesReason,enums/after_sales_reason.rs
weixin-java-channel,me/chanjar/weixin/channel/enums/BannerType.java,enum,BannerType,enums/banner_type.rs
weixin-java-channel,me/chanjar/weixin/channel/enums/CommissionOrderStatus.java,enum,CommissionOrderStatus,enums/commission_order_status.rs
weixin-java-channel,me/chanjar/weixin/channel/enums/ComplaintItemType.java,enum,ComplaintItemType,enums/complaint_item_type.rs
weixin-java-channel,me/chanjar/weixin/channel/enums/ComplaintStatus.java,enum,ComplaintStatus,enums/complaint_status.rs
weixin-java-channel,me/chanjar/weixin/channel/enums/CouponType.java,enum,CouponType,enums/coupon_type.rs
weixin-java-channel,me/chanjar/weixin/channel/enums/CouponValidType.java,enum,CouponValidType,enums/coupon_valid_type.rs
weixin-java-channel,me/chanjar/weixin/channel/enums/DeliveryType.java,enum,DeliveryType,enums/delivery_type.rs
weixin-java-channel,me/chanjar/weixin/channel/enums/DimensionType.java,enum,DimensionType,enums/dimension_type.rs
weixin-java-channel,me/chanjar/weixin/channel/enums/EcProfileDataNodeKey.java,enum,EcProfileDataNodeKey,enums/ec_profile_data_node_key.rs
weixin-java-channel,me/chanjar/weixin/channel/enums/FundsType.java,enum,FundsType,enums/funds_type.rs
weixin-java-channel,me/chanjar/weixin/channel/enums/LiveDistributionFlowType.java,enum,LiveDistributionFlowType,enums/live_distribution_flow_type.rs
weixin-java-channel,me/chanjar/weixin/channel/enums/LiveDistributionSceneType.java,enum,LiveDistributionSceneType,enums/live_distribution_scene_type.rs
weixin-java-channel,me/chanjar/weixin/channel/enums/MessageType.java,enum,MessageType,enums/message_type.rs
weixin-java-channel,me/chanjar/weixin/channel/enums/OrderScene.java,enum,OrderScene,enums/order_scene.rs
weixin-java-channel,me/chanjar/weixin/channel/enums/PackageAuditItemType.java,enum,PackageAuditItemType,enums/package_audit_item_type.rs
weixin-java-channel,me/chanjar/weixin/channel/enums/PromoteType.java,enum,PromoteType,enums/promote_type.rs
weixin-java-channel,me/chanjar/weixin/channel/enums/QrCheckStatus.java,enum,QrCheckStatus,enums/qr_check_status.rs
weixin-java-channel,me/chanjar/weixin/channel/enums/RefundReason.java,enum,RefundReason,enums/refund_reason.rs
weixin-java-channel,me/chanjar/weixin/channel/enums/SaleProfileUserType.java,enum,SaleProfileUserType,enums/sale_profile_user_type.rs
weixin-java-channel,me/chanjar/weixin/channel/enums/SendTime.java,enum,SendTime,enums/send_time.rs
weixin-java-channel,me/chanjar/weixin/channel/enums/ShareScene.java,enum,ShareScene,enums/share_scene.rs
weixin-java-channel,me/chanjar/weixin/channel/enums/SharerType.java,enum,SharerType,enums/sharer_type.rs
weixin-java-channel,me/chanjar/weixin/channel/enums/SpuEditStatus.java,enum,SpuEditStatus,enums/spu_edit_status.rs
weixin-java-channel,me/chanjar/weixin/channel/enums/SpuStatus.java,enum,SpuStatus,enums/spu_status.rs
weixin-java-channel,me/chanjar/weixin/channel/enums/UserCouponStatus.java,enum,UserCouponStatus,enums/user_coupon_status.rs
weixin-java-channel,me/chanjar/weixin/channel/enums/WithdrawStatus.java,enum,WithdrawStatus,enums/withdraw_status.rs
weixin-java-channel,me/chanjar/weixin/channel/enums/WxChannelErrorMsgEnum.java,enum,WxChannelErrorMsgEnum,enums/wx_channel_error_msg_enum.rs
weixin-java-channel,me/chanjar/weixin/channel/enums/WxCouponStatus.java,enum,WxCouponStatus,enums/wx_coupon_status.rs
weixin-java-channel,me/chanjar/weixin/channel/enums/WxOrderStatus.java,enum,WxOrderStatus,enums/wx_order_status.rs
weixin-java-channel,me/chanjar/weixin/channel/executor/ApacheHttpChannelFileUploadRequestExecutor.java,class,ApacheHttpChannelFileUploadRequestExecutor,executor/apache_http_channel_file_upload_request_executor.rs
weixin-java-channel,me/chanjar/weixin/channel/executor/ApacheHttpChannelMediaDownloadRequestExecutor.java,class,ApacheHttpChannelMediaDownloadRequestExecutor,executor/apache_http_channel_media_download_request_executor.rs
weixin-java-channel,me/chanjar/weixin/channel/executor/ChannelFileUploadRequestExecutor.java,class,ChannelFileUploadRequestExecutor,executor/channel_file_upload_request_executor.rs
weixin-java-channel,me/chanjar/weixin/channel/executor/ChannelMediaDownloadRequestExecutor.java,class,ChannelMediaDownloadRequestExecutor,executor/channel_media_download_request_executor.rs
weixin-java-channel,me/chanjar/weixin/channel/executor/HttpComponentsChannelFileUploadRequestExecutor.java,class,HttpComponentsChannelFileUploadRequestExecutor,executor/http_components_channel_file_upload_request_executor.rs
weixin-java-channel,me/chanjar/weixin/channel/executor/HttpComponentsChannelMediaDownloadRequestExecutor.java,class,HttpComponentsChannelMediaDownloadRequestExecutor,executor/http_components_channel_media_download_request_executor.rs
weixin-java-channel,me/chanjar/weixin/channel/message/WxChannelMessage.java,class,WxChannelMessage,message/wx_channel_message.rs
weixin-java-channel,me/chanjar/weixin/channel/message/WxChannelMessageRouter.java,class,WxChannelMessageRouter,message/wx_channel_message_router.rs
weixin-java-channel,me/chanjar/weixin/channel/message/WxChannelMessageRouterRule.java,class,WxChannelMessageRouterRule,message/wx_channel_message_router_rule.rs
weixin-java-channel,me/chanjar/weixin/channel/message/rule/HandlerConsumer.java,interface,HandlerConsumer,message/rule/handler_consumer.rs
weixin-java-channel,me/chanjar/weixin/channel/message/rule/WxChannelMessageHandler.java,interface,WxChannelMessageHandler,message/rule/wx_channel_message_handler.rs
weixin-java-channel,me/chanjar/weixin/channel/message/rule/WxChannelMessageInterceptor.java,interface,WxChannelMessageInterceptor,message/rule/wx_channel_message_interceptor.rs
weixin-java-channel,me/chanjar/weixin/channel/message/rule/WxChannelMessageMatcher.java,interface,WxChannelMessageMatcher,message/rule/wx_channel_message_matcher.rs
weixin-java-channel,me/chanjar/weixin/channel/util/JsonUtils.java,class,JsonUtils,util/json_utils.rs
weixin-java-channel,me/chanjar/weixin/channel/util/ResponseUtils.java,class,ResponseUtils,util/response_utils.rs
weixin-java-channel,me/chanjar/weixin/channel/util/WxChCryptUtils.java,class,WxChCryptUtils,util/wx_ch_crypt_utils.rs
weixin-java-channel,me/chanjar/weixin/channel/util/XmlUtils.java,class,XmlUtils,util/xml_utils.rs
weixin-java-aispeech,me/chanjar/weixin/aispeech/api/WxAispeechDialogService.java,interface,WxAispeechDialogService,api/wx_aispeech_dialog_service.rs
weixin-java-aispeech,me/chanjar/weixin/aispeech/api/WxAispeechKnowledgeService.java,interface,WxAispeechKnowledgeService,api/wx_aispeech_knowledge_service.rs
weixin-java-aispeech,me/chanjar/weixin/aispeech/api/WxAispeechService.java,interface,WxAispeechService,api/wx_aispeech_service.rs
weixin-java-aispeech,me/chanjar/weixin/aispeech/api/impl/WxAispeechDialogServiceImpl.java,class,WxAispeechDialogServiceImpl,api/impl/wx_aispeech_dialog_service_impl.rs
weixin-java-aispeech,me/chanjar/weixin/aispeech/api/impl/WxAispeechKnowledgeServiceImpl.java,class,WxAispeechKnowledgeServiceImpl,api/impl/wx_aispeech_knowledge_service_impl.rs
weixin-java-aispeech,me/chanjar/weixin/aispeech/api/impl/WxAispeechServiceHttpClientImpl.java,class,WxAispeechServiceHttpClientImpl,api/impl/wx_aispeech_service_http_client_impl.rs
weixin-java-aispeech,me/chanjar/weixin/aispeech/api/impl/WxAispeechServiceHttpComponentsImpl.java,class,WxAispeechServiceHttpComponentsImpl,api/impl/wx_aispeech_service_http_components_impl.rs
weixin-java-aispeech,me/chanjar/weixin/aispeech/api/impl/WxAispeechServiceImpl.java,class,WxAispeechServiceImpl,api/impl/wx_aispeech_service_impl.rs
weixin-java-aispeech,me/chanjar/weixin/aispeech/bean/dialog/AispeechApiResponse.java,class,AispeechApiResponse,bean/dialog/aispeech_api_response.rs
weixin-java-aispeech,me/chanjar/weixin/aispeech/bean/dialog/AsyncTaskResult.java,class,AsyncTaskResult,bean/dialog/async_task_result.rs
weixin-java-aispeech,me/chanjar/weixin/aispeech/bean/dialog/BotIntent.java,class,BotIntent,bean/dialog/bot_intent.rs
weixin-java-aispeech,me/chanjar/weixin/aispeech/bean/dialog/DialogQueryRequest.java,class,DialogQueryRequest,bean/dialog/dialog_query_request.rs
weixin-java-aispeech,me/chanjar/weixin/aispeech/bean/dialog/DialogResult.java,class,DialogResult,bean/dialog/dialog_result.rs
weixin-java-aispeech,me/chanjar/weixin/aispeech/bean/dialog/PublishProgress.java,class,PublishProgress,bean/dialog/publish_progress.rs
weixin-java-aispeech,me/chanjar/weixin/aispeech/bean/knowledge/KnowledgeInfo.java,class,KnowledgeInfo,bean/knowledge/knowledge_info.rs
weixin-java-aispeech,me/chanjar/weixin/aispeech/bean/knowledge/KnowledgeListResult.java,class,KnowledgeListResult,bean/knowledge/knowledge_list_result.rs
weixin-java-aispeech,me/chanjar/weixin/aispeech/bean/knowledge/KnowledgeManualCreateRequest.java,class,KnowledgeManualCreateRequest,bean/knowledge/knowledge_manual_create_request.rs
weixin-java-aispeech,me/chanjar/weixin/aispeech/bean/knowledge/KnowledgeMoveProgress.java,class,KnowledgeMoveProgress,bean/knowledge/knowledge_move_progress.rs
weixin-java-aispeech,me/chanjar/weixin/aispeech/bean/knowledge/KnowledgeMoveRequest.java,class,KnowledgeMoveRequest,bean/knowledge/knowledge_move_request.rs
weixin-java-aispeech,me/chanjar/weixin/aispeech/bean/knowledge/KnowledgeTagRequest.java,class,KnowledgeTagRequest,bean/knowledge/knowledge_tag_request.rs
weixin-java-aispeech,me/chanjar/weixin/aispeech/bean/knowledge/KnowledgeUpdateRequest.java,class,KnowledgeUpdateRequest,bean/knowledge/knowledge_update_request.rs
weixin-java-aispeech,me/chanjar/weixin/aispeech/bean/knowledge/KnowledgeUrlCreateRequest.java,class,KnowledgeUrlCreateRequest,bean/knowledge/knowledge_url_create_request.rs
weixin-java-aispeech,me/chanjar/weixin/aispeech/config/WxAispeechConfigStorage.java,interface,WxAispeechConfigStorage,config/wx_aispeech_config_storage.rs
weixin-java-aispeech,me/chanjar/weixin/aispeech/config/impl/WxAispeechDefaultConfigImpl.java,class,WxAispeechDefaultConfigImpl,config/impl/wx_aispeech_default_config_impl.rs
weixin-java-aispeech,me/chanjar/weixin/aispeech/util/WxAispeechSignUtil.java,class,WxAispeechSignUtil,util/wx_aispeech_sign_util.rs
weixin-java-qidian,me/chanjar/weixin/qidian/api/WxQidianCallDataService.java,interface,WxQidianCallDataService,api/wx_qidian_call_data_service.rs
weixin-java-qidian,me/chanjar/weixin/qidian/api/WxQidianDialService.java,interface,WxQidianDialService,api/wx_qidian_dial_service.rs
weixin-java-qidian,me/chanjar/weixin/qidian/api/WxQidianService.java,interface,WxQidianService,api/wx_qidian_service.rs
weixin-java-qidian,me/chanjar/weixin/qidian/api/impl/BaseWxQidianServiceImpl.java,class,BaseWxQidianServiceImpl,api/impl/base_wx_qidian_service_impl.rs
weixin-java-qidian,me/chanjar/weixin/qidian/api/impl/WxQidianCallDataServiceImpl.java,class,WxQidianCallDataServiceImpl,api/impl/wx_qidian_call_data_service_impl.rs
weixin-java-qidian,me/chanjar/weixin/qidian/api/impl/WxQidianDialServiceImpl.java,class,WxQidianDialServiceImpl,api/impl/wx_qidian_dial_service_impl.rs
weixin-java-qidian,me/chanjar/weixin/qidian/api/impl/WxQidianServiceHttpClientImpl.java,class,WxQidianServiceHttpClientImpl,api/impl/wx_qidian_service_http_client_impl.rs
weixin-java-qidian,me/chanjar/weixin/qidian/api/impl/WxQidianServiceHttpComponentsImpl.java,class,WxQidianServiceHttpComponentsImpl,api/impl/wx_qidian_service_http_components_impl.rs
weixin-java-qidian,me/chanjar/weixin/qidian/api/impl/WxQidianServiceImpl.java,class,WxQidianServiceImpl,api/impl/wx_qidian_service_impl.rs
weixin-java-qidian,me/chanjar/weixin/qidian/api/impl/WxQidianServiceJoddHttpImpl.java,class,WxQidianServiceJoddHttpImpl,api/impl/wx_qidian_service_jodd_http_impl.rs
weixin-java-qidian,me/chanjar/weixin/qidian/api/impl/WxQidianServiceOkHttpImpl.java,class,WxQidianServiceOkHttpImpl,api/impl/wx_qidian_service_ok_http_impl.rs
weixin-java-qidian,me/chanjar/weixin/qidian/bean/WxQidianHostConfig.java,class,WxQidianHostConfig,bean/wx_qidian_host_config.rs
weixin-java-qidian,me/chanjar/weixin/qidian/bean/call/GetSwitchBoardListResponse.java,class,GetSwitchBoardListResponse,bean/call/get_switch_board_list_response.rs
weixin-java-qidian,me/chanjar/weixin/qidian/bean/call/SwitchBoard.java,class,SwitchBoard,bean/call/switch_board.rs
weixin-java-qidian,me/chanjar/weixin/qidian/bean/call/SwitchBoardList.java,class,SwitchBoardList,bean/call/switch_board_list.rs
weixin-java-qidian,me/chanjar/weixin/qidian/bean/common/QidianResponse.java,class,QidianResponse,bean/common/qidian_response.rs
weixin-java-qidian,me/chanjar/weixin/qidian/bean/dial/IVRDialRequest.java,class,IVRDialRequest,bean/dial/ivr_dial_request.rs
weixin-java-qidian,me/chanjar/weixin/qidian/bean/dial/IVRDialResponse.java,class,IVRDialResponse,bean/dial/ivr_dial_response.rs
weixin-java-qidian,me/chanjar/weixin/qidian/bean/dial/IVRListResponse.java,class,IVRListResponse,bean/dial/ivr_list_response.rs
weixin-java-qidian,me/chanjar/weixin/qidian/bean/dial/Ivr.java,class,Ivr,bean/dial/ivr.rs
weixin-java-qidian,me/chanjar/weixin/qidian/config/WxQidianConfigStorage.java,interface,WxQidianConfigStorage,config/wx_qidian_config_storage.rs
weixin-java-qidian,me/chanjar/weixin/qidian/config/impl/WxQidianDefaultConfigImpl.java,class,WxQidianDefaultConfigImpl,config/impl/wx_qidian_default_config_impl.rs
weixin-java-qidian,me/chanjar/weixin/qidian/config/impl/WxQidianRedisConfigImpl.java,class,WxQidianRedisConfigImpl,config/impl/wx_qidian_redis_config_impl.rs
weixin-java-qidian,me/chanjar/weixin/qidian/config/impl/WxQidianRedissonConfigImpl.java,class,WxQidianRedissonConfigImpl,config/impl/wx_qidian_redisson_config_impl.rs
weixin-java-qidian,me/chanjar/weixin/qidian/enums/WxQidianApiUrl.java,interface,WxQidianApiUrl,enums/wx_qidian_api_url.rs
weixin-java-qidian,me/chanjar/weixin/qidian/util/WxQidianConfigStorageHolder.java,class,WxQidianConfigStorageHolder,util/wx_qidian_config_storage_holder.rs
weixin-java-qidian,me/chanjar/weixin/qidian/util/json/WxQidianGsonBuilder.java,class,WxQidianGsonBuilder,util/json/wx_qidian_gson_builder.rs
